Date,BDI,BCI,BPI,BSI,Brent,USD_INR,Coal,Iron_Ore
2012-08-01,878.0,1181.0,954.0,1023.0,106.78,55.47,91.0,107.5
2012-08-02,861.0,1178.0,931.0,1010.0,107.55,55.84,91.0,107.5
2012-08-03,852.0,1200.0,910.0,995.0,109.57,55.75,91.0,107.5
2012-08-06,843.0,1214.0,890.0,982.0,110.01,55.52,91.0,107.5
2012-08-07,836.0,1237.0,868.0,966.0,112.39,55.06,91.0,107.5
2012-08-08,812.0,1204.0,840.0,946.0,113.42,55.28,91.0,107.5
2012-08-09,790.0,1192.0,823.0,906.0,113.52,55.17,91.0,107.5
2012-08-10,774.0,1169.0,814.0,886.0,113.13,55.18,91.0,107.5
2012-08-13,764.0,1158.0,804.0,877.0,114.48,55.34,91.0,107.5
2012-08-14,750.0,1147.0,803.0,865.0,113.9,55.66,91.0,107.5
2012-08-15,728.0,1120.0,801.0,856.0,115.51,55.66,91.0,107.5
2012-08-16,720.0,1105.0,801.0,847.0,116.12,55.62,91.0,107.5
2012-08-17,714.0,1095.0,806.0,841.0,115.2,55.62,91.0,107.5
2012-08-20,711.0,1087.0,819.0,838.0,115.5,55.5,91.0,107.5
2012-08-21,709.0,1082.0,833.0,833.0,116.03,55.46,91.0,107.5
2012-08-22,712.0,1091.0,843.0,833.0,115.77,55.5,91.0,107.5
2012-08-23,715.0,1103.0,840.0,845.0,117.45,55.14,91.0,107.5
2012-08-24,717.0,1124.0,828.0,853.0,115.76,55.41,91.0,107.5
2012-08-27,717.0,1167.5,816.0,856.0,113.74,55.68,91.0,107.5
2012-08-28,724.0,1182.0,812.0,857.0,112.62,55.65,91.0,107.5
2012-08-29,718.0,1177.0,788.0,858.0,112.53,55.69,91.0,107.5
2012-08-30,707.0,1169.0,758.0,855.0,112.28,55.63,91.0,107.5
2012-08-31,703.0,1172.0,735.0,857.0,113.93,55.52,91.0,107.5
2012-09-03,698.0,1180.0,714.0,852.0,114.7175,55.5875,89.0,99.5
2012-09-04,693.0,1186.0,686.0,849.0,114.98,55.61,89.0,99.5
2012-09-05,684.0,1188.0,647.0,845.0,113.32,55.88,89.0,99.5
2012-09-06,675.0,1186.0,617.0,837.0,114.5,55.64,89.0,99.5
2012-09-07,669.0,1186.0,599.0,832.0,113.64,55.27,89.0,99.5
2012-09-10,666.0,1188.0,582.0,827.0,113.84,55.44,89.0,99.5
2012-09-11,662.0,1187.0,566.0,821.0,114.86,55.25,89.0,99.5
2012-09-12,661.0,1186.0,545.0,825.0,114.86,55.21,89.0,99.5
2012-09-13,663.0,1198.0,527.0,828.0,116.0,55.34,89.0,99.5
2012-09-14,662.0,1204.0,502.0,834.0,117.48,53.3,89.0,99.5
2012-09-17,663.0,1219.0,483.0,839.0,116.7,53.88,89.0,99.5
2012-09-18,697.0,1326.0,474.0,843.0,113.29,53.9,89.0,99.5
2012-09-19,722.0,1421.0,468.0,845.0,108.49,53.99,89.0,99.5
2012-09-20,755.0,1531.0,468.0,850.0,109.41,54.26,89.0,99.5
2012-09-21,774.0,1584.0,467.0,847.0,111.27,53.46,89.0,99.5
2012-09-24,772.0,1578.0,461.0,847.0,109.2,53.43,89.0,99.5
2012-09-25,763.0,1568.0,441.0,847.0,110.77,53.36,89.0,99.5
2012-09-26,752.0,1549.0,426.0,844.0,108.99,53.52,89.0,99.5
2012-09-27,744.0,1548.0,418.0,836.0,111.45,52.99,89.0,99.5
2012-09-28,766.0,1621.0,425.0,830.0,111.36,52.92,89.0,99.5
2012-10-01,777.0,1660.0,439.0,825.0,112.58,52.46,81.9,114.0
2012-10-02,778.0,1676.0,463.0,818.0,112.49,52.42,81.9,114.0
2012-10-03,798.0,1738.0,496.0,810.0,109.32,52.25,81.9,114.0
2012-10-04,845.0,1873.0,544.0,802.0,110.48,51.74,81.9,114.0
2012-10-05,875.0,1932.0,598.0,795.0,112.17,51.77,81.9,114.0
2012-10-08,883.0,1921.0,647.0,791.0,112.6,52.489999999999995,81.9,114.0
2012-10-09,875.0,1829.0,712.0,789.0,114.32,52.73,81.9,114.0
2012-10-10,875.0,1775.0,784.0,787.0,116.11,53.05,81.9,114.0
2012-10-11,903.0,1833.0,843.0,783.0,116.18,52.66,81.9,114.0
2012-10-12,926.0,1914.0,871.0,776.0,115.17,52.81,81.9,114.0
2012-10-15,941.0,1960.0,885.0,768.0,115.0,53.09,81.9,114.0
2012-10-16,981.0,2103.0,904.0,754.0,115.0,52.89,81.9,114.0
2012-10-17,999.0,2162.0,904.0,746.0,113.49,52.86,81.9,114.0
2012-10-18,989.0,2135.0,895.0,740.0,112.58,53.46,81.9,114.0
2012-10-19,1010.0,2217.0,879.0,732.0,111.89,54.08,81.9,114.0
2012-10-22,1037.0,2332.0,861.0,721.0,109.62,53.51,81.9,114.0
2012-10-23,1109.0,2587.0,843.0,716.0,107.53,53.72,81.9,114.0
2012-10-24,1088.0,2530.0,825.0,712.0,107.66,53.73,81.9,114.0
2012-10-25,1051.0,2432.0,811.0,706.0,107.64,53.55,81.9,114.0
2012-10-26,1049.0,2451.0,804.0,699.0,108.9,53.55,81.9,114.0
2012-10-29,1048.0,2460.0,799.0,693.0,109.33,54.1,81.9,114.0
2012-10-30,1043.0,2458.0,792.0,689.0,109.4,53.96,81.9,114.0
2012-10-31,1026.0,2419.0,782.0,678.0,109.89,53.8,81.9,114.0
2012-11-01,1000.0,2355.0,770.0,671.0,108.84,53.76,85.9,120.4
2012-11-02,986.0,2304.0,766.0,669.0,106.79,53.75,85.9,120.4
2012-11-05,971.0,2261.0,757.0,662.0,105.59,54.6,85.9,120.4
2012-11-06,947.0,2186.0,747.0,654.0,109.27,54.42,85.9,120.4
2012-11-07,916.0,2098.0,737.0,647.0,108.21,54.37,85.9,120.4
2012-11-08,916.0,2119.0,726.0,644.0,107.23,54.3,85.9,120.4
2012-11-09,940.0,2203.0,722.0,649.0,108.61,54.61,85.9,120.4
2012-11-12,965.0,2283.0,720.0,652.0,110.23,54.7675,85.9,120.4
2012-11-13,985.0,2327.0,732.0,653.0,108.82,54.82,85.9,120.4
2012-11-14,1011.0,2375.0,774.0,655.0,109.66,54.87,85.9,120.4
2012-11-15,1024.0,2350.0,846.0,664.0,110.07,54.65,85.9,120.4
2012-11-16,1036.0,2347.0,886.0,674.0,106.81,55.16,85.9,120.4
2012-11-19,1054.0,2369.0,902.0,687.0,110.06,55.05,85.9,120.4
2012-11-20,1066.0,2367.0,933.0,695.0,110.01,55.1,85.9,120.4
2012-11-21,1073.0,2335.0,963.0,706.0,110.81,55.14,85.9,120.4
2012-11-22,1084.0,2318.0,991.0,716.0,110.475,55.29,85.9,120.4
2012-11-23,1090.0,2288.0,1013.0,724.0,110.14,55.44,85.9,120.4
2012-11-26,1094.0,2277.0,1021.0,732.0,110.18,55.63,85.9,120.4
2012-11-27,1097.0,2275.0,1023.0,742.0,109.33,55.35,85.9,120.4
2012-11-28,1104.0,2275.0,1009.0,751.0,108.26,55.7,85.9,120.4
2012-11-29,1097.0,2241.0,994.0,760.0,110.47,54.71,85.9,120.4
2012-11-30,1086.0,2199.0,980.0,766.0,110.84,54.26,85.9,120.4
2012-12-03,1077.0,2166.0,973.0,772.0,111.27,54.66,92.9,128.5
2012-12-04,1054.0,2095.0,962.0,771.0,109.99,54.73,92.9,128.5
2012-12-05,1022.0,2000.0,949.0,768.0,108.96,54.46,92.9,128.5
2012-12-06,990.0,1897.0,940.0,765.0,108.01,54.31,92.9,128.5
2012-12-07,966.0,1832.0,936.0,760.0,107.16,54.35,92.9,128.5
2012-12-10,937.0,1762.0,928.0,751.0,108.25,54.42,92.9,128.5
2012-12-11,900.0,1652.0,914.0,751.0,107.6,54.31,92.9,128.5
2012-12-12,826.0,1446.0,894.0,748.0,110.17,54.23,92.9,128.5
2012-12-13,799.0,1407.0,871.0,746.0,110.18,54.36,92.9,128.5
2012-12-14,784.0,1440.0,839.0,745.0,109.28,54.49,92.9,128.5
2012-12-17,766.0,1403.0,815.0,742.0,109.35,54.68,92.9,128.5
2012-12-18,743.0,1315.0,793.0,738.0,109.96,54.91,92.9,128.5
2012-12-19,720.0,1233.0,765.0,738.0,109.95,54.67,92.9,128.5
2012-12-20,708.0,1226.0,734.0,735.0,110.57,54.92,92.9,128.5
2012-12-21,700.0,1228.0,710.0,732.0,109.13,55.06,92.9,128.5
2012-12-24,699.0,1235.0,699.0,733.25,108.44,54.95,92.9,128.5
2012-12-26,698.7777777777778,1235.4444444444443,695.8888888888889,734.0833333333334,110.72,54.86,92.9,128.5
2012-12-27,698.6666666666666,1235.6666666666667,694.3333333333334,734.5,110.04,54.94,92.9,128.5
2012-12-28,698.5555555555555,1235.888888888889,692.7777777777778,734.9166666666666,110.05,54.77,92.9,128.5
2012-12-31,698.2222222222222,1236.5555555555557,688.1111111111111,736.1666666666666,110.8,54.86,92.9,128.5
2013-01-02,698.0,1237.0,685.0,737.0,112.98,54.23,92.8,150.5
2013-01-03,700.0,1254.0,675.0,739.0,113.03,54.46,92.8,150.5
2013-01-04,706.0,1285.0,670.0,739.0,112.58,54.93,92.8,150.5
2013-01-07,712.0,1319.0,670.0,739.0,112.49,55.2,92.8,150.5
2013-01-08,734.0,1386.0,682.0,740.0,113.03,55.02,92.8,150.5
2013-01-09,743.0,1384.0,717.0,741.0,113.07,54.79,92.8,150.5
2013-01-10,751.0,1367.0,754.0,743.0,112.97,54.49,92.8,150.5
2013-01-11,760.0,1367.0,772.0,745.0,110.3,54.81,92.8,150.5
2013-01-14,762.0,1370.0,774.0,743.0,111.32,54.5,92.8,150.5
2013-01-15,765.0,1365.0,768.0,740.0,111.72,54.58,92.8,150.5
2013-01-16,781.0,1431.0,754.0,738.0,110.97,54.66,92.8,150.5
2013-01-17,820.0,1573.0,743.0,735.0,111.01,54.35,92.8,150.5
2013-01-18,837.0,1605.0,740.0,730.0,111.71,53.82,92.8,150.5
2013-01-21,838.0,1604.0,736.0,728.0,112.4675,53.745,92.8,150.5
2013-01-22,825.0,1577.0,729.0,721.0,112.72,53.72,92.8,150.5
2013-01-23,817.0,1564.0,727.0,713.0,113.68,53.66,92.8,150.5
2013-01-24,808.0,1541.0,723.0,712.0,114.59,53.67,92.8,150.5
2013-01-25,798.0,1520.0,718.0,711.0,113.88,53.78,92.8,150.5
2013-01-28,792.0,1507.0,713.0,710.0,113.92,53.97,92.8,150.5
2013-01-29,779.0,1491.0,703.0,695.0,115.22,53.64,92.8,150.5
2013-01-30,767.0,1477.0,690.0,688.0,115.42,53.21,92.8,150.5
2013-01-31,760.0,1468.0,677.0,684.0,115.55,53.32,92.8,150.5
2013-02-01,750.0,1454.0,664.0,682.0,115.55,53.16,94.9,154.6
2013-02-04,745.0,1461.0,653.0,681.0,116.06,53.24,94.9,154.6
2013-02-05,739.0,1466.0,651.0,677.0,117.03,52.99,94.9,154.6
2013-02-06,740.0,1484.0,657.0,674.0,116.61,53.07,94.9,154.6
2013-02-07,749.0,1481.0,695.0,671.0,117.17,53.22,94.9,154.6
2013-02-08,748.0,1461.0,723.0,669.0,118.9,53.58,94.9,154.6
2013-02-11,746.0,1453.0,737.0,666.0,118.29,53.95,94.9,154.6
2013-02-12,747.0,1448.0,749.0,668.0,117.89,53.75,94.9,154.6
2013-02-13,751.0,1448.0,782.0,664.0,118.43,53.79,94.9,154.6
2013-02-14,748.0,1429.0,808.0,667.0,118.48,53.94,94.9,154.6
2013-02-15,753.0,1434.0,832.0,672.0,117.4,54.28,94.9,154.6
2013-02-18,747.0,1408.0,845.0,679.0,117.13000000000001,54.265,94.9,154.6
2013-02-19,738.0,1377.0,859.0,687.0,117.04,54.26,94.9,154.6
2013-02-20,735.0,1355.0,875.0,695.0,116.23,54.18,94.9,154.6
2013-02-21,737.0,1344.0,892.0,705.0,114.19,54.47,94.9,154.6
2013-02-22,740.0,1335.0,909.0,717.0,113.74,54.28,94.9,154.6
2013-02-25,743.0,1323.0,922.0,724.0,114.55,53.96,94.9,154.6
2013-02-26,741.0,1291.0,939.0,734.0,112.96,54.14,94.9,154.6
2013-02-27,745.0,1264.0,961.0,745.0,112.24,53.72,94.9,154.6
2013-02-28,757.0,1249.0,990.0,764.0,112.2,54.37,94.9,154.6
2013-03-01,776.0,1243.0,1036.0,781.0,110.14,54.9,91.0,139.9
2013-03-04,789.0,1239.0,1058.0,801.0,109.9,54.92,91.0,139.9
2013-03-05,806.0,1246.0,1080.0,818.0,110.42,54.87,91.0,139.9
2013-03-06,820.0,1251.0,1090.0,837.0,110.27,54.83,91.0,139.9
2013-03-07,834.0,1260.0,1112.0,852.0,110.42,54.45,91.0,139.9
2013-03-08,843.0,1262.0,1124.0,864.0,108.91,54.32,91.0,139.9
2013-03-11,847.0,1260.0,1128.0,876.0,108.64,54.38,91.0,139.9
2013-03-12,865.0,1314.0,1131.0,889.0,108.48,54.19,91.0,139.9
2013-03-13,875.0,1314.0,1138.0,903.0,107.51,54.3,91.0,139.9
2013-03-14,880.0,1302.0,1147.0,913.0,108.1,54.22,91.0,139.9
2013-03-15,892.0,1299.0,1162.0,925.0,109.32,54.06,91.0,139.9
2013-03-18,899.0,1295.0,1172.0,937.0,108.54,54.1,91.0,139.9
2013-03-19,912.0,1290.0,1184.0,950.0,106.91,54.4,91.0,139.9
2013-03-20,923.0,1294.0,1190.0,959.0,108.27,54.32,91.0,139.9
2013-03-21,930.0,1290.0,1202.0,968.0,106.41,54.27,91.0,139.9
2013-03-22,933.0,1284.0,1208.0,978.0,106.51,54.3,91.0,139.9
2013-03-25,935.0,1284.0,1210.0,981.0,106.66,54.22,91.0,139.9
2013-03-26,931.0,1275.0,1204.0,977.0,107.1,54.42,91.0,139.9
2013-03-27,922.0,1258.0,1191.0,965.0,108.51,54.45,91.0,139.9
2013-03-28,910.0,1249.0,1176.0,944.0,108.46,54.44,91.0,139.9
2013-03-29,907.2,1245.0,1171.8,941.8,108.535,54.52,91.0,139.9
2013-04-01,898.8,1233.0,1159.2,935.2,108.76,54.28,87.8,137.4
2013-04-02,896.0,1229.0,1155.0,933.0,109.66,54.43,87.8,137.4
2013-04-03,877.0,1209.0,1129.0,924.0,107.82,54.46,87.8,137.4
2013-04-04,866.0,1209.0,1106.0,915.0,105.09,54.91,87.8,137.4
2013-04-05,861.0,1215.0,1094.0,912.0,103.98,54.75,87.8,137.4
2013-04-08,858.0,1223.0,1084.0,907.0,103.16,54.58,87.8,137.4
2013-04-09,856.0,1236.0,1077.0,902.0,104.08,54.47,87.8,137.4
2013-04-10,859.0,1250.0,1080.0,900.0,104.8,54.41,87.8,137.4
2013-04-11,865.0,1257.0,1095.0,901.0,103.62,54.36,87.8,137.4
2013-04-12,875.0,1265.0,1112.0,902.0,100.58,54.62,87.8,137.4
2013-04-15,876.0,1257.0,1125.0,902.0,99.32,54.48,87.8,137.4
2013-04-16,880.0,1251.0,1143.0,900.0,97.88,54.08,87.8,137.4
2013-04-17,885.0,1245.0,1167.0,899.0,96.84,54.16,87.8,137.4
2013-04-18,885.0,1238.0,1180.0,898.0,97.48,53.95,87.8,137.4
2013-04-19,888.0,1234.0,1196.0,902.0,98.94,53.98,87.8,137.4
2013-04-22,889.0,1230.0,1202.0,902.0,99.07,54.19,87.8,137.4
2013-04-23,885.0,1220.0,1193.0,903.0,99.25,54.39,87.8,137.4
2013-04-24,879.0,1214.0,1165.0,905.0,100.71,54.22,87.8,137.4
2013-04-25,872.0,1220.0,1121.0,904.0,101.62,54.11,87.8,137.4
2013-04-26,871.0,1246.0,1082.0,900.0,102.39,54.41,87.8,137.4
2013-04-29,868.0,1260.0,1058.0,895.0,102.88,54.2,87.8,137.4
2013-04-30,863.0,1273.0,1028.0,888.0,101.53,53.68,87.8,137.4
2013-05-01,862.0,1279.0,1018.0,884.0,98.34,53.65,87.7,124.0
2013-05-02,873.0,1322.0,1010.0,880.0,100.32,53.79,87.7,124.0
2013-05-03,878.0,1344.0,1006.0,876.0,104.6,53.8,87.7,124.0
2013-05-06,886.25,1380.75,1000.75,874.5,105.0,54.13,87.7,124.0
2013-05-07,889.0,1393.0,999.0,874.0,105.18,54.06,87.7,124.0
2013-05-08,892.0,1408.0,995.0,872.0,103.79,54.08,87.7,124.0
2013-05-09,889.0,1398.0,995.0,869.0,103.59,54.34,87.7,124.0
2013-05-10,884.0,1382.0,994.0,866.0,101.31,54.94,87.7,124.0
2013-05-13,879.0,1370.0,993.0,861.0,102.17,54.85,87.7,124.0
2013-05-14,872.0,1360.0,988.0,857.0,102.7,54.5,87.7,124.0
2013-05-15,861.0,1338.0,974.0,854.0,101.57,54.78,87.7,124.0
2013-05-16,850.0,1334.0,951.0,853.0,104.27,54.68,87.7,124.0
2013-05-17,841.0,1326.0,930.0,851.0,103.83,55.17,87.7,124.0
2013-05-20,836.0,1317.0,917.0,852.0,104.55,55.02,87.7,124.0
2013-05-21,830.0,1321.0,899.0,851.0,103.1,55.42,87.7,124.0
2013-05-22,829.0,1333.0,880.0,853.0,102.14,55.62,87.7,124.0
2013-05-23,828.0,1339.0,863.0,855.0,100.46,55.7,87.7,124.0
2013-05-24,826.0,1350.0,854.0,857.0,101.24,55.78,87.7,124.0
2013-05-28,822.0,1346.0,838.0,858.0,103.77,56.07,87.7,124.0
2013-05-29,818.0,1348.0,821.0,859.0,102.14,56.28,87.7,124.0
2013-05-30,811.0,1339.0,806.0,865.0,101.79,56.5,87.7,124.0
2013-05-31,809.0,1336.0,795.0,871.0,100.43,56.5,87.7,124.0
2013-06-03,806.0,1333.0,786.0,873.0,101.63,56.66,82.8,114.8
2013-06-04,805.0,1338.0,776.0,877.0,102.04,56.43,82.8,114.8
2013-06-05,801.0,1335.0,768.0,880.0,103.51,56.84,82.8,114.8
2013-06-06,806.0,1344.0,764.0,885.0,103.37,56.92,82.8,114.8
2013-06-07,812.0,1352.0,764.0,889.0,104.07,56.57,82.8,114.8
2013-06-10,815.0,1359.0,766.0,890.0,103.87,58.13,82.8,114.8
2013-06-11,825.0,1379.0,777.0,892.0,101.5,58.34,82.8,114.8
2013-06-12,847.0,1427.0,808.0,895.0,103.11,57.82,82.8,114.8
2013-06-13,873.0,1484.0,833.0,895.0,103.38,58.07,82.8,114.8
2013-06-14,900.0,1537.0,859.0,900.0,105.1,57.56,82.8,114.8
2013-06-17,925.0,1588.0,878.0,900.0,105.8,57.97,82.8,114.8
2013-06-18,962.0,1674.0,892.0,903.0,105.21,58.79,82.8,114.8
2013-06-19,995.0,1757.0,909.0,909.0,105.56,58.7,82.8,114.8
2013-06-20,1012.0,1792.0,920.0,916.0,102.72,59.57,82.8,114.8
2013-06-21,1027.0,1822.0,927.0,923.0,100.36,59.43,82.8,114.8
2013-06-24,1062.0,1912.0,937.0,930.0,99.8,59.8,82.8,114.8
2013-06-25,1090.0,1959.0,959.0,937.0,101.51,59.66,82.8,114.8
2013-06-26,1125.0,2061.0,976.0,944.0,100.62,60.7,82.8,114.8
2013-06-27,1151.0,2120.0,994.0,950.0,102.74,60.19,82.8,114.8
2013-06-28,1171.0,2165.0,1007.0,954.0,102.49,59.52,82.8,114.8
2013-07-01,1179.0,2176.0,1014.0,954.0,103.19,59.38,77.3,127.2
2013-07-02,1170.0,2134.0,1016.0,952.0,103.96,59.54,77.3,127.2
2013-07-03,1133.0,2020.0,1017.0,943.0,106.12,60.21,77.3,127.2
2013-07-04,1103.0,1936.0,1012.0,932.0,106.78999999999999,60.22,77.3,127.2
2013-07-05,1099.0,1929.0,1008.0,924.0,107.46,60.23,77.3,127.2
2013-07-08,1115.0,1977.0,1002.0,920.0,107.75,60.75,77.3,127.2
2013-07-09,1120.0,2012.0,1006.0,911.0,107.9,60.09,77.3,127.2
2013-07-10,1130.0,2037.0,1024.0,904.0,108.43,59.88,77.3,127.2
2013-07-11,1139.0,2047.0,1062.0,901.0,108.18,59.82,77.3,127.2
2013-07-12,1149.0,2058.0,1097.0,897.0,109.03,59.88,77.3,127.2
2013-07-15,1151.0,2052.0,1118.0,894.0,109.05,59.89,77.3,127.2
2013-07-16,1152.0,2044.0,1136.0,895.0,109.29,59.29,77.3,127.2
2013-07-17,1151.0,2034.0,1153.0,894.0,109.67,59.34,77.3,127.2
2013-07-18,1146.0,2006.0,1165.0,897.0,109.71,59.59,77.3,127.2
2013-07-19,1138.0,1987.0,1172.0,898.0,109.34,59.37,77.3,127.2
2013-07-22,1135.0,1978.0,1170.0,902.0,108.82,59.71,77.3,127.2
2013-07-23,1127.0,1956.0,1159.0,907.0,109.27,59.64,77.3,127.2
2013-07-24,1117.0,1936.0,1145.0,914.0,108.23,59.14,77.3,127.2
2013-07-25,1092.0,1890.0,1123.0,917.0,108.1,59.01,77.3,127.2
2013-07-26,1082.0,1873.0,1104.0,917.0,107.57,59.08,77.3,127.2
2013-07-29,1075.0,1864.0,1090.0,919.0,108.1,59.33,77.3,127.2
2013-07-30,1067.0,1856.0,1075.0,916.0,107.47,60.8,77.3,127.2
2013-07-31,1062.0,1881.0,1057.0,912.0,107.89,60.77,77.3,127.2
2013-08-01,1066.0,1935.0,1041.0,909.0,109.94,60.45,77.0,137.1
2013-08-02,1065.0,1950.0,1021.0,908.0,109.63,60.88,77.0,137.1
2013-08-05,1058.0,1939.0,1009.0,908.0,109.81,60.88,77.0,137.1
2013-08-06,1046.0,1907.0,992.0,907.0,108.77,60.78,77.0,137.1
2013-08-07,1024.0,1853.0,977.0,911.0,108.39,61.2,77.0,137.1
2013-08-08,1012.0,1829.0,962.0,913.0,107.32,60.72,77.0,137.1
2013-08-09,1001.0,1813.0,948.0,911.0,108.49,60.34,77.0,137.1
2013-08-12,996.0,1805.0,940.0,910.0,109.28,61.15,77.0,137.1
2013-08-13,1007.0,1846.0,933.0,909.0,110.69,61.33,77.0,137.1
2013-08-14,1060.0,2021.0,928.0,910.0,110.26,61.27,77.0,137.1
2013-08-15,1091.0,2099.0,926.0,913.0,111.58,61.41,77.0,137.1
2013-08-16,1102.0,2112.0,923.0,916.0,111.82,61.65,77.0,137.1
2013-08-19,1115.0,2140.0,917.0,917.0,111.41,63.13,77.0,137.1
2013-08-20,1145.0,2218.0,912.0,919.0,110.74,63.21,77.0,137.1
2013-08-21,1156.0,2268.0,905.0,920.0,110.82,64.11,77.0,137.1
2013-08-22,1158.0,2284.0,904.0,925.0,110.51,64.55,77.0,137.1
2013-08-23,1165.0,2312.0,903.0,927.0,112.12,63.22,77.0,137.1
2013-08-26,1168.0,2329.25,903.75,928.5,112.23,64.26,77.0,137.1
2013-08-27,1169.0,2335.0,904.0,929.0,115.21,66.24,77.0,137.1
2013-08-28,1146.0,2284.0,901.0,934.0,116.27,68.8,77.0,137.1
2013-08-29,1136.0,2256.0,904.0,937.0,116.91,66.55,77.0,137.1
2013-08-30,1132.0,2243.0,907.0,939.0,115.97,65.71,77.0,137.1
2013-09-02,1139.0,2263.0,912.0,939.0,115.61,67.21,77.6,134.2
2013-09-03,1168.0,2344.0,921.0,939.0,115.49,67.71,77.6,134.2
2013-09-04,1215.0,2445.0,933.0,943.0,115.65,67.08,77.6,134.2
2013-09-05,1279.0,2660.0,961.0,952.0,115.81,66.01,77.6,134.2
2013-09-06,1352.0,2799.0,1020.0,959.0,117.15,65.23,77.6,134.2
2013-09-09,1478.0,3113.0,1105.0,965.0,115.2,65.24,77.6,134.2
2013-09-10,1541.0,3255.0,1186.0,958.0,112.1,63.83,77.6,134.2
2013-09-11,1628.0,3431.0,1241.0,954.0,112.37,63.26,77.6,134.2
2013-09-12,1621.0,3397.0,1278.0,946.0,113.11,63.42,77.6,134.2
2013-09-13,1636.0,3446.0,1306.0,940.0,113.31,63.36,77.6,134.2
2013-09-16,1651.0,3480.0,1321.0,936.0,110.86,62.83,77.6,134.2
2013-09-17,1740.0,3691.0,1349.0,934.0,109.05,63.36,77.6,134.2
2013-09-18,1822.0,3838.0,1385.0,942.0,109.09,63.37,77.6,134.2
2013-09-19,1860.0,3924.0,1415.0,951.0,110.66,61.76,77.6,134.2
2013-09-20,1904.0,4018.0,1453.0,964.0,110.22,62.27,77.6,134.2
2013-09-23,1947.0,4111.0,1509.0,971.0,108.56,62.57,77.6,134.2
2013-09-24,2021.0,4253.0,1602.0,986.0,107.68,62.72,77.6,134.2
2013-09-25,2127.0,4329.0,1745.0,1012.0,109.46,62.2,77.6,134.2
2013-09-26,2113.0,4193.0,1794.0,1046.0,108.86,61.68,77.6,134.2
2013-09-27,2046.0,3967.0,1800.0,1069.0,109.45,62.48,77.6,134.2
2013-09-30,2003.0,3853.0,1795.0,1079.0,107.85,62.58,77.6,134.2
2013-10-01,1994.0,3816.0,1786.0,1087.0,107.32,62.46,79.4,132.6
2013-10-02,2008.0,3810.0,1813.0,1093.0,109.09,62.46,79.4,132.6
2013-10-03,2047.0,3878.0,1862.0,1101.0,109.49,61.97,79.4,132.6
2013-10-04,2084.0,3943.0,1914.0,1113.0,109.42,61.42,79.4,132.6
2013-10-07,2115.0,4020.0,1947.0,1127.0,109.66,61.79,79.4,132.6
2013-10-08,2146.0,4085.0,1989.0,1145.0,110.56,61.79,79.4,132.6
2013-10-09,2125.0,3959.0,2016.0,1162.0,109.02,61.92,79.4,132.6
2013-10-10,2011.0,3621.0,2027.0,1175.0,111.63,61.3,79.4,132.6
2013-10-11,1985.0,3527.0,2024.0,1182.0,110.65,61.07,79.4,132.6
2013-10-14,1961.0,3455.0,2020.0,1185.0,110.13,61.6475,79.4,132.6
2013-10-15,1963.0,3469.0,2021.0,1186.0,110.67,61.84,79.4,132.6
2013-10-16,1965.0,3478.0,2030.0,1199.0,110.79,61.72,79.4,132.6
2013-10-17,1960.0,3451.0,2059.0,1206.0,109.55,61.13,79.4,132.6
2013-10-18,1901.0,3264.0,2060.0,1213.0,109.4,61.26,79.4,132.6
2013-10-21,1878.0,3200.0,2054.0,1221.0,109.47,61.56,79.4,132.6
2013-10-22,1847.0,3110.0,2038.0,1228.0,109.57,61.64,79.4,132.6
2013-10-23,1786.0,2943.0,2010.0,1243.0,107.74,61.54,79.4,132.6
2013-10-24,1708.0,2775.0,1959.0,1252.0,106.63,61.48,79.4,132.6
2013-10-25,1671.0,2681.0,1904.0,1258.0,105.7,61.4,79.4,132.6
2013-10-28,1619.0,2526.0,1855.0,1260.0,108.29,61.54,79.4,132.6
2013-10-29,1551.0,2340.0,1790.0,1266.0,108.04,61.34,79.4,132.6
2013-10-30,1484.0,2164.0,1716.0,1268.0,108.41,61.09,79.4,132.6
2013-10-31,1504.0,2245.0,1667.0,1269.0,107.53,61.61,79.4,132.6
2013-11-01,1525.0,2316.0,1631.0,1273.0,105.78,61.84,82.3,136.3
2013-11-04,1552.0,2400.0,1612.0,1280.0,104.85,61.74,82.3,136.3
2013-11-05,1600.0,2553.0,1617.0,1285.0,105.01,61.76,82.3,136.3
2013-11-06,1602.0,2554.0,1614.0,1291.0,105.46,62.48,82.3,136.3
2013-11-07,1593.0,2533.0,1594.0,1305.0,103.08,62.41,82.3,136.3
2013-11-08,1581.0,2514.0,1565.0,1315.0,104.29,62.48,82.3,136.3
2013-11-11,1564.0,2506.0,1542.0,1320.0,105.76,63.4175,82.3,136.3
2013-11-12,1543.0,2473.0,1510.0,1321.0,106.29,63.73,82.3,136.3
2013-11-13,1531.0,2455.0,1474.0,1325.0,106.9,63.28,82.3,136.3
2013-11-14,1517.0,2397.0,1438.0,1339.0,108.29,63.12,82.3,136.3
2013-11-15,1507.0,2377.0,1409.0,1354.0,108.25,62.97,82.3,136.3
2013-11-18,1500.0,2366.0,1382.0,1360.0,108.8,62.07,82.3,136.3
2013-11-19,1495.0,2366.0,1353.0,1363.0,108.29,62.26,82.3,136.3
2013-11-20,1527.0,2511.0,1346.0,1371.0,108.27,62.34,82.3,136.3
2013-11-21,1499.0,2447.0,1345.0,1378.0,109.9,62.94,82.3,136.3
2013-11-22,1483.0,2390.0,1362.0,1393.0,111.36,62.72,82.3,136.3
2013-11-25,1492.0,2391.0,1387.0,1404.0,110.83,62.37,82.3,136.3
2013-11-26,1512.0,2399.0,1427.0,1418.0,112.04,62.47,82.3,136.3
2013-11-27,1573.0,2496.0,1510.0,1441.0,111.32,62.47,82.3,136.3
2013-11-28,1719.0,2848.0,1613.0,1458.0,111.195,62.43,82.3,136.3
2013-11-29,1821.0,3089.0,1665.0,1475.0,111.07,62.39,82.3,136.3
2013-12-02,1865.0,3194.0,1695.0,1488.0,111.49,62.3,84.3,135.8
2013-12-03,1922.0,3316.0,1741.0,1507.0,113.06,62.38,84.3,135.8
2013-12-04,1994.0,3481.0,1795.0,1522.0,113.27,61.9,84.3,135.8
2013-12-05,2145.0,3843.0,1867.0,1531.0,112.07,61.6,84.3,135.8
2013-12-06,2176.0,3842.0,1923.0,1552.0,111.5,61.43,84.3,135.8
2013-12-09,2183.0,3831.0,1955.0,1557.0,110.07,60.87,84.3,135.8
2013-12-10,2237.0,4011.0,1997.0,1554.0,108.91,61.04,84.3,135.8
2013-12-11,2299.0,4210.0,2050.0,1560.0,109.47,61.38,84.3,135.8
2013-12-12,2337.0,4291.0,2085.0,1562.0,108.99,61.85,84.3,135.8
2013-12-13,2330.0,4246.0,2096.0,1553.0,108.08,62.16,84.3,135.8
2013-12-16,2292.0,4065.0,2082.0,1546.0,110.3,61.68,84.3,135.8
2013-12-17,2225.0,3818.0,2025.0,1541.0,108.91,61.92,84.3,135.8
2013-12-18,2156.0,3638.0,1946.0,1517.0,109.56,62.06,84.3,135.8
2013-12-19,2134.0,3596.0,1883.0,1499.0,110.78,62.14,84.3,135.8
2013-12-20,2208.0,3875.0,1858.0,1482.0,112.15,61.98,84.3,135.8
2013-12-23,2247.0,3996.0,1835.0,1468.0,111.58,61.83,84.3,135.8
2013-12-24,2277.0,4078.0,1825.0,1453.0,111.57,61.75,84.3,135.8
2013-12-26,2240.5555555555557,4001.3333333333335,1815.0,1425.6666666666667,111.65,62.15,84.3,135.8
2013-12-27,2222.3333333333335,3963.0,1810.0,1412.0,112.06,61.92,84.3,135.8
2013-12-30,2167.6666666666665,3848.0,1795.0,1371.0,110.47,61.77,84.3,135.8
2013-12-31,2149.4444444444443,3809.6666666666665,1790.0,1357.3333333333333,109.95,61.92,84.3,135.8
2014-01-02,2113.0,3733.0,1780.0,1330.0,107.94,62.31,81.6,128.1
2014-01-03,2036.0,3531.0,1750.0,1276.0,106.57,62.17,81.6,128.1
2014-01-06,1951.0,3287.0,1724.0,1239.0,106.71,62.31,81.6,128.1
2014-01-07,1876.0,3017.0,1692.0,1204.0,107.01,62.3,81.6,128.1
2014-01-08,1826.0,2818.0,1672.0,1191.0,107.42,62.07,81.6,128.1
2014-01-09,1706.0,2500.0,1645.0,1188.0,107.49,62.07,81.6,128.1
2014-01-10,1512.0,2101.0,1621.0,1190.0,106.44,61.45,81.6,128.1
2014-01-13,1395.0,1857.0,1598.0,1191.0,108.02,61.52,81.6,128.1
2014-01-14,1370.0,1832.0,1580.0,1189.0,107.12,61.51,81.6,128.1
2014-01-15,1374.0,1862.0,1572.0,1182.0,108.09,61.54,81.6,128.1
2014-01-16,1398.0,1929.0,1570.0,1175.0,107.46,61.54,81.6,128.1
2014-01-17,1421.0,2026.0,1564.0,1165.0,108.45,61.54,81.6,128.1
2014-01-20,1428.0,2082.0,1552.0,1154.0,108.01,61.839999999999996,81.6,128.1
2014-01-21,1369.0,1973.0,1530.0,1141.0,109.17,61.94,81.6,128.1
2014-01-22,1322.0,1880.0,1496.0,1130.0,109.69,61.86,81.6,128.1
2014-01-23,1271.0,1775.0,1468.0,1121.0,109.69,62.11,81.6,128.1
2014-01-24,1246.0,1723.0,1437.0,1112.0,109.14,62.68,81.6,128.1
2014-01-27,1217.0,1673.0,1413.0,1098.0,108.72,63.09,81.6,128.1
2014-01-28,1177.0,1577.0,1387.0,1079.0,109.1,62.56,81.6,128.1
2014-01-29,1148.0,1531.0,1369.0,1056.0,108.83,62.46,81.6,128.1
2014-01-30,1127.0,1527.0,1347.0,1018.0,109.36,62.56,81.6,128.1
2014-01-31,1110.0,1524.0,1337.0,996.0,108.16,62.63,81.6,128.1
2014-02-03,1093.0,1516.0,1326.0,975.0,106.55,62.63,76.3,121.4
2014-02-04,1084.0,1513.0,1313.0,961.0,107.04,62.27,76.3,121.4
2014-02-05,1086.0,1544.0,1307.0,948.0,106.81,62.57,76.3,121.4
2014-02-06,1092.0,1575.0,1307.0,937.0,108.15,62.14,76.3,121.4
2014-02-07,1091.0,1588.0,1304.0,929.0,110.12,62.09,76.3,121.4
2014-02-10,1096.0,1611.0,1305.0,929.0,110.18,62.44,76.3,121.4
2014-02-11,1091.0,1581.0,1322.0,928.0,109.21,62.15,76.3,121.4
2014-02-12,1085.0,1548.0,1324.0,938.0,108.62,61.84,76.3,121.4
2014-02-13,1097.0,1557.0,1313.0,965.0,108.98,62.23,76.3,121.4
2014-02-14,1106.0,1554.0,1311.0,998.0,108.63,61.87,76.3,121.4
2014-02-17,1130.0,1625.0,1308.0,1026.0,109.7625,62.1175,76.3,121.4
2014-02-18,1146.0,1667.0,1298.0,1049.0,110.14,62.2,76.3,121.4
2014-02-19,1160.0,1690.0,1282.0,1068.0,110.37,62.32,76.3,121.4
2014-02-20,1164.0,1680.0,1261.0,1087.0,109.42,62.21,76.3,121.4
2014-02-21,1175.0,1701.0,1244.0,1098.0,109.03,62.13,76.3,121.4
2014-02-24,1174.0,1707.0,1222.0,1096.0,109.76,62.07,76.3,121.4
2014-02-25,1197.0,1775.0,1187.0,1096.0,109.19,61.96,76.3,121.4
2014-02-26,1222.0,1912.0,1154.0,1097.0,109.39,62.11,76.3,121.4
2014-02-27,1250.0,2049.0,1123.0,1100.0,108.54,62.11,76.3,121.4
2014-02-28,1258.0,2084.0,1099.0,1103.0,108.98,61.78,76.3,121.4
2014-03-03,1276.0,2180.0,1080.0,1107.0,111.26,62.17,73.3,111.8
2014-03-04,1325.0,2326.0,1062.0,1115.0,109.17,61.91,73.3,111.8
2014-03-05,1391.0,2596.0,1053.0,1116.0,108.15,61.75,73.3,111.8
2014-03-06,1480.0,2830.0,1056.0,1122.0,107.99,60.89,73.3,111.8
2014-03-07,1543.0,2980.0,1075.0,1131.0,109.14,61.24,73.3,111.8
2014-03-10,1562.0,3023.0,1088.0,1137.0,108.27,60.84,73.3,111.8
2014-03-11,1580.0,3045.0,1104.0,1149.0,108.35,61.01,73.3,111.8
2014-03-12,1453.0,2600.0,1102.0,1159.0,107.88,61.01,73.3,111.8
2014-03-13,1468.0,2654.0,1106.0,1173.0,107.48,61.2,73.3,111.8
2014-03-14,1477.0,2677.0,1113.0,1183.0,108.08,61.19,73.3,111.8
2014-03-17,1481.0,2691.0,1116.0,1191.0,106.99,61.08,73.3,111.8
2014-03-18,1518.0,2818.0,1118.0,1198.0,106.79,61.1,73.3,111.8
2014-03-19,1570.0,2982.0,1120.0,1200.0,105.95,60.95,73.3,111.8
2014-03-20,1621.0,3129.0,1120.0,1205.0,105.73,61.33,73.3,111.8
2014-03-21,1599.0,3036.0,1112.0,1209.0,107.2,60.9,73.3,111.8
2014-03-24,1602.0,3055.0,1107.0,1207.0,106.59,60.78,73.3,111.8
2014-03-25,1578.0,2993.0,1088.0,1201.0,107.01,60.27,73.3,111.8
2014-03-26,1496.0,2761.0,1062.0,1180.0,105.9,60.13,73.3,111.8
2014-03-27,1412.0,2579.0,1018.0,1139.0,106.58,60.26,73.3,111.8
2014-03-28,1373.0,2557.0,978.0,1115.0,106.64,59.89,73.3,111.8
2014-03-31,1362.0,2573.0,942.0,1090.0,105.95,60.0,73.3,111.8
2014-04-01,1316.0,2505.0,897.0,1068.0,105.7,59.86,72.8,114.6
2014-04-02,1273.0,2418.0,867.0,1047.0,103.37,59.9,72.8,114.6
2014-04-03,1235.0,2343.0,836.0,1025.0,104.88,60.35,72.8,114.6
2014-04-04,1205.0,2306.0,822.0,1003.0,106.41,60.08,72.8,114.6
2014-04-07,1186.0,2293.0,812.0,982.0,104.89,60.11,72.8,114.6
2014-04-08,1098.0,2029.0,801.0,965.0,105.83,60.08,72.8,114.6
2014-04-09,1061.0,1946.0,794.0,949.0,107.39,60.09,72.8,114.6
2014-04-10,1029.0,1865.0,787.0,936.0,107.1,60.07,72.8,114.6
2014-04-11,1002.0,1789.0,782.0,927.0,107.34,60.18,72.8,114.6
2014-04-14,989.0,1765.0,778.0,921.0,107.68,60.32,72.8,114.6
2014-04-15,970.0,1724.0,777.0,916.0,109.1,60.34,72.8,114.6
2014-04-16,936.0,1613.0,792.0,909.0,109.71,60.22,72.8,114.6
2014-04-17,930.0,1591.0,812.0,908.0,109.79,60.29,72.8,114.6
2014-04-18,931.8,1596.0,815.2,908.2,109.765,60.29,72.8,114.6
2014-04-21,937.2,1611.0,824.8,908.8,109.69,60.59,72.8,114.6
2014-04-22,939.0,1616.0,828.0,909.0,108.54,60.8,72.8,114.6
2014-04-23,956.0,1674.0,840.0,911.0,108.48,61.17,72.8,114.6
2014-04-24,962.0,1692.0,852.0,909.0,109.79,61.11,72.8,114.6
2014-04-25,967.0,1696.0,864.0,912.0,109.53,60.64,72.8,114.6
2014-04-28,961.0,1668.0,868.0,916.0,109.12,60.69,72.8,114.6
2014-04-29,949.0,1613.0,872.0,922.0,109.89,60.23,72.8,114.6
2014-04-30,943.0,1600.0,871.0,919.0,108.63,60.21,72.8,114.6
2014-05-01,993.0,1716.0,871.0,915.0,108.63,60.11,73.7,100.6
2014-05-02,1017.0,1829.0,865.0,915.0,109.48,60.02,73.7,100.6
2014-05-05,1017.0,1725.5,865.75,916.5,109.48,60.21,73.7,100.6
2014-05-06,1022.0,1691.0,866.0,917.0,108.3,59.97,73.7,100.6
2014-05-07,1022.0,1681.0,869.0,920.0,108.17,60.01,73.7,100.6
2014-05-08,1008.0,1613.0,879.0,918.0,108.19,60.06,73.7,100.6
2014-05-09,997.0,1541.0,898.0,909.0,108.26,60.0,73.7,100.6
2014-05-12,987.0,1483.0,910.0,905.0,108.37,59.48,73.7,100.6
2014-05-13,982.0,1453.0,933.0,904.0,108.78,59.44,73.7,100.6
2014-05-14,1002.0,1496.0,969.0,904.0,109.87,59.49,73.7,100.6
2014-05-15,1021.0,1546.0,1016.0,901.0,109.74,59.38,73.7,100.6
2014-05-16,1027.0,1530.0,1041.0,899.0,110.9,58.62,73.7,100.6
2014-05-19,1022.0,1494.0,1054.0,896.0,110.84,58.38,73.7,100.6
2014-05-20,1010.0,1431.0,1061.0,891.0,110.35,58.58,73.7,100.6
2014-05-21,988.0,1354.0,1056.0,884.0,111.32,58.66,73.7,100.6
2014-05-22,966.0,1302.0,1028.0,872.0,110.89,58.3,73.7,100.6
2014-05-23,964.0,1358.0,1001.0,866.0,110.19,58.36,73.7,100.6
2014-05-26,970.75,1432.25,978.5,857.75,110.01,58.765,73.7,100.6
2014-05-27,973.0,1457.0,971.0,855.0,109.81,58.9,73.7,100.6
2014-05-28,954.0,1405.0,940.0,846.0,109.09,58.94,73.7,100.6
2014-05-29,940.0,1379.0,904.0,839.0,109.98,58.9,73.7,100.6
2014-05-30,934.0,1395.0,872.0,830.0,109.21,59.16,73.7,100.6
2014-06-02,934.0,1429.0,846.0,829.0,109.34,59.15,71.5,92.7
2014-06-03,948.0,1545.0,816.0,829.0,108.87,59.32,71.5,92.7
2014-06-04,959.0,1604.0,786.0,821.0,109.07,59.34,71.5,92.7
2014-06-05,977.0,1689.0,758.0,811.0,108.43,59.24,71.5,92.7
2014-06-06,989.0,1793.0,727.0,802.0,109.21,59.17,71.5,92.7
2014-06-09,999.0,1846.0,713.0,797.0,110.55,59.18,71.5,92.7
2014-06-10,1004.0,1903.0,699.0,787.0,109.18,59.18,71.5,92.7
2014-06-11,973.0,1864.0,678.0,774.0,109.83,59.32,71.5,92.7
2014-06-12,939.0,1792.0,635.0,760.0,112.18,59.19,71.5,92.7
2014-06-13,906.0,1730.0,582.0,748.0,113.15,59.64,71.5,92.7
2014-06-16,880.0,1695.0,542.0,740.0,113.42,60.16,71.5,92.7
2014-06-17,858.0,1676.0,514.0,724.0,114.02,60.32,71.5,92.7
2014-06-18,867.0,1767.0,492.0,715.0,114.25,60.28,71.5,92.7
2014-06-19,902.0,1919.0,474.0,708.0,115.19,60.09,71.5,92.7
2014-06-20,904.0,1950.0,461.0,704.0,114.55,60.23,71.5,92.7
2014-06-23,886.0,1896.0,452.0,701.0,113.62,60.14,71.5,92.7
2014-06-24,867.0,1848.0,446.0,694.0,113.74,60.14,71.5,92.7
2014-06-25,846.0,1799.0,433.0,687.0,112.84,60.11,71.5,92.7
2014-06-26,824.0,1748.0,423.0,679.0,112.61,60.17,71.5,92.7
2014-06-27,831.0,1773.0,419.0,678.0,112.62,60.04,71.5,92.7
2014-06-30,850.0,1871.0,423.0,675.0,111.03,60.06,71.5,92.7
2014-07-01,894.0,2045.0,446.0,676.0,110.84,60.05,68.8,96.1
2014-07-02,890.0,1999.0,485.0,677.0,110.18,59.69,68.8,96.1
2014-07-03,890.0,1935.0,557.0,680.0,108.98,59.74,68.8,96.1
2014-07-04,893.0,1864.0,640.0,682.0,108.91,59.80825,68.8,96.1
2014-07-07,888.0,1808.0,680.0,686.0,108.7,60.013,68.8,96.1
2014-07-08,881.0,1755.0,704.0,687.0,107.65,59.78,68.8,96.1
2014-07-09,863.0,1648.0,710.0,684.0,106.84,59.75,68.8,96.1
2014-07-10,836.0,1523.0,702.0,681.0,106.2,60.19,68.8,96.1
2014-07-11,814.0,1465.0,679.0,679.0,105.77,60.08,68.8,96.1
2014-07-14,798.0,1422.0,666.0,675.0,104.73,60.11,68.8,96.1
2014-07-15,782.0,1377.0,644.0,671.0,104.73,60.15,68.8,96.1
2014-07-16,755.0,1289.0,621.0,666.0,105.41,60.12,68.8,96.1
2014-07-17,738.0,1248.0,603.0,660.0,106.04,60.35,68.8,96.1
2014-07-18,732.0,1235.0,586.0,659.0,106.03,60.33,68.8,96.1
2014-07-21,724.0,1194.0,576.0,659.0,105.71,60.24,68.8,96.1
2014-07-22,723.0,1191.0,576.0,661.0,106.48,60.16,68.8,96.1
2014-07-23,727.0,1198.0,584.0,661.0,106.85,60.0,68.8,96.1
2014-07-24,732.0,1201.0,596.0,666.0,105.78,60.11,68.8,96.1
2014-07-25,739.0,1193.0,606.0,679.0,106.89,60.04,68.8,96.1
2014-07-28,743.0,1187.0,616.0,684.0,106.7,60.13,68.8,96.1
2014-07-29,747.0,1195.0,624.0,688.0,106.98,60.12,68.8,96.1
2014-07-30,754.0,1200.0,625.0,704.0,106.47,60.4,68.8,96.1
2014-07-31,755.0,1195.0,619.0,716.0,104.94,60.55,68.8,96.1
2014-08-01,751.0,1176.0,611.0,728.0,103.45,61.2,68.9,92.6
2014-08-04,753.0,1178.0,610.0,740.0,103.63,60.94,68.9,92.6
2014-08-05,755.0,1163.0,609.0,753.0,102.82,61.05,68.9,92.6
2014-08-06,759.0,1153.0,609.0,767.0,104.17,61.25,68.9,92.6
2014-08-07,765.0,1150.0,616.0,785.0,104.02,61.2,68.9,92.6
2014-08-08,777.0,1166.0,624.0,804.0,103.36,61.18,68.9,92.6
2014-08-11,792.0,1197.0,634.0,819.0,103.47,61.17,68.9,92.6
2014-08-12,836.0,1350.0,651.0,829.0,101.68,61.09,68.9,92.6
2014-08-13,871.0,1546.0,674.0,845.0,102.27,61.22,68.9,92.6
2014-08-14,942.0,1882.0,739.0,861.0,101.15,60.77,68.9,92.6
2014-08-15,1015.0,2151.0,803.0,877.0,101.13,60.77,68.9,92.6
2014-08-18,1042.0,2254.0,836.0,889.0,99.37,60.77,68.9,92.6
2014-08-19,1040.0,2256.0,837.0,902.0,99.74,60.67,68.9,92.6
2014-08-20,1061.0,2380.0,828.0,912.0,99.92,60.58,68.9,92.6
2014-08-21,1096.0,2578.0,818.0,925.0,100.28,60.56,68.9,92.6
2014-08-22,1088.0,2535.0,812.0,937.0,100.09,60.47,68.9,92.6
2014-08-25,1074.5,2456.25,809.0,942.25,100.49,60.56,68.9,92.6
2014-08-26,1070.0,2430.0,808.0,944.0,100.5,60.43,68.9,92.6
2014-08-27,1063.0,2366.0,811.0,952.0,100.4,60.45,68.9,92.6
2014-08-28,1119.0,2551.0,842.0,963.0,100.71,60.51,68.9,92.6
2014-08-29,1147.0,2627.0,871.0,970.0,101.12,61.51,68.9,92.6
2014-09-01,1151.0,2606.0,888.0,977.0,100.4375,60.894999999999996,65.9,82.4
2014-09-02,1149.0,2568.0,903.0,983.0,100.21,60.69,65.9,82.4
2014-09-03,1142.0,2489.0,919.0,988.0,100.88,60.41,65.9,82.4
2014-09-04,1147.0,2464.0,927.0,993.0,101.21,60.38,65.9,82.4
2014-09-05,1155.0,2483.0,931.0,997.0,99.51,60.26,65.9,82.4
2014-09-08,1166.0,2519.0,940.0,995.0,99.53,60.29,65.9,82.4
2014-09-09,1197.0,2596.0,940.0,1001.0,98.08,60.6,65.9,82.4
2014-09-10,1197.0,2602.0,916.0,1003.0,96.26,60.95,65.9,82.4
2014-09-11,1186.0,2570.0,895.0,1000.0,96.42,60.93,65.9,82.4
2014-09-12,1181.0,2546.0,875.0,1006.0,96.31,60.95,65.9,82.4
2014-09-15,1173.0,2523.0,860.0,1016.0,96.43,61.03,65.9,82.4
2014-09-16,1150.0,2442.0,843.0,1028.0,97.39,61.06,65.9,82.4
2014-09-17,1124.0,2342.0,829.0,1031.0,97.7,60.9,65.9,82.4
2014-09-18,1089.0,2192.0,819.0,1030.0,96.82,60.78,65.9,82.4
2014-09-19,1075.0,2112.0,814.0,1029.0,96.75,60.8,65.9,82.4
2014-09-22,1077.0,2118.0,809.0,1032.0,95.37,60.93,65.9,82.4
2014-09-23,1073.0,2077.0,800.0,1041.0,94.87,61.04,65.9,82.4
2014-09-24,1056.0,1967.0,798.0,1045.0,94.53,60.93,65.9,82.4
2014-09-25,1038.0,1837.0,799.0,1046.0,95.2,61.33,65.9,82.4
2014-09-26,1049.0,1852.0,807.0,1053.0,95.08,61.14,65.9,82.4
2014-09-29,1062.0,1922.0,812.0,1054.0,95.7,61.53,65.9,82.4
2014-09-30,1063.0,1915.0,826.0,1051.0,94.67,61.92,65.9,82.4
2014-10-01,1055.0,1853.0,854.0,1045.0,94.57,61.71,63.7,81.1
2014-10-02,1041.0,1788.0,878.0,1033.0,91.29,61.61,63.7,81.1
2014-10-03,1037.0,1758.0,887.0,1028.0,90.8,61.81,63.7,81.1
2014-10-06,1029.0,1735.0,889.0,1017.0,90.65,61.68,63.7,81.1
2014-10-07,1015.0,1698.0,884.0,1007.0,90.9,61.28,63.7,81.1
2014-10-08,991.0,1632.0,869.0,993.0,90.25,61.38,63.7,81.1
2014-10-09,974.0,1580.0,864.0,980.0,90.47,60.92,63.7,81.1
2014-10-10,963.0,1544.0,865.0,970.0,88.66,61.27,63.7,81.1
2014-10-13,954.0,1521.0,868.0,959.0,87.82,61.352500000000006,63.7,81.1
2014-10-14,948.0,1485.0,885.0,952.0,85.91999999999999,61.38,63.7,81.1
2014-10-15,935.0,1376.0,909.0,944.0,84.02,61.42,63.7,81.1
2014-10-16,930.0,1315.0,940.0,933.0,84.02,61.8,63.7,81.1
2014-10-17,944.0,1362.0,966.0,923.0,85.27,61.46,63.7,81.1
2014-10-20,973.0,1512.0,995.0,916.0,84.42,61.2,63.7,81.1
2014-10-21,1090.0,2003.0,1032.0,911.0,85.17,61.14,63.7,81.1
2014-10-22,1136.0,2186.0,1066.0,907.0,86.38,61.18,63.7,81.1
2014-10-23,1155.0,2258.0,1099.0,906.0,85.94,61.16,63.7,81.1
2014-10-24,1192.0,2422.0,1121.0,900.0,86.0,61.16,63.7,81.1
2014-10-27,1285.0,2852.0,1137.0,899.0,85.64,61.28,63.7,81.1
2014-10-28,1395.0,3436.0,1172.0,898.0,85.57,61.17,63.7,81.1
2014-10-29,1428.0,3560.0,1202.0,896.0,86.91,61.2,63.7,81.1
2014-10-30,1424.0,3534.0,1222.0,891.0,85.5,61.42,63.7,81.1
2014-10-31,1428.0,3552.0,1233.0,892.0,84.17,61.44,63.7,81.1
2014-11-03,1456.0,3640.0,1241.0,889.0,84.9,61.38,62.6,73.7
2014-11-04,1484.0,3781.0,1238.0,888.0,82.12,61.38,62.6,73.7
2014-11-05,1464.0,3702.0,1224.0,888.0,82.88,61.49,62.6,73.7
2014-11-06,1436.0,3612.0,1205.0,886.0,82.08,61.45,62.6,73.7
2014-11-07,1437.0,3661.0,1183.0,881.0,83.2,61.5,62.6,73.7
2014-11-10,1418.0,3613.0,1168.0,879.0,82.9,61.52,62.6,73.7
2014-11-11,1370.0,3419.0,1150.0,876.0,80.94,61.46,62.6,73.7
2014-11-12,1327.0,3229.0,1133.0,873.0,80.42,61.4,62.6,73.7
2014-11-13,1264.0,2972.0,1112.0,873.0,77.74,61.55,62.6,73.7
2014-11-14,1256.0,2931.0,1089.0,875.0,77.51,61.7,62.6,73.7
2014-11-17,1264.0,2971.0,1069.0,875.0,76.86,61.82,62.6,73.7
2014-11-18,1296.0,3106.0,1061.0,881.0,77.23,61.72,62.6,73.7
2014-11-19,1306.0,3127.0,1055.0,904.0,77.21,61.98,62.6,73.7
2014-11-20,1332.0,3130.0,1053.0,926.0,77.61,61.92,62.6,73.7
2014-11-21,1324.0,3038.0,1055.0,942.0,79.2,61.76,62.6,73.7
2014-11-24,1317.0,2975.0,1059.0,956.0,79.62,61.85,62.6,73.7
2014-11-25,1313.0,2963.0,1064.0,970.0,77.62,61.89,62.6,73.7
2014-11-26,1239.0,2612.0,1073.0,980.0,77.39,61.78,62.6,73.7
2014-11-27,1187.0,2347.0,1099.0,984.0,74.64,61.99,62.6,73.7
2014-11-28,1153.0,2151.0,1120.0,986.0,71.89,62.2,62.6,73.7
2014-12-01,1137.0,2025.0,1124.0,989.0,70.87,61.94,62.4,68.4
2014-12-02,1119.0,1898.0,1119.0,987.0,71.13,61.8,62.4,68.4
2014-12-03,1079.0,1677.0,1108.0,984.0,70.13,61.85,62.4,68.4
2014-12-04,1019.0,1452.0,1097.0,980.0,68.48,61.78,62.4,68.4
2014-12-05,982.0,1282.0,1088.0,971.0,68.0,61.9,62.4,68.4
2014-12-08,952.0,1165.0,1081.0,969.0,65.64,61.82,62.4,68.4
2014-12-09,933.0,1075.0,1066.0,966.0,66.11,61.87,62.4,68.4
2014-12-10,911.0,979.0,1047.0,960.0,63.32,62.1,62.4,68.4
2014-12-11,887.0,879.0,1026.0,953.0,63.65,62.46,62.4,68.4
2014-12-12,863.0,763.0,1001.0,950.0,61.67,62.52,62.4,68.4
2014-12-15,845.0,659.0,980.0,947.0,61.09,63.16,62.4,68.4
2014-12-16,838.0,617.0,961.0,942.0,60.26,63.65,62.4,68.4
2014-12-17,827.0,571.0,945.0,932.0,59.84,63.52,62.4,68.4
2014-12-18,814.0,517.0,929.0,925.0,58.81,62.98,62.4,68.4
2014-12-19,803.0,488.0,907.0,917.0,58.87,63.24,62.4,68.4
2014-12-22,794.0,480.0,891.0,906.0,58.31,63.22,62.4,68.4
2014-12-23,788.0,472.0,872.0,897.0,59.07,63.4,62.4,68.4
2014-12-24,782.0,474.0,856.0,887.0,58.67,63.55,62.4,68.4
2014-12-26,779.5555555555555,470.0,849.5555555555555,886.3333333333334,58.72,63.598,62.4,68.4
2014-12-29,775.8888888888889,464.0,839.8888888888889,885.3333333333334,57.86,63.67,62.4,68.4
2014-12-30,774.6666666666666,462.0,836.6666666666666,885.0,55.6,63.38,62.4,68.4
2014-12-31,773.4444444444445,460.0,833.4444444444445,884.6666666666666,55.27,63.04,62.4,68.4
2015-01-02,771.0,456.0,827.0,884.0,55.38,63.27,61.4,68.2
2015-01-05,761.0,442.0,811.0,873.0,51.08,63.34,61.4,68.2
2015-01-06,758.0,432.0,794.0,861.0,50.12,63.57,61.4,68.2
2015-01-07,744.0,397.0,780.0,843.0,49.06,63.27,61.4,68.2
2015-01-08,724.0,335.0,776.0,820.0,49.43,62.67,61.4,68.2
2015-01-09,709.0,311.0,764.0,800.0,47.64,62.34,61.4,68.2
2015-01-12,723.0,373.0,762.0,778.0,46.9,62.09,61.4,68.2
2015-01-13,762.0,537.0,766.0,763.0,45.13,61.97,61.4,68.2
2015-01-14,757.0,557.0,766.0,752.0,45.82,62.09,61.4,68.2
2015-01-15,749.0,585.0,766.0,735.0,47.66,62.06,61.4,68.2
2015-01-16,741.0,620.0,759.0,716.0,47.38,61.87,61.4,68.2
2015-01-19,739.0,662.0,751.0,699.0,46.712500000000006,61.6975,61.4,68.2
2015-01-20,753.0,752.0,741.0,684.0,46.49,61.64,61.4,68.2
2015-01-21,770.0,971.0,725.0,673.0,46.5,61.55,61.4,68.2
2015-01-22,751.0,965.0,704.0,659.0,46.09,61.32,61.4,68.2
2015-01-23,720.0,887.0,685.0,650.0,46.69,61.46,61.4,68.2
2015-01-26,703.0,857.0,669.0,642.0,46.07,61.46,61.4,68.2
2015-01-27,688.0,831.0,648.0,632.0,46.55,61.34,61.4,68.2
2015-01-28,666.0,785.0,620.0,618.0,47.07,61.34,61.4,68.2
2015-01-29,632.0,725.0,550.0,599.0,46.61,61.94,61.4,68.2
2015-01-30,608.0,679.0,508.0,585.0,47.52,62.01,61.4,68.2
2015-02-02,590.0,665.0,480.0,567.0,51.74,61.68,69.1,62.8
2015-02-03,577.0,663.0,454.0,556.0,54.41,61.67,69.1,62.8
2015-02-04,569.0,669.0,437.0,545.0,55.07,61.73,69.1,62.8
2015-02-05,564.0,680.0,428.0,538.0,55.98,61.73,69.1,62.8
2015-02-06,559.0,689.0,430.0,530.0,55.88,61.7,69.1,62.8
2015-02-09,554.0,687.0,434.0,523.0,57.0,62.1,69.1,62.8
2015-02-10,556.0,711.0,446.0,516.0,55.79,62.33,69.1,62.8
2015-02-11,553.0,700.0,469.0,508.0,53.48,62.41,69.1,62.8
2015-02-12,540.0,652.0,489.0,496.0,56.23,62.3,69.1,62.8
2015-02-13,530.0,630.0,499.0,486.0,60.33,62.04,69.1,62.8
2015-02-16,522.0,614.0,505.0,480.0,61.57,62.115,69.1,62.8
2015-02-17,516.0,589.0,508.0,480.0,60.78,62.14,69.1,62.8
2015-02-18,509.0,564.0,514.0,478.0,60.72,62.25,69.1,62.8
2015-02-19,509.6,539.0,516.0,483.0,58.78,62.08,69.1,62.8
2015-02-20,510.2,542.0,514.0,490.0,60.99,62.19,69.1,62.8
2015-02-23,512.0,543.0,512.0,492.0,59.78,62.15,69.1,62.8
2015-02-24,516.0,534.0,514.0,490.0,60.33,62.07,69.1,62.8
2015-02-25,524.0,529.0,519.0,496.0,59.77,61.84,69.1,62.8
2015-02-26,533.0,525.0,531.0,506.0,61.39,61.74,69.1,62.8
2015-02-27,540.0,521.0,540.0,515.0,61.89,61.67,69.1,62.8
2015-03-02,548.0,516.0,551.0,528.0,60.75,61.87,64.8,58.1
2015-03-03,553.0,490.0,564.0,541.0,61.18,61.76,64.8,58.1
2015-03-04,559.0,478.0,576.0,550.0,59.18,62.3,64.8,58.1
2015-03-05,561.0,464.0,583.0,560.0,60.33,62.26,64.8,58.1
2015-03-06,565.0,470.0,587.0,566.0,59.15,62.45,64.8,58.1
2015-03-09,568.0,468.0,590.0,573.0,58.67,62.67,64.8,58.1
2015-03-10,568.0,457.0,591.0,580.0,55.95,62.71,64.8,58.1
2015-03-11,565.0,431.0,588.0,589.0,56.46,62.76,64.8,58.1
2015-03-12,560.0,394.0,586.0,596.0,56.66,62.44,64.8,58.1
2015-03-13,562.0,378.0,585.0,606.0,54.8,63.06,64.8,58.1
2015-03-16,564.0,372.0,588.0,611.0,52.0,62.8,64.8,58.1
2015-03-17,568.0,366.0,595.0,616.0,52.17,62.64,64.8,58.1
2015-03-18,571.0,357.0,604.0,623.0,52.59,62.69,64.8,58.1
2015-03-19,584.0,407.0,613.0,627.0,52.96,62.56,64.8,58.1
2015-03-20,591.0,423.0,617.0,635.0,53.88,62.47,64.8,58.1
2015-03-23,594.0,435.0,617.0,640.0,53.82,62.22,64.8,58.1
2015-03-24,597.0,448.0,609.0,645.0,53.61,62.4,64.8,58.1
2015-03-25,598.0,455.0,602.0,648.0,54.18,62.35,64.8,58.1
2015-03-26,598.0,456.0,599.0,648.0,57.02,62.83,64.8,58.1
2015-03-27,596.0,456.0,597.0,647.0,56.44,62.5,64.8,58.1
2015-03-30,599.0,460.0,600.0,649.0,53.99,62.52,64.8,58.1
2015-03-31,602.0,475.0,598.0,650.0,53.69,62.31,64.8,58.1
2015-04-01,596.0,463.0,596.0,646.0,55.73,62.14,56.2,52.3
2015-04-02,588.0,454.0,589.0,636.0,55.73,62.13,56.2,52.3
2015-04-03,587.0,452.8,588.0,635.0,55.73,61.99,56.2,52.3
2015-04-06,584.0,449.2,585.0,632.0,55.73,62.16,56.2,52.3
2015-04-07,583.0,448.0,584.0,631.0,57.55,62.23,56.2,52.3
2015-04-08,580.0,450.0,585.0,624.0,56.42,62.22,56.2,52.3
2015-04-09,580.0,461.0,591.0,617.0,56.04,62.18,56.2,52.3
2015-04-10,580.0,466.0,600.0,613.0,56.82,62.21,56.2,52.3
2015-04-13,578.0,460.0,609.0,609.0,57.14,62.38,56.2,52.3
2015-04-14,581.0,470.0,619.0,608.0,57.69,62.25,56.2,52.3
2015-04-15,586.0,494.0,626.0,608.0,59.32,62.34,56.2,52.3
2015-04-16,593.0,521.0,636.0,612.0,60.13,62.28,56.2,52.3
2015-04-17,597.0,532.0,642.0,619.0,61.31,62.48,56.2,52.3
2015-04-20,598.0,537.0,646.0,618.0,61.2,63.07,56.2,52.3
2015-04-21,601.0,549.0,659.0,619.0,60.12,62.92,56.2,52.3
2015-04-22,600.0,544.0,669.0,620.0,60.12,62.96,56.2,52.3
2015-04-23,599.0,543.0,680.0,621.0,62.66,63.27,56.2,52.3
2015-04-24,600.0,545.0,685.0,624.0,62.96,63.55,56.2,52.3
2015-04-27,600.0,546.0,687.0,626.0,62.86,63.34,56.2,52.3
2015-04-28,601.0,551.0,685.0,628.0,62.61,63.05,56.2,52.3
2015-04-29,595.0,558.0,673.0,627.0,63.97,63.38,56.2,52.3
2015-04-30,591.0,565.0,658.0,625.0,63.9,63.58,56.2,52.3
2015-05-01,587.0,574.0,647.0,621.0,64.13,63.63,61.2,60.3
2015-05-04,581.75,571.75,636.5,618.75,64.62,63.64,61.2,60.3
2015-05-05,580.0,571.0,633.0,618.0,65.44,63.31,61.2,60.3
2015-05-06,575.0,574.0,618.0,618.0,66.22,63.57,61.2,60.3
2015-05-07,573.0,594.0,603.0,618.0,64.93,64.08,61.2,60.3
2015-05-08,574.0,616.0,594.0,618.0,63.82,63.73,61.2,60.3
2015-05-11,578.0,660.0,586.0,617.0,62.82,63.96,61.2,60.3
2015-05-12,589.0,731.0,583.0,619.0,65.09,64.19,61.2,60.3
2015-05-13,634.0,942.0,584.0,624.0,66.33,63.88,61.2,60.3
2015-05-14,637.0,972.0,580.0,626.0,65.58,63.47,61.2,60.3
2015-05-15,634.0,954.0,579.0,628.0,64.69,63.36,61.2,60.3
2015-05-18,630.0,950.0,578.0,626.0,65.15,63.66,61.2,60.3
2015-05-19,620.0,923.0,574.0,625.0,63.48,63.8,61.2,60.3
2015-05-20,606.0,889.0,565.0,623.0,63.52,63.75,61.2,60.3
2015-05-21,592.0,844.0,556.0,624.0,64.7,63.51,61.2,60.3
2015-05-22,586.0,816.0,549.0,627.0,64.7,63.43,61.2,60.3
2015-05-26,584.0,806.0,540.0,631.0,61.65,63.87,61.2,60.3
2015-05-27,587.0,823.0,530.0,635.0,61.35,63.92,61.2,60.3
2015-05-28,588.0,817.0,525.0,642.0,60.12,63.83,61.2,60.3
2015-05-29,589.0,810.0,524.0,647.0,63.16,63.71,61.2,60.3
2015-06-01,589.0,804.0,522.0,652.0,62.87,63.59,59.0,62.6
2015-06-02,591.0,821.0,528.0,653.0,63.14,63.72,59.0,62.6
2015-06-03,598.0,821.0,544.0,654.0,62.78,63.99,59.0,62.6
2015-06-04,603.0,818.0,570.0,654.0,60.34,63.96,59.0,62.6
2015-06-05,610.0,865.0,596.0,656.0,60.36,63.76,59.0,62.6
2015-06-08,610.0,856.0,608.0,655.0,61.33,64.03,59.0,62.6
2015-06-09,612.0,834.0,630.0,654.0,63.23,63.96,59.0,62.6
2015-06-10,618.0,816.0,662.0,661.0,64.68,63.81,59.0,62.6
2015-06-11,629.0,810.0,696.0,669.0,63.76,63.93,59.0,62.6
2015-06-12,642.0,820.0,719.0,678.0,63.19,64.02,59.0,62.6
2015-06-15,656.0,840.0,742.0,685.0,60.99,64.03,59.0,62.6
2015-06-16,681.0,904.0,772.0,695.0,60.75,64.21,59.0,62.6
2015-06-17,725.0,1045.0,817.0,706.0,60.75,64.14,59.0,62.6
2015-06-18,773.0,1234.0,847.0,715.0,61.37,63.62,59.0,62.6
2015-06-19,779.0,1241.0,851.0,721.0,59.41,63.43,59.0,62.6
2015-06-22,779.0,1248.0,845.0,722.0,60.54,63.51,59.0,62.6
2015-06-23,790.0,1300.0,834.0,721.0,61.67,63.57,59.0,62.6
2015-06-24,829.0,1428.0,829.0,723.0,61.63,63.54,59.0,62.6
2015-06-25,829.0,1432.0,827.0,723.0,60.24,63.5,59.0,62.6
2015-06-26,823.0,1393.0,833.0,723.0,60.14,63.54,59.0,62.6
2015-06-29,813.0,1346.0,838.0,722.0,59.03,63.73,59.0,62.6
2015-06-30,800.0,1292.0,845.0,715.0,60.31,63.59,59.0,62.6
2015-07-01,794.0,1251.0,858.0,713.0,61.65,63.55,59.9,52.4
2015-07-02,794.0,1226.0,883.0,712.0,61.73,63.36,59.9,52.4
2015-07-03,805.0,1249.0,908.0,716.0,59.06,63.33,59.9,52.4
2015-07-06,815.0,1266.0,927.0,723.0,57.19,63.24,59.9,52.4
2015-07-07,830.0,1285.0,945.0,742.0,54.72,63.51,59.9,52.4
2015-07-08,840.0,1278.0,973.0,750.0,55.7,63.47,59.9,52.4
2015-07-09,853.0,1279.0,1016.0,759.0,57.83,63.31,59.9,52.4
2015-07-10,874.0,1318.0,1052.0,767.0,57.72,63.33,59.9,52.4
2015-07-13,900.0,1389.0,1076.0,774.0,57.63,63.43,59.9,52.4
2015-07-14,915.0,1394.0,1096.0,784.0,57.2,63.27,59.9,52.4
2015-07-15,951.0,1462.0,1122.0,801.0,57.34,63.48,59.9,52.4
2015-07-16,1009.0,1611.0,1149.0,823.0,57.31,63.43,59.9,52.4
2015-07-17,1048.0,1712.0,1162.0,846.0,56.38,63.45,59.9,52.4
2015-07-20,1067.0,1763.0,1170.0,862.0,56.42,63.61,59.9,52.4
2015-07-21,1113.0,1935.0,1179.0,875.0,55.94,63.57,59.9,52.4
2015-07-22,1118.0,1952.0,1179.0,889.0,56.36,63.6,59.9,52.4
2015-07-23,1102.0,1924.0,1161.0,896.0,55.76,63.86,59.9,52.4
2015-07-24,1086.0,1896.0,1137.0,899.0,54.29,64.04,59.9,52.4
2015-07-27,1090.0,1935.0,1115.0,903.0,54.07,64.24,59.9,52.4
2015-07-28,1094.0,1990.0,1095.0,903.0,54.3,63.76,59.9,52.4
2015-07-29,1104.0,2103.0,1069.0,898.0,54.73,63.83,59.9,52.4
2015-07-30,1100.0,2116.0,1044.0,892.0,54.29,64.09,59.9,52.4
2015-07-31,1131.0,2209.0,1023.0,899.0,53.29,63.87,59.9,52.4
2015-08-03,1151.0,2308.0,1006.0,900.0,49.49,63.99,59.1,56.2
2015-08-04,1200.0,2512.0,1001.0,899.0,49.08,63.71,59.1,56.2
2015-08-05,1222.0,2604.0,1005.0,901.0,49.04,63.73,59.1,56.2
2015-08-06,1201.0,2514.0,1013.0,904.0,47.8,63.67,59.1,56.2
2015-08-07,1200.0,2512.0,1021.0,904.0,47.54,63.74,59.1,56.2
2015-08-10,1197.0,2499.0,1028.0,901.0,48.3,63.77,59.1,56.2
2015-08-11,1162.0,2367.0,1043.0,900.0,47.33,64.33,59.1,56.2
2015-08-12,1093.0,2107.0,1053.0,899.0,48.29,64.8,59.1,56.2
2015-08-13,1046.0,1875.0,1054.0,901.0,48.01,65.27,59.1,56.2
2015-08-14,1055.0,1884.0,1057.0,905.0,47.79,65.02,59.1,56.2
2015-08-17,1063.0,1913.0,1057.0,908.0,47.77,65.39,59.1,56.2
2015-08-18,1046.0,1838.0,1052.0,915.0,47.0,65.44,59.1,56.2
2015-08-19,1031.0,1773.0,1049.0,920.0,45.75,65.17,59.1,56.2
2015-08-20,1014.0,1679.0,1052.0,924.0,45.63,65.49,59.1,56.2
2015-08-21,994.0,1559.0,1054.0,930.0,43.84,66.02,59.1,56.2
2015-08-24,968.0,1403.0,1052.0,933.0,41.59,66.8,59.1,56.2
2015-08-25,942.0,1248.0,1047.0,934.0,41.86,66.07,59.1,56.2
2015-08-26,918.0,1089.0,1031.0,933.0,41.76,66.11,59.1,56.2
2015-08-27,905.0,1051.0,1000.0,931.0,44.46,65.99,59.1,56.2
2015-08-28,903.0,1071.0,974.0,925.0,47.97,66.14,59.1,56.2
2015-08-31,909.0,1149.75,955.25,915.25,48.5925,66.39,59.1,56.2
2015-09-01,911.0,1176.0,949.0,912.0,48.8,66.34,57.7,57.0
2015-09-02,906.0,1194.0,912.0,896.0,47.67,66.16,57.7,57.0
2015-09-03,891.0,1195.0,870.0,882.0,50.41,66.07,57.7,57.0
2015-09-04,875.0,1187.0,837.0,870.0,48.59,66.7,57.7,57.0
2015-09-07,876.0,1243.0,812.0,857.0,46.42,66.445,57.7,57.0
2015-09-08,873.0,1286.0,793.0,848.0,48.88,66.36,57.7,57.0
2015-09-09,855.0,1256.0,776.0,838.0,48.04,66.47,57.7,57.0
2015-09-10,830.0,1202.0,751.0,824.0,47.77,66.46,57.7,57.0
2015-09-11,818.0,1198.0,735.0,810.0,46.87,66.39,57.7,57.0
2015-09-14,805.0,1185.0,723.0,799.0,45.87,66.32,57.7,57.0
2015-09-15,802.0,1196.0,720.0,789.0,45.91,66.36,57.7,57.0
2015-09-16,814.0,1264.0,716.0,783.0,49.35,66.45,57.7,57.0
2015-09-17,883.0,1637.0,727.0,772.0,48.27,66.12,57.7,57.0
2015-09-18,960.0,1995.0,753.0,762.0,47.28,65.7,57.7,57.0
2015-09-21,978.0,2096.0,769.0,757.0,47.64,65.66,57.7,57.0
2015-09-22,923.0,1873.0,769.0,749.0,46.69,65.85,57.7,57.0
2015-09-23,917.0,1872.0,761.0,742.0,48.0,66.05,57.7,57.0
2015-09-24,922.0,1911.0,751.0,738.0,47.06,66.32,57.7,57.0
2015-09-25,943.0,2024.0,744.0,733.0,47.28,66.12,57.7,57.0
2015-09-28,943.0,2075.0,738.0,724.0,46.04,66.2,57.7,57.0
2015-09-29,926.0,2031.0,725.0,713.0,47.58,65.9,57.7,57.0
2015-09-30,900.0,1936.0,712.0,703.0,47.29,65.5,57.7,57.0
2015-10-01,888.0,1911.0,704.0,695.0,47.48,65.57,54.3,53.1
2015-10-02,889.0,1931.0,701.0,691.0,46.55,65.35,54.3,53.1
2015-10-05,881.0,1901.0,699.0,688.0,49.45,65.12,54.3,53.1
2015-10-06,869.0,1860.0,700.0,681.0,51.34,65.18,54.3,53.1
2015-10-07,841.0,1742.0,709.0,676.0,51.66,64.86,54.3,53.1
2015-10-08,817.0,1598.0,736.0,672.0,52.13,64.97,54.3,53.1
2015-10-09,809.0,1549.0,761.0,669.0,52.08,64.76,54.3,53.1
2015-10-12,809.0,1551.0,768.0,666.0,50.95,64.985,54.3,53.1
2015-10-13,804.0,1531.0,770.0,664.0,48.94,65.06,54.3,53.1
2015-10-14,787.0,1457.0,761.0,662.0,48.25,64.87,54.3,53.1
2015-10-15,766.0,1368.0,742.0,661.0,47.87,64.77,54.3,53.1
2015-10-16,754.0,1318.0,722.0,658.0,48.96,64.7,54.3,53.1
2015-10-19,747.0,1312.0,710.0,656.0,47.51,64.9,54.3,53.1
2015-10-20,762.0,1399.0,701.0,654.0,46.93,64.97,54.3,53.1
2015-10-21,780.0,1483.0,693.0,652.0,46.72,65.19,54.3,53.1
2015-10-22,786.0,1512.0,685.0,649.0,46.59,64.91,54.3,53.1
2015-10-23,774.0,1461.0,683.0,648.0,46.3,64.87,54.3,53.1
2015-10-26,759.0,1403.0,681.0,646.0,46.57,64.83,54.3,53.1
2015-10-27,739.0,1307.0,686.0,645.0,45.54,65.03,54.3,53.1
2015-10-28,736.0,1275.0,687.0,643.0,47.6,64.89,54.3,53.1
2015-10-29,728.0,1254.0,682.0,633.0,48.04,65.35,54.3,53.1
2015-10-30,721.0,1229.0,675.0,629.0,48.0,65.4,54.3,53.1
2015-11-02,706.0,1184.0,665.0,620.0,47.91,65.58,52.5,46.9
2015-11-03,680.0,1099.0,653.0,609.0,48.0,65.57,52.5,46.9
2015-11-04,657.0,1043.0,636.0,596.0,46.96,65.46,52.5,46.9
2015-11-05,640.0,1002.0,618.0,584.0,47.19,65.85,52.5,46.9
2015-11-06,631.0,1003.0,603.0,571.0,46.09,66.13,52.5,46.9
2015-11-09,628.0,1021.0,589.0,562.0,45.38,66.38,52.5,46.9
2015-11-10,622.0,1018.0,575.0,554.0,46.44,66.19,52.5,46.9
2015-11-11,599.0,946.0,555.0,543.0,44.98,66.11500000000001,52.5,46.9
2015-11-12,579.0,881.0,534.0,533.0,44.98,66.04,52.5,46.9
2015-11-13,560.0,809.0,514.0,523.0,41.98,66.12,52.5,46.9
2015-11-16,550.0,770.0,500.0,516.0,40.28,66.01,52.5,46.9
2015-11-17,537.0,733.0,487.0,504.0,41.28,65.96,52.5,46.9
2015-11-18,519.0,671.0,477.0,491.0,41.45,66.16,52.5,46.9
2015-11-19,504.0,619.0,468.0,479.0,42.22,66.05,52.5,46.9
2015-11-20,498.0,606.0,463.0,472.0,42.49,66.06,52.5,46.9
2015-11-23,516.0,698.0,461.0,469.0,43.7,66.37,52.5,46.9
2015-11-24,528.0,731.0,460.0,467.0,44.38,66.32,52.5,46.9
2015-11-25,546.0,807.0,463.0,467.0,43.56,66.36,52.5,46.9
2015-11-26,562.0,898.0,459.0,467.0,43.55,66.61,52.5,46.9
2015-11-27,581.0,989.0,456.0,467.0,43.07,66.86,52.5,46.9
2015-11-30,584.0,1007.0,453.0,469.0,43.73,66.43,52.5,46.9
2015-12-01,598.0,1046.0,450.0,471.0,42.97,66.46,52.2,40.5
2015-12-02,590.0,1001.0,446.0,472.0,41.92,66.53,52.2,40.5
2015-12-03,574.0,931.0,438.0,470.0,42.0,66.82,52.2,40.5
2015-12-04,563.0,890.0,433.0,469.0,41.44,66.65,52.2,40.5
2015-12-07,551.0,852.0,426.0,465.0,39.69,66.74,52.2,40.5
2015-12-08,551.0,870.0,420.0,461.0,39.44,66.77,52.2,40.5
2015-12-09,546.0,857.0,412.0,460.0,39.04,66.83,52.2,40.5
2015-12-10,534.0,824.0,408.0,455.0,38.65,66.7,52.2,40.5
2015-12-11,522.0,779.0,410.0,451.0,36.99,67.1,52.2,40.5
2015-12-14,508.0,722.0,410.0,450.0,36.51,67.09,52.2,40.5
2015-12-15,484.0,623.0,411.0,449.0,37.66,66.79,52.2,40.5
2015-12-16,471.0,549.0,415.0,448.0,36.96,66.6,52.2,40.5
2015-12-17,471.0,524.0,421.0,448.0,36.29,66.32,52.2,40.5
2015-12-18,477.0,524.0,426.0,449.0,36.76,66.23,52.2,40.5
2015-12-21,478.0,512.0,433.0,449.0,35.34,66.19,52.2,40.5
2015-12-22,474.0,485.0,445.0,449.0,35.26,66.19,52.2,40.5
2015-12-23,475.0,469.0,457.0,450.0,35.79,66.04,52.2,40.5
2015-12-24,478.0,470.0,462.0,450.0,37.22,66.0,52.2,40.5
2015-12-28,476.1818181818182,470.72727272727275,462.72727272727275,449.6363636363636,37.08,66.09,52.2,40.5
2015-12-29,475.72727272727275,470.90909090909093,462.90909090909093,449.54545454545456,36.85,66.28,52.2,40.5
2015-12-30,475.27272727272725,471.09090909090907,463.09090909090907,449.45454545454544,35.65,66.44,52.2,40.5
2015-12-31,474.8181818181818,471.27272727272725,463.27272727272725,449.3636363636364,36.61,66.19,52.2,40.5
2016-01-04,473.0,472.0,464.0,449.0,36.28,66.56,49.0,41.9
2016-01-05,468.0,462.0,466.0,445.0,35.56,66.49,49.0,41.9
2016-01-06,467.0,467.0,464.0,442.0,33.89,66.71,49.0,41.9
2016-01-07,445.0,399.0,450.0,436.0,33.57,66.73,49.0,41.9
2016-01-08,429.0,343.0,434.0,430.0,31.67,66.82,49.0,41.9
2016-01-11,415.0,314.0,420.0,422.0,30.14,66.78,49.0,41.9
2016-01-12,402.0,266.0,411.0,416.0,29.14,66.85,49.0,41.9
2016-01-13,394.0,245.0,399.0,412.0,28.58,66.74,49.0,41.9
2016-01-14,383.0,225.0,388.0,402.0,28.84,67.37,49.0,41.9
2016-01-15,373.0,198.0,381.0,394.0,28.8,67.74,49.0,41.9
2016-01-18,369.0,197.0,375.0,388.0,27.36,67.69500000000001,49.0,41.9
2016-01-19,363.0,185.0,369.0,381.0,27.36,67.68,49.0,41.9
2016-01-20,358.0,186.0,360.0,372.0,26.01,68.05,49.0,41.9
2016-01-21,355.0,206.0,346.0,366.0,27.59,67.87,49.0,41.9
2016-01-22,354.0,229.0,334.0,358.0,30.46,67.55,49.0,41.9
2016-01-25,354.0,254.0,325.0,350.0,29.82,67.71,49.0,41.9
2016-01-26,345.0,242.0,312.0,338.0,30.94,67.75,49.0,41.9
2016-01-27,337.0,235.0,303.0,327.0,31.83,67.98,49.0,41.9
2016-01-28,325.0,216.0,293.0,316.0,33.01,68.08,49.0,41.9
2016-01-29,317.0,211.0,287.0,304.0,33.14,67.87,49.0,41.9
2016-02-01,314.0,217.0,282.0,299.0,32.45,67.92,50.3,46.8
2016-02-02,310.0,217.0,282.0,289.0,30.98,67.92,50.3,46.8
2016-02-03,303.0,209.0,284.0,280.0,32.38,67.92,50.3,46.8
2016-02-04,298.0,208.0,289.0,271.0,32.76,67.57,50.3,46.8
2016-02-05,297.0,212.0,295.0,262.0,32.35,67.78,50.3,46.8
2016-02-08,293.0,207.0,298.0,255.0,31.64,67.98,50.3,46.8
2016-02-09,291.0,207.0,297.0,250.0,30.15,67.92,50.3,46.8
2016-02-10,290.0,208.0,301.0,247.0,29.64,67.85,50.3,46.8
2016-02-11,290.0,206.0,312.0,244.0,28.82,68.44,50.3,46.8
2016-02-12,291.0,199.0,324.0,243.0,31.8,68.12,50.3,46.8
2016-02-15,295.0,204.0,334.0,247.0,31.2675,68.39,50.3,46.8
2016-02-16,301.0,223.0,346.0,252.0,31.09,68.48,50.3,46.8
2016-02-17,307.0,223.0,357.0,259.0,33.21,68.33,50.3,46.8
2016-02-18,313.0,220.0,358.0,270.0,33.2,68.54,50.3,46.8
2016-02-19,315.0,207.0,355.0,286.0,31.66,68.54,50.3,46.8
2016-02-22,316.0,197.0,350.0,298.0,33.59,68.53,50.3,46.8
2016-02-23,318.0,189.0,346.0,310.0,31.9,68.55,50.3,46.8
2016-02-24,322.0,186.0,346.0,321.0,31.5,68.53,50.3,46.8
2016-02-25,325.0,182.0,346.0,328.0,32.83,68.84,50.3,46.8
2016-02-26,327.0,177.0,352.0,333.0,35.76,68.82,50.3,46.8
2016-02-29,329.0,174.0,354.0,339.0,35.92,68.21,50.3,46.8
2016-03-01,332.0,174.0,357.0,345.0,35.73,67.75,52.2,56.2
2016-03-02,335.0,171.0,364.0,350.0,36.38,67.4,52.2,56.2
2016-03-03,342.0,166.0,374.0,363.0,35.75,67.15,52.2,56.2
2016-03-04,349.0,164.0,386.0,371.0,37.61,66.9,52.2,56.2
2016-03-07,354.0,161.0,397.0,377.0,39.02,66.97,52.2,56.2
2016-03-08,366.0,180.0,422.0,386.0,39.16,67.3,52.2,56.2
2016-03-09,376.0,178.0,447.0,399.0,40.26,67.07,52.2,56.2
2016-03-10,384.0,178.0,466.0,412.0,38.63,67.2,52.2,56.2
2016-03-11,388.0,176.0,477.0,420.0,39.41,66.93,52.2,56.2
2016-03-14,393.0,179.0,481.0,427.0,38.06,67.15,52.2,56.2
2016-03-15,396.0,186.0,481.0,432.0,37.49,67.33,52.2,56.2
2016-03-16,393.0,172.0,474.0,439.0,38.38,67.24,52.2,56.2
2016-03-17,392.0,178.0,467.0,445.0,39.29,66.61,52.2,56.2
2016-03-18,395.0,197.0,463.0,449.0,39.26,66.34,52.2,56.2
2016-03-21,398.0,197.0,459.0,460.0,39.91,66.45,52.2,56.2
2016-03-22,398.0,186.0,455.0,464.0,40.54,66.58,52.2,56.2
2016-03-23,401.0,196.0,458.0,468.0,38.84,66.82,52.2,56.2
2016-03-24,406.0,203.0,466.0,473.0,38.33,66.82,52.2,56.2
2016-03-25,406.6,203.8,467.0,473.2,38.33,66.82,52.2,56.2
2016-03-28,408.4,206.2,470.0,473.8,38.33,66.58,52.2,56.2
2016-03-29,409.0,207.0,471.0,474.0,36.75,66.46,52.2,56.2
2016-03-30,414.0,210.0,484.0,475.0,36.75,66.37,52.2,56.2
2016-03-31,429.0,270.0,501.0,476.0,36.75,66.25,52.2,56.2
2016-04-01,450.0,345.0,535.0,476.0,36.42,66.34,50.7,60.9
2016-04-04,471.0,424.0,563.0,479.0,36.05,66.05,50.7,60.9
2016-04-05,487.0,466.0,596.0,479.0,35.88,66.4,50.7,60.9
2016-04-06,500.0,477.0,619.0,482.0,37.77,66.49,50.7,60.9
2016-04-07,517.0,562.0,627.0,485.0,37.15,66.7,50.7,60.9
2016-04-08,539.0,656.0,643.0,488.0,40.71,66.49,50.7,60.9
2016-04-11,555.0,733.0,654.0,492.0,41.58,66.33,50.7,60.9
2016-04-12,560.0,744.0,666.0,498.0,43.02,66.35,50.7,60.9
2016-04-13,567.0,744.0,678.0,506.0,42.81,66.62,50.7,60.9
2016-04-14,597.0,831.0,700.0,514.0,43.02,66.56,50.7,60.9
2016-04-15,635.0,949.0,727.0,525.0,41.32,66.49,50.7,60.9
2016-04-18,659.0,1030.0,740.0,529.0,41.64,66.42,50.7,60.9
2016-04-19,671.0,1065.0,746.0,534.0,43.02,66.12,50.7,60.9
2016-04-20,669.0,1022.0,747.0,543.0,43.09,66.12,50.7,60.9
2016-04-21,670.0,1004.0,743.0,551.0,43.48,66.43,50.7,60.9
2016-04-22,688.0,1085.0,736.0,558.0,43.97,66.6,50.7,60.9
2016-04-25,690.0,1087.0,727.0,562.0,42.97,66.65,50.7,60.9
2016-04-26,704.0,1135.0,718.0,564.0,43.94,66.4,50.7,60.9
2016-04-27,715.0,1160.0,704.0,573.0,44.17,66.52,50.7,60.9
2016-04-28,710.0,1137.0,685.0,578.0,45.6,66.39,50.7,60.9
2016-04-29,703.0,1117.0,667.0,582.0,45.64,66.39,50.7,60.9
2016-05-02,687.25,1070.5,646.75,582.75,45.82,66.36,51.3,55.1
2016-05-03,682.0,1055.0,640.0,583.0,43.09,66.51,51.3,55.1
2016-05-04,652.0,954.0,621.0,583.0,43.08,66.63,51.3,55.1
2016-05-05,642.0,915.0,607.0,582.0,44.39,66.53,51.3,55.1
2016-05-06,631.0,892.0,591.0,578.0,44.6,66.52,51.3,55.1
2016-05-09,616.0,837.0,584.0,575.0,42.43,66.7,51.3,55.1
2016-05-10,594.0,752.0,581.0,567.0,44.01,66.58,51.3,55.1
2016-05-11,579.0,713.0,583.0,560.0,46.08,66.53,51.3,55.1
2016-05-12,579.0,724.0,589.0,555.0,46.43,66.7,51.3,55.1
2016-05-13,600.0,798.0,597.0,553.0,47.05,66.84,51.3,55.1
2016-05-16,613.0,854.0,598.0,552.0,48.49,66.78,51.3,55.1
2016-05-17,643.0,988.0,604.0,552.0,48.71,66.74,51.3,55.1
2016-05-18,642.0,954.0,611.0,553.0,48.93,66.95,51.3,55.1
2016-05-19,634.0,906.0,617.0,558.0,47.01,67.57,51.3,55.1
2016-05-20,625.0,870.0,614.0,562.0,48.54,67.42,51.3,55.1
2016-05-23,624.0,870.0,611.0,565.0,47.77,67.47,51.3,55.1
2016-05-24,618.0,848.0,608.0,568.0,48.42,67.59,51.3,55.1
2016-05-25,605.0,799.0,596.0,571.0,48.87,67.28,51.3,55.1
2016-05-26,601.0,793.0,586.0,575.0,49.52,66.9,51.3,55.1
2016-05-27,606.0,830.0,582.0,579.0,49.09,66.96,51.3,55.1
2016-05-31,612.0,854.0,574.0,580.0,49.26,67.12,51.3,55.1
2016-06-01,612.0,861.0,568.0,578.0,48.81,67.44,52.9,52.0
2016-06-02,606.0,854.0,560.0,575.0,49.05,67.22,52.9,52.0
2016-06-03,610.0,913.0,550.0,574.0,48.5,66.99,52.9,52.0
2016-06-06,607.0,922.0,544.0,570.0,48.94,66.81,52.9,52.0
2016-06-07,606.0,920.0,542.0,567.0,49.76,66.64,52.9,52.0
2016-06-08,610.0,973.0,540.0,564.0,50.73,66.51,52.9,52.0
2016-06-09,611.0,995.0,543.0,560.0,50.59,66.68,52.9,52.0
2016-06-10,610.0,1006.0,543.0,557.0,49.7,66.84,52.9,52.0
2016-06-13,609.0,1014.0,542.0,554.0,49.36,67.17,52.9,52.0
2016-06-14,608.0,1018.0,543.0,552.0,47.88,67.34,52.9,52.0
2016-06-15,604.0,1000.0,545.0,552.0,47.47,67.08,52.9,52.0
2016-06-16,598.0,976.0,545.0,554.0,45.66,67.43,52.9,52.0
2016-06-17,587.0,927.0,546.0,555.0,46.57,67.11,52.9,52.0
2016-06-20,582.0,897.0,546.0,559.0,48.68,67.54,52.9,52.0
2016-06-21,580.0,873.0,548.0,563.0,48.18,67.73,52.9,52.0
2016-06-22,585.0,878.0,556.0,570.0,48.43,67.49,52.9,52.0
2016-06-23,596.0,897.0,569.0,577.0,48.63,67.29,52.9,52.0
2016-06-24,609.0,913.0,585.0,583.0,46.69,67.82,52.9,52.0
2016-06-27,616.0,919.0,601.0,587.0,45.07,67.92,52.9,52.0
2016-06-28,627.0,936.0,618.0,593.0,46.29,67.86,52.9,52.0
2016-06-29,640.0,955.0,634.0,606.0,48.4,67.42,52.9,52.0
2016-06-30,660.0,996.0,662.0,619.0,48.05,67.51,52.9,52.0
2016-07-01,677.0,1030.0,691.0,627.0,47.65,67.24,61.2,57.3
2016-07-04,688.0,1049.0,710.0,633.0,48.02,67.36,61.2,57.3
2016-07-05,692.0,1034.0,735.0,637.0,45.64,67.4,61.2,57.3
2016-07-06,694.0,1019.0,755.0,639.0,45.7,67.45,61.2,57.3
2016-07-07,699.0,1008.0,779.0,644.0,45.93,67.49,61.2,57.3
2016-07-08,703.0,1002.0,792.0,647.0,44.53,67.13,61.2,57.3
2016-07-11,704.0,991.0,799.0,651.0,44.04,67.11,61.2,57.3
2016-07-12,711.0,987.0,809.0,666.0,46.72,67.05,61.2,57.3
2016-07-13,726.0,1010.0,819.0,679.0,44.67,66.99,61.2,57.3
2016-07-14,738.0,1020.0,842.0,686.0,46.01,66.81,61.2,57.3
2016-07-15,745.0,1023.0,863.0,693.0,46.25,67.07,61.2,57.3
2016-07-18,748.0,1016.0,874.0,697.0,45.35,67.14,61.2,57.3
2016-07-19,746.0,986.0,879.0,700.0,45.7,67.14,61.2,57.3
2016-07-20,736.0,937.0,872.0,702.0,45.82,67.18,61.2,57.3
2016-07-21,726.0,906.0,850.0,701.0,44.99,67.15,61.2,57.3
2016-07-22,718.0,895.0,827.0,698.0,44.24,67.19,61.2,57.3
2016-07-25,709.0,877.0,806.0,697.0,43.76,67.41,61.2,57.3
2016-07-26,696.0,841.0,784.0,690.0,43.56,67.34,61.2,57.3
2016-07-27,679.0,803.0,752.0,684.0,42.78,67.14,61.2,57.3
2016-07-28,665.0,780.0,719.0,676.0,41.87,66.96,61.2,57.3
2016-07-29,656.0,768.0,692.0,671.0,40.76,66.77,61.2,57.3
2016-08-01,650.0,757.0,673.0,667.0,40.17,66.63,67.4,60.9
2016-08-02,645.0,757.0,658.0,663.0,40.0,66.65,67.4,60.9
2016-08-03,641.0,758.0,648.0,660.0,40.45,66.8,67.4,60.9
2016-08-04,636.0,759.0,641.0,654.0,41.33,66.76,67.4,60.9
2016-08-05,636.0,770.0,640.0,647.0,42.47,66.84,67.4,60.9
2016-08-08,636.0,777.0,638.0,645.0,43.24,66.82,67.4,60.9
2016-08-09,631.0,770.0,642.0,642.0,43.37,66.76,67.4,60.9
2016-08-10,638.0,795.0,659.0,639.0,42.19,66.72,67.4,60.9
2016-08-11,653.0,833.0,687.0,640.0,44.23,66.75,67.4,60.9
2016-08-12,671.0,891.0,703.0,643.0,45.12,66.82,67.4,60.9
2016-08-15,681.0,920.0,713.0,646.0,47.31,66.85,67.4,60.9
2016-08-16,687.0,926.0,721.0,652.0,48.27,66.83,67.4,60.9
2016-08-17,685.0,885.0,726.0,666.0,48.58,66.96,67.4,60.9
2016-08-18,682.0,852.0,727.0,677.0,49.46,66.83,67.4,60.9
2016-08-19,683.0,843.0,727.0,686.0,49.39,67.13,67.4,60.9
2016-08-22,687.0,848.0,721.0,694.0,48.1,67.18,67.4,60.9
2016-08-23,692.0,861.0,714.0,702.0,48.7,67.09,67.4,60.9
2016-08-24,706.0,910.0,706.0,707.0,47.56,67.14,67.4,60.9
2016-08-25,718.0,974.0,700.0,712.0,49.25,67.01,67.4,60.9
2016-08-26,720.0,1001.0,687.0,715.0,49.66,66.98,67.4,60.9
2016-08-29,716.25,989.75,677.25,718.0,49.66,67.15,67.4,60.9
2016-08-30,715.0,986.0,674.0,719.0,47.94,67.14,67.4,60.9
2016-08-31,711.0,978.0,660.0,721.0,47.94,66.94,67.4,60.9
2016-09-01,712.0,1002.0,652.0,723.0,45.05,66.85,72.7,57.8
2016-09-02,720.0,1054.0,644.0,721.0,45.96,66.6,72.7,57.8
2016-09-05,724.0,1079.0,640.0,718.0,46.72,66.36,72.7,57.8
2016-09-06,745.0,1182.0,641.0,714.0,46.21,66.28,72.7,57.8
2016-09-07,773.0,1371.0,648.0,702.0,47.0,66.42,72.7,57.8
2016-09-08,792.0,1478.0,655.0,694.0,49.23,66.52,72.7,57.8
2016-09-09,804.0,1566.0,658.0,688.0,48.37,66.76,72.7,57.8
2016-09-12,804.0,1581.0,659.0,681.0,47.82,66.79,72.7,57.8
2016-09-13,796.0,1607.0,656.0,671.0,46.48,67.03,72.7,57.8
2016-09-14,756.0,1444.0,649.0,665.0,45.65,66.78,72.7,57.8
2016-09-15,764.0,1487.0,645.0,661.0,45.83,66.84,72.7,57.8
2016-09-16,800.0,1680.0,646.0,660.0,45.26,67.1,72.7,57.8
2016-09-19,836.0,1853.0,650.0,661.0,46.04,66.94,72.7,57.8
2016-09-20,865.0,1964.0,657.0,660.0,45.24,66.97,72.7,57.8
2016-09-21,903.0,2118.0,673.0,662.0,45.99,66.99,72.7,57.8
2016-09-22,937.0,2389.0,700.0,688.0,47.21,66.6,72.7,57.8
2016-09-23,941.0,2383.0,722.0,671.0,46.71,66.66,72.7,57.8
2016-09-26,934.0,2325.0,739.0,673.0,46.61,66.56,72.7,57.8
2016-09-27,930.0,2298.0,750.0,674.0,44.95,66.5,72.7,57.8
2016-09-28,912.0,2196.0,751.0,676.0,45.49,66.5,72.7,57.8
2016-09-29,888.0,2067.0,741.0,676.0,48.43,66.72,72.7,57.8
2016-09-30,875.0,2008.0,726.0,679.0,48.24,66.58,72.7,57.8
2016-10-03,864.0,1971.0,713.0,681.0,48.61,66.52,94.2,59.1
2016-10-04,860.0,1970.0,705.0,681.0,48.81,66.49,94.2,59.1
2016-10-05,869.0,2012.0,699.0,680.0,49.57,66.53,94.2,59.1
2016-10-06,915.0,2218.0,704.0,678.0,50.14,66.7,94.2,59.1
2016-10-07,921.0,2245.0,717.0,677.0,50.49,66.61,94.2,59.1
2016-10-10,922.0,2235.0,729.0,677.0,51.54,66.76,94.2,59.1
2016-10-11,922.0,2235.0,745.0,676.0,50.48,66.81,94.2,59.1
2016-10-12,906.0,2154.0,763.0,674.0,49.53,66.85,94.2,59.1
2016-10-13,885.0,2018.0,790.0,673.0,49.29,66.84,94.2,59.1
2016-10-14,892.0,2018.0,819.0,674.0,48.87,66.69,94.2,59.1
2016-10-17,894.0,2003.0,838.0,676.0,49.31,66.8,94.2,59.1
2016-10-18,890.0,1950.0,860.0,678.0,49.81,66.71,94.2,59.1
2016-10-19,872.0,1826.0,885.0,682.0,51.85,66.64,94.2,59.1
2016-10-20,849.0,1637.0,905.0,691.0,50.42,66.83,94.2,59.1
2016-10-21,842.0,1575.0,915.0,700.0,50.28,66.94,94.2,59.1
2016-10-24,831.0,1471.0,923.0,705.0,49.8,66.89,94.2,59.1
2016-10-25,813.0,1348.0,925.0,710.0,49.08,66.8,94.2,59.1
2016-10-26,802.0,1275.0,925.0,714.0,48.98,66.83,94.2,59.1
2016-10-27,798.0,1248.0,921.0,719.0,49.13,66.85,94.2,59.1
2016-10-28,834.0,1417.0,913.0,722.0,47.78,66.78,94.2,59.1
2016-10-31,857.0,1534.0,905.0,722.0,46.2,66.72,94.2,59.1
2016-11-01,838.0,1443.0,895.0,721.0,45.77,66.7,103.4,73.1
2016-11-02,834.0,1451.0,885.0,718.0,44.26,66.66,103.4,73.1
2016-11-03,849.0,1544.0,886.0,718.0,43.84,66.68,103.4,73.1
2016-11-04,855.0,1593.0,885.0,716.0,43.06,66.75,103.4,73.1
2016-11-07,870.0,1636.0,889.0,712.0,42.83,66.73,103.4,73.1
2016-11-08,911.0,1786.0,903.0,708.0,43.47,66.39,103.4,73.1
2016-11-09,954.0,1954.0,927.0,703.0,43.88,66.48,103.4,73.1
2016-11-10,974.0,2010.0,956.0,703.0,43.67,66.86,103.4,73.1
2016-11-11,1045.0,2303.0,1011.0,705.0,41.61,67.09,103.4,73.1
2016-11-14,1065.0,2338.0,1058.0,707.0,41.83,67.78,103.4,73.1
2016-11-15,1084.0,2282.0,1162.0,713.0,44.15,67.8,103.4,73.1
2016-11-16,1145.0,2441.0,1263.0,722.0,45.07,68.07,103.4,73.1
2016-11-17,1231.0,2731.0,1353.0,748.0,44.57,67.93,103.4,73.1
2016-11-18,1257.0,2752.0,1388.0,809.0,44.41,68.12,103.4,73.1
2016-11-21,1240.0,2638.0,1387.0,835.0,45.96,68.23,103.4,73.1
2016-11-22,1232.0,2598.0,1382.0,852.0,46.1,68.4,103.4,73.1
2016-11-23,1224.0,2507.0,1387.0,874.0,46.54,68.86,103.4,73.1
2016-11-24,1201.0,2374.0,1385.0,897.0,47.54,68.725,103.4,73.1
2016-11-25,1181.0,2263.0,1389.0,908.0,46.32,68.59,103.4,73.1
2016-11-28,1184.0,2260.0,1400.0,904.0,46.64,68.56,103.4,73.1
2016-11-29,1202.0,2304.0,1424.0,908.0,44.68,68.64,103.4,73.1
2016-11-30,1204.0,2263.0,1465.0,912.0,47.95,68.56,103.4,73.1
2016-12-01,1196.0,2206.0,1486.0,917.0,52.28,68.29,88.2,80.0
2016-12-02,1198.0,2193.0,1508.0,921.0,52.35,68.04,88.2,80.0
2016-12-05,1196.0,2137.0,1541.0,929.0,53.3,68.06,88.2,80.0
2016-12-06,1186.0,2067.0,1563.0,934.0,52.31,67.72,88.2,80.0
2016-12-07,1162.0,1935.0,1565.0,941.0,51.9,67.5,88.2,80.0
2016-12-08,1122.0,1724.0,1547.0,957.0,51.6,67.42,88.2,80.0
2016-12-09,1090.0,1575.0,1508.0,966.0,52.19,67.51,88.2,80.0
2016-12-12,1069.0,1464.0,1469.0,968.0,53.99,67.38,88.2,80.0
2016-12-13,1052.0,1404.0,1419.0,972.0,53.28,67.47,88.2,80.0
2016-12-14,1003.0,1169.0,1332.0,975.0,53.15,67.43,88.2,80.0
2016-12-15,966.0,1058.0,1234.0,968.0,51.72,67.91,88.2,80.0
2016-12-16,946.0,1048.0,1126.0,960.0,54.15,67.82,88.2,80.0
2016-12-19,927.0,1039.0,1037.0,953.0,53.53,67.83,88.2,80.0
2016-12-20,914.0,1044.0,976.0,941.0,54.56,67.97,88.2,80.0
2016-12-21,926.0,1144.0,905.0,926.0,53.01,67.82,88.2,80.0
2016-12-22,928.0,1219.0,866.0,914.0,54.04,67.86,88.2,80.0
2016-12-23,961.0,1385.0,852.0,903.0,53.93,67.84,88.2,80.0
2016-12-27,958.0909090909091,1440.6363636363637,837.0909090909091,881.1818181818181,54.746,68.01,88.2,80.0
2016-12-28,957.3636363636364,1454.5454545454545,833.3636363636364,875.7272727272727,54.95,68.2,88.2,80.0
2016-12-29,956.6363636363636,1468.4545454545455,829.6363636363636,870.2727272727273,54.97,67.91,88.2,80.0
2016-12-30,955.9090909090909,1482.3636363636363,825.9090909090909,864.8181818181819,54.96,67.92,88.2,80.0
2017-01-03,953.0,1538.0,811.0,843.0,55.05,68.37,83.7,80.4
2017-01-04,969.0,1674.0,807.0,820.0,54.57,67.9,83.7,80.4
2017-01-05,983.0,1759.0,837.0,795.0,54.99,67.74,83.7,80.4
2017-01-06,963.0,1658.0,892.0,783.0,55.9,68.12,83.7,80.4
2017-01-09,949.0,1598.0,927.0,772.0,54.39,68.08,83.7,80.4
2017-01-10,926.0,1470.0,973.0,766.0,53.2,68.25,83.7,80.4
2017-01-11,894.0,1326.0,1021.0,758.0,53.61,68.39,83.7,80.4
2017-01-12,892.0,1294.0,1038.0,748.0,54.51,67.99,83.7,80.4
2017-01-13,910.0,1383.0,1042.0,739.0,54.37,68.16,83.7,80.4
2017-01-16,925.0,1468.0,1039.0,733.0,54.3,67.965,83.7,80.4
2017-01-17,922.0,1509.0,1019.0,730.0,54.68,67.9,83.7,80.4
2017-01-18,952.0,1673.0,998.0,725.0,53.77,68.12,83.7,80.4
2017-01-19,942.0,1665.0,981.0,722.0,53.18,68.1,83.7,80.4
2017-01-20,925.0,1610.0,970.0,718.0,55.04,68.10249999999999,83.7,80.4
2017-01-23,914.0,1579.0,962.0,714.0,54.8,68.11,83.7,80.4
2017-01-24,886.0,1466.0,964.0,708.0,54.7,68.12,83.7,80.4
2017-01-25,862.0,1369.0,972.0,702.0,54.34,68.04,83.7,80.4
2017-01-26,840.0,1287.0,973.0,696.0,55.89,68.17,83.7,80.4
2017-01-27,827.0,1239.0,968.0,692.0,54.8,68.06,83.7,80.4
2017-01-30,816.0,1205.0,964.0,688.0,54.77,67.8,83.7,80.4
2017-01-31,800.0,1167.0,951.0,679.0,55.25,67.48,83.7,80.4
2017-02-01,786.0,1122.0,933.0,674.0,55.79,67.4,80.0,89.4
2017-02-02,770.0,1064.0,926.0,670.0,55.94,67.2,80.0,89.4
2017-02-03,752.0,981.0,922.0,667.0,55.92,67.18,80.0,89.4
2017-02-06,735.0,911.0,922.0,665.0,55.02,67.2,80.0,89.4
2017-02-07,714.0,803.0,931.0,663.0,53.79,67.35,80.0,89.4
2017-02-08,702.0,725.0,934.0,665.0,54.42,67.04,80.0,89.4
2017-02-09,707.0,728.0,940.0,668.0,53.98,66.71,80.0,89.4
2017-02-10,702.0,687.0,943.0,672.0,55.2,66.8,80.0,89.4
2017-02-13,688.0,609.0,944.0,676.0,54.15,66.99,80.0,89.4
2017-02-14,685.0,567.0,939.0,681.0,54.96,66.88,80.0,89.4
2017-02-15,688.0,556.0,933.0,689.0,54.57,66.85,80.0,89.4
2017-02-16,710.0,620.0,923.0,707.0,54.16,67.12,80.0,89.4
2017-02-17,741.0,739.0,917.0,729.0,54.48,67.09,80.0,89.4
2017-02-20,757.0,791.0,909.0,747.0,55.25,67.02250000000001,80.0,89.4
2017-02-21,778.0,856.0,906.0,764.0,56.34,67.0,80.0,89.4
2017-02-22,806.0,951.0,908.0,783.0,54.9,66.95,80.0,89.4
2017-02-23,856.0,1134.0,927.0,797.0,55.82,66.68,80.0,89.4
2017-02-24,875.0,1165.0,947.0,809.0,54.69,66.68,80.0,89.4
2017-02-27,878.0,1151.0,966.0,817.0,54.65,66.69,80.0,89.4
2017-02-28,859.0,1021.0,995.0,825.0,53.36,66.67,80.0,89.4
2017-03-01,871.0,994.0,1041.0,833.0,55.72,66.83,80.9,87.7
2017-03-02,904.0,1097.0,1084.0,840.0,54.16,66.75,80.9,87.7
2017-03-03,939.0,1227.0,1118.0,846.0,54.12,66.76,80.9,87.7
2017-03-06,979.0,1345.0,1154.0,852.0,54.73,66.64,80.9,87.7
2017-03-07,1033.0,1556.0,1194.0,861.0,54.61,66.62,80.9,87.7
2017-03-08,1045.0,1578.0,1220.0,868.0,53.3,66.76,80.9,87.7
2017-03-09,1064.0,1678.0,1220.0,872.0,50.65,66.64,80.9,87.7
2017-03-10,1086.0,1789.0,1211.0,874.0,50.63,66.6,80.9,87.7
2017-03-13,1099.0,1843.0,1207.0,875.0,50.1,66.15,80.9,87.7
2017-03-14,1112.0,1929.0,1185.0,877.0,49.6,65.76,80.9,87.7
2017-03-15,1147.0,2136.0,1150.0,877.0,50.63,65.62,80.9,87.7
2017-03-16,1172.0,2265.0,1129.0,877.0,50.56,65.4,80.9,87.7
2017-03-17,1196.0,2413.0,1108.0,879.0,50.58,65.38,80.9,87.7
2017-03-20,1205.0,2466.0,1103.0,884.0,50.67,65.3,80.9,87.7
2017-03-21,1200.0,2441.0,1101.0,886.0,50.14,65.31,80.9,87.7
2017-03-22,1190.0,2378.0,1119.0,888.0,49.56,65.45,80.9,87.7
2017-03-23,1196.0,2345.0,1170.0,892.0,50.17,65.41,80.9,87.7
2017-03-24,1240.0,2482.0,1218.0,896.0,49.97,65.4,80.9,87.7
2017-03-27,1282.0,2620.0,1253.0,895.0,50.12,65.05,80.9,87.7
2017-03-28,1333.0,2765.0,1306.0,893.0,50.72,65.02,80.9,87.7
2017-03-29,1338.0,2755.0,1346.0,885.0,51.36,64.87,80.9,87.7
2017-03-30,1324.0,2690.0,1366.0,882.0,52.25,64.85,80.9,87.7
2017-03-31,1297.0,2597.0,1374.0,881.0,52.2,64.85,80.9,87.7
2017-04-03,1282.0,2518.0,1379.0,882.0,52.04,65.03,83.7,70.2
2017-04-04,1255.0,2382.0,1377.0,881.0,53.08,65.1,83.7,70.2
2017-04-05,1223.0,2229.0,1371.0,880.0,53.41,64.87,83.7,70.2
2017-04-06,1215.0,2184.0,1387.0,882.0,53.62,64.58,83.7,70.2
2017-04-07,1223.0,2173.0,1427.0,886.0,54.24,64.26,83.7,70.2
2017-04-10,1231.0,2165.0,1466.0,888.0,54.79,64.55,83.7,70.2
2017-04-11,1262.0,2227.0,1533.0,891.0,54.73,64.55,83.7,70.2
2017-04-12,1282.0,2252.0,1583.0,893.0,54.75,64.68,83.7,70.2
2017-04-13,1296.0,2249.0,1611.0,899.0,55.05,64.42,83.7,70.2
2017-04-14,1295.6,2243.2,1613.0,898.8,54.985,64.42,83.7,70.2
2017-04-17,1294.4,2225.8,1619.0,898.2,54.79,64.53,83.7,70.2
2017-04-18,1294.0,2220.0,1621.0,898.0,52.6,64.56,83.7,70.2
2017-04-19,1278.0,2130.0,1612.0,900.0,52.43,64.62,83.7,70.2
2017-04-20,1243.0,1991.0,1553.0,899.0,50.66,64.61,83.7,70.2
2017-04-21,1195.0,1830.0,1494.0,895.0,49.93,64.65,83.7,70.2
2017-04-24,1170.0,1780.0,1429.0,892.0,49.45,64.48,83.7,70.2
2017-04-25,1154.0,1767.0,1371.0,887.0,49.37,64.32,83.7,70.2
2017-04-26,1147.0,1790.0,1320.0,881.0,49.99,64.08,83.7,70.2
2017-04-27,1134.0,1798.0,1260.0,870.0,49.46,64.14,83.7,70.2
2017-04-28,1109.0,1779.0,1187.0,861.0,49.46,64.27,83.7,70.2
2017-05-01,1082.0,1695.75,1151.75,852.0,50.41,64.25,74.4,62.4
2017-05-02,1073.0,1668.0,1140.0,849.0,49.31,64.16,74.4,62.4
2017-05-03,1034.0,1542.0,1096.0,835.0,48.82,64.17,74.4,62.4
2017-05-04,1004.0,1458.0,1048.0,822.0,47.53,64.22,74.4,62.4
2017-05-05,994.0,1480.0,1023.0,811.0,47.45,64.31,74.4,62.4
2017-05-08,1001.0,1571.0,1009.0,799.0,46.61,64.32,74.4,62.4
2017-05-09,1007.0,1635.0,1007.0,794.0,47.06,64.66,74.4,62.4
2017-05-10,1005.0,1645.0,1011.0,790.0,48.09,64.53,74.4,62.4
2017-05-11,1012.0,1695.0,1006.0,787.0,49.18,64.43,74.4,62.4
2017-05-12,1014.0,1725.0,992.0,784.0,49.08,64.24,74.4,62.4
2017-05-15,994.0,1661.0,978.0,782.0,51.29,64.04,74.4,62.4
2017-05-16,980.0,1632.0,956.0,778.0,51.21,64.03,74.4,62.4
2017-05-17,960.0,1590.0,925.0,771.0,51.76,64.11,74.4,62.4
2017-05-18,957.0,1638.0,894.0,764.0,51.71,64.87,74.4,62.4
2017-05-19,956.0,1668.0,870.0,759.0,52.78,64.56,74.4,62.4
2017-05-22,954.0,1704.0,854.0,753.0,53.35,64.53,74.4,62.4
2017-05-23,949.0,1706.0,850.0,746.0,53.19,64.85,74.4,62.4
2017-05-24,934.0,1654.0,849.0,737.0,53.29,64.74,74.4,62.4
2017-05-25,918.0,1595.0,848.0,728.0,52.25,64.55,74.4,62.4
2017-05-26,912.0,1591.0,845.0,721.0,50.84,64.5,74.4,62.4
2017-05-29,903.0,1570.75,842.75,714.25,52.25,64.62,74.4,62.4
2017-05-30,900.0,1564.0,842.0,712.0,50.65,64.66,74.4,62.4
2017-05-31,878.0,1511.0,829.0,698.0,49.4,64.5,74.4,62.4
2017-06-01,850.0,1430.0,810.0,685.0,50.41,64.39,81.1,57.5
2017-06-02,830.0,1374.0,792.0,674.0,48.46,64.41,81.1,57.5
2017-06-05,821.0,1353.0,789.0,666.0,48.25,64.34,81.1,57.5
2017-06-06,818.0,1366.0,783.0,658.0,48.11,64.42,81.1,57.5
2017-06-07,821.0,1379.0,783.0,652.0,47.08,64.39,81.1,57.5
2017-06-08,824.0,1381.0,793.0,649.0,46.3,64.24,81.1,57.5
2017-06-09,849.0,1438.0,813.0,654.0,46.64,64.24,81.1,57.5
2017-06-12,870.0,1481.0,833.0,658.0,47.18,64.48,81.1,57.5
2017-06-13,870.0,1442.0,865.0,665.0,46.95,64.33,81.1,57.5
2017-06-14,865.0,1362.0,903.0,679.0,45.47,64.23,81.1,57.5
2017-06-15,855.0,1277.0,938.0,690.0,45.61,64.58,81.1,57.5
2017-06-16,851.0,1213.0,964.0,701.0,45.7,64.5,81.1,57.5
2017-06-19,848.0,1169.0,984.0,708.0,45.93,64.45,81.1,57.5
2017-06-20,847.0,1110.0,1017.0,717.0,43.98,64.54,81.1,57.5
2017-06-21,844.0,1020.0,1070.0,724.0,44.62,64.52,81.1,57.5
2017-06-22,855.0,993.0,1109.0,734.0,44.46,64.6,81.1,57.5
2017-06-23,870.0,987.0,1138.0,744.0,44.14,64.47,81.1,57.5
2017-06-26,884.0,1005.0,1145.0,750.0,44.09,64.43,81.1,57.5
2017-06-27,903.0,1066.0,1151.0,757.0,46.17,64.47,81.1,57.5
2017-06-28,929.0,1170.0,1150.0,761.0,46.45,64.55,81.1,57.5
2017-06-29,920.0,1146.0,1119.0,758.0,47.02,64.66,81.1,57.5
2017-06-30,901.0,1086.0,1091.0,754.0,47.08,64.62,81.1,57.5
2017-07-03,882.0,1032.0,1068.0,751.0,49.13,64.84,87.5,67.7
2017-07-04,871.0,997.0,1062.0,747.0,49.15,64.82,87.5,67.7
2017-07-05,847.0,901.0,1060.0,742.0,47.58,64.8,87.5,67.7
2017-07-06,829.0,818.0,1063.0,735.0,48.53,64.72,87.5,67.7
2017-07-07,822.0,753.0,1062.0,732.0,46.47,64.62,87.5,67.7
2017-07-10,820.0,730.0,1061.0,729.0,46.57,64.45,87.5,67.7
2017-07-11,830.0,755.0,1069.0,733.0,46.68,64.54,87.5,67.7
2017-07-12,859.0,846.0,1098.0,744.0,46.73,64.53,87.5,67.7
2017-07-13,888.0,928.0,1141.0,758.0,47.65,64.46,87.5,67.7
2017-07-14,900.0,933.0,1173.0,769.0,47.89,64.38,87.5,67.7
2017-07-17,912.0,933.0,1202.0,776.0,47.66,64.34,87.5,67.7
2017-07-18,932.0,984.0,1226.0,786.0,47.92,64.32,87.5,67.7
2017-07-19,948.0,1028.0,1252.0,798.0,48.34,64.24,87.5,67.7
2017-07-20,964.0,1093.0,1260.0,807.0,48.54,64.37,87.5,67.7
2017-07-21,977.0,1154.0,1258.0,812.0,47.47,64.38,87.5,67.7
2017-07-24,977.0,1171.0,1248.0,814.0,47.81,64.39,87.5,67.7
2017-07-25,980.0,1221.0,1225.0,813.0,49.19,64.38,87.5,67.7
2017-07-26,968.0,1206.0,1192.0,807.0,50.08,64.32,87.5,67.7
2017-07-27,942.0,1138.0,1146.0,798.0,50.67,64.11,87.5,67.7
2017-07-28,933.0,1139.0,1109.0,789.0,52.0,64.11,87.5,67.7
2017-07-31,946.0,1225.0,1095.0,783.0,51.99,64.18,87.5,67.7
2017-08-01,965.0,1331.0,1098.0,779.0,50.77,64.06,98.6,76.1
2017-08-02,993.0,1475.0,1118.0,772.0,52.09,63.64,98.6,76.1
2017-08-03,1023.0,1602.0,1143.0,767.0,52.88,63.67,98.6,76.1
2017-08-04,1032.0,1637.0,1153.0,764.0,52.48,63.64,98.6,76.1
2017-08-07,1036.0,1655.0,1158.0,762.0,51.42,63.83,98.6,76.1
2017-08-08,1038.0,1659.0,1170.0,759.0,52.18,63.69,98.6,76.1
2017-08-09,1050.0,1702.0,1192.0,756.0,52.16,63.86,98.6,76.1
2017-08-10,1092.0,1837.0,1228.0,756.0,52.59,64.05,98.6,76.1
2017-08-11,1138.0,2013.0,1256.0,759.0,51.47,64.14,98.6,76.1
2017-08-14,1155.0,2093.0,1272.0,760.0,51.29,64.08,98.6,76.1
2017-08-15,1169.0,2155.0,1289.0,765.0,49.9,64.12,98.6,76.1
2017-08-16,1207.0,2324.0,1310.0,776.0,50.39,64.16,98.6,76.1
2017-08-17,1247.0,2542.0,1336.0,791.0,50.37,64.15,98.6,76.1
2017-08-18,1260.0,2574.0,1345.0,806.0,50.96,64.1,98.6,76.1
2017-08-21,1266.0,2584.0,1349.0,817.0,51.94,64.1,98.6,76.1
2017-08-22,1249.0,2489.0,1345.0,824.0,52.29,64.07,98.6,76.1
2017-08-23,1222.0,2382.0,1311.0,833.0,52.31,64.04,98.6,76.1
2017-08-24,1200.0,2333.0,1259.0,840.0,51.73,64.04,98.6,76.1
2017-08-25,1209.0,2406.0,1235.0,845.0,51.87,64.0,98.6,76.1
2017-08-28,1204.5,2387.25,1220.0,847.25,51.87,63.9,98.6,76.1
2017-08-29,1203.0,2381.0,1215.0,848.0,51.64,64.02,98.6,76.1
2017-08-30,1181.0,2282.0,1195.0,851.0,51.91,63.98,98.6,76.1
2017-08-31,1184.0,2293.0,1189.0,853.0,52.69,63.93,98.6,76.1
2017-09-01,1183.0,2264.0,1198.0,856.0,53.15,64.02,97.8,71.5
2017-09-04,1187.0,2243.0,1227.0,860.0,52.6,64.095,97.8,71.5
2017-09-05,1215.0,2313.0,1275.0,863.0,53.63,64.12,97.8,71.5
2017-09-06,1250.0,2438.0,1314.0,868.0,54.48,64.06,97.8,71.5
2017-09-07,1296.0,2614.0,1351.0,875.0,54.16,64.01,97.8,71.5
2017-09-08,1332.0,2767.0,1375.0,888.0,54.55,63.78,97.8,71.5
2017-09-11,1355.0,2813.0,1394.0,898.0,54.2,63.93,97.8,71.5
2017-09-12,1344.0,2724.0,1429.0,908.0,55.06,64.03,97.8,71.5
2017-09-13,1337.0,2628.0,1464.0,923.0,55.52,64.0,97.8,71.5
2017-09-14,1361.0,2642.0,1499.0,950.0,56.76,64.12,97.8,71.5
2017-09-15,1385.0,2685.0,1521.0,977.0,56.18,64.1,97.8,71.5
2017-09-18,1398.0,2681.0,1529.0,997.0,55.5,64.15,97.8,71.5
2017-09-19,1415.0,2723.0,1536.0,1017.0,56.58,64.3,97.8,71.5
2017-09-20,1449.0,2861.0,1531.0,1033.0,57.2,64.29,97.8,71.5
2017-09-21,1470.0,2948.0,1514.0,1050.0,57.73,64.8,97.8,71.5
2017-09-22,1502.0,3147.0,1493.0,1061.0,58.16,64.79,97.8,71.5
2017-09-25,1503.0,3173.0,1474.0,1068.0,59.42,65.12,97.8,71.5
2017-09-26,1476.0,3101.0,1446.0,1065.0,59.77,65.46,97.8,71.5
2017-09-27,1429.0,2942.0,1406.0,1054.0,58.74,65.71,97.8,71.5
2017-09-28,1391.0,2824.0,1352.0,1041.0,58.8,65.46,97.8,71.5
2017-09-29,1356.0,2738.0,1308.0,1021.0,57.02,65.3,97.8,71.5
2017-10-02,1328.0,2671.0,1268.0,1006.0,55.67,65.28,97.1,61.7
2017-10-03,1308.0,2618.0,1247.0,984.0,56.12,65.48,97.1,61.7
2017-10-04,1320.0,2667.0,1276.0,968.0,56.0,65.02,97.1,61.7
2017-10-05,1382.0,2888.0,1345.0,965.0,57.09,65.14,97.1,61.7
2017-10-06,1405.0,2929.0,1406.0,971.0,55.5,65.39,97.1,61.7
2017-10-09,1411.0,2906.0,1438.0,978.0,55.29,65.2775,97.1,61.7
2017-10-10,1418.0,2894.0,1465.0,996.0,56.62,65.24,97.1,61.7
2017-10-11,1433.0,2882.0,1504.0,1020.0,56.13,65.15,97.1,61.7
2017-10-12,1458.0,2859.0,1556.0,1050.0,56.13,65.05,97.1,61.7
2017-10-13,1485.0,2871.0,1606.0,1069.0,56.86,64.7,97.1,61.7
2017-10-16,1523.0,2980.0,1637.0,1082.0,57.49,64.7,97.1,61.7
2017-10-17,1552.0,3079.0,1651.0,1094.0,57.63,65.02,97.1,61.7
2017-10-18,1566.0,3134.0,1646.0,1105.0,58.05,65.06,97.1,61.7
2017-10-19,1582.0,3186.0,1648.0,1116.0,57.82,64.99,97.1,61.7
2017-10-20,1578.0,3145.0,1643.0,1126.0,57.89,65.03,97.1,61.7
2017-10-23,1586.0,3187.0,1642.0,1128.0,57.69,65.02,97.1,61.7
2017-10-24,1588.0,3202.0,1626.0,1130.0,57.84,65.1,97.1,61.7
2017-10-25,1573.0,3202.0,1592.0,1129.0,58.45,64.92,97.1,61.7
2017-10-26,1555.0,3182.0,1553.0,1117.0,58.75,64.84,97.1,61.7
2017-10-27,1546.0,3220.0,1517.0,1100.0,60.15,65.04,97.1,61.7
2017-10-30,1534.0,3217.0,1498.0,1081.0,60.65,64.83,97.1,61.7
2017-10-31,1522.0,3219.0,1492.0,1060.0,61.35,64.75,97.1,61.7
2017-11-01,1496.0,3137.0,1503.0,1043.0,60.98,64.56,96.6,64.2
2017-11-02,1482.0,3059.0,1539.0,1027.0,60.79,64.57,96.6,64.2
2017-11-03,1476.0,3036.0,1562.0,1014.0,61.42,64.56,96.6,64.2
2017-11-06,1473.0,3044.0,1567.0,1001.0,64.27,64.62,96.6,64.2
2017-11-07,1477.0,3101.0,1558.0,988.0,64.36,65.03,96.6,64.2
2017-11-08,1486.0,3259.0,1515.0,961.0,63.96,64.94,96.6,64.2
2017-11-09,1481.0,3349.0,1468.0,936.0,64.49,64.96,96.6,64.2
2017-11-10,1464.0,3360.0,1418.0,912.0,64.35,65.085,96.6,64.2
2017-11-13,1445.0,3351.0,1387.0,888.0,62.94,65.46,96.6,64.2
2017-11-14,1405.0,3209.0,1346.0,872.0,60.91,65.41,96.6,64.2
2017-11-15,1374.0,3108.0,1320.0,858.0,61.25,65.26,96.6,64.2
2017-11-16,1361.0,3084.0,1298.0,849.0,61.18,65.32,96.6,64.2
2017-11-17,1371.0,3153.0,1285.0,845.0,61.34,65.01,96.6,64.2
2017-11-20,1385.0,3214.0,1280.0,850.0,61.34,65.1,96.6,64.2
2017-11-21,1396.0,3255.0,1275.0,856.0,62.28,64.91,96.6,64.2
2017-11-22,1413.0,3298.0,1281.0,875.0,62.92,64.87,96.6,64.2
2017-11-23,1445.0,3420.0,1284.0,899.0,63.27,64.77000000000001,96.6,64.2
2017-11-24,1458.0,3453.0,1295.0,914.0,63.58,64.67,96.6,64.2
2017-11-27,1477.0,3540.0,1299.0,923.0,63.25,64.47,96.6,64.2
2017-11-28,1506.0,3659.0,1320.0,929.0,63.56,64.4,96.6,64.2
2017-11-29,1536.0,3740.0,1368.0,936.0,63.74,64.29,96.6,64.2
2017-11-30,1578.0,3848.0,1433.0,941.0,63.53,64.46,96.6,64.2
2017-12-01,1626.0,4025.0,1494.0,944.0,64.57,64.5,100.8,72.3
2017-12-04,1662.0,4129.0,1559.0,944.0,63.45,64.36,100.8,72.3
2017-12-05,1666.0,4115.0,1571.0,944.0,63.45,64.38,100.8,72.3
2017-12-06,1670.0,4126.0,1563.0,945.0,62.25,64.53,100.8,72.3
2017-12-07,1679.0,4147.0,1564.0,944.0,62.37,64.57,100.8,72.3
2017-12-08,1702.0,4193.0,1588.0,943.0,63.86,64.43,100.8,72.3
2017-12-11,1727.0,4272.0,1624.0,939.0,65.62,64.35,100.8,72.3
2017-12-12,1743.0,4293.0,1672.0,942.0,64.96,64.39,100.8,72.3
2017-12-13,1730.0,4211.0,1718.0,943.0,63.66,64.45,100.8,72.3
2017-12-14,1668.0,3936.0,1714.0,944.0,63.72,64.36,100.8,72.3
2017-12-15,1619.0,3777.0,1677.0,942.0,63.81,64.04,100.8,72.3
2017-12-18,1588.0,3656.0,1643.0,943.0,64.45,64.23,100.8,72.3
2017-12-19,1547.0,3510.0,1593.0,938.0,63.69,64.02,100.8,72.3
2017-12-20,1476.0,3216.0,1546.0,933.0,64.43,64.11,100.8,72.3
2017-12-21,1430.0,3115.0,1445.0,925.0,64.64,64.02,100.8,72.3
2017-12-22,1366.0,2830.0,1395.0,914.0,64.61,64.02,100.8,72.3
2017-12-26,1316.5454545454545,2630.3636363636365,1375.0,909.2727272727273,65.746,64.08,100.8,72.3
2017-12-27,1304.1818181818182,2580.4545454545455,1370.0,908.0909090909091,66.03,64.15,100.8,72.3
2017-12-28,1291.8181818181818,2530.5454545454545,1365.0,906.9090909090909,66.8,64.07,100.8,72.3
2017-12-29,1279.4545454545455,2480.6363636363635,1360.0,905.7272727272727,66.73,63.83,100.8,72.3
2018-01-02,1230.0,2281.0,1340.0,901.0,66.65,63.46,106.5,76.3
2018-01-03,1262.0,2426.0,1332.0,894.0,67.85,63.5,106.5,76.3
2018-01-04,1341.0,2715.0,1365.0,884.0,68.73,63.4,106.5,76.3
2018-01-05,1371.0,2791.0,1400.0,884.0,68.01,63.38,106.5,76.3
2018-01-08,1385.0,2826.0,1424.0,886.0,68.48,63.48,106.5,76.3
2018-01-09,1395.0,2820.0,1428.0,889.0,69.08,63.66,106.5,76.3
2018-01-10,1366.0,2677.0,1404.0,898.0,69.79,63.58,106.5,76.3
2018-01-11,1303.0,2384.0,1371.0,902.0,70.36,63.65,106.5,76.3
2018-01-12,1279.0,2296.0,1348.0,907.0,69.64,63.61,106.5,76.3
2018-01-15,1264.0,2231.0,1340.0,908.0,70.31,63.910000000000004,106.5,76.3
2018-01-16,1221.0,2010.0,1329.0,910.0,69.4,64.01,106.5,76.3
2018-01-17,1164.0,1743.0,1317.0,910.0,69.19,63.88,106.5,76.3
2018-01-18,1139.0,1611.0,1311.0,910.0,69.48,63.87,106.5,76.3
2018-01-19,1125.0,1493.0,1333.0,911.0,68.56,63.84,106.5,76.3
2018-01-22,1129.0,1445.0,1362.0,913.0,69.32,63.88,106.5,76.3
2018-01-23,1157.0,1525.0,1404.0,911.0,69.81,63.76,106.5,76.3
2018-01-24,1200.0,1676.0,1456.0,908.0,69.91,63.69,106.5,76.3
2018-01-25,1217.0,1752.0,1481.0,904.0,71.08,63.52,106.5,76.3
2018-01-26,1219.0,1772.0,1492.0,900.0,70.08,63.58,106.5,76.3
2018-01-29,1214.0,1784.0,1485.0,895.0,68.41,63.57,106.5,76.3
2018-01-30,1191.0,1748.0,1450.0,889.0,67.78,63.65,106.5,76.3
2018-01-31,1152.0,1613.0,1411.0,884.0,67.78,63.58,106.5,76.3
2018-02-01,1114.0,1528.0,1378.0,877.0,68.6,63.97,106.0,77.5
2018-02-02,1095.0,1470.0,1359.0,872.0,67.45,64.11,106.0,77.5
2018-02-05,1082.0,1433.0,1339.0,865.0,67.69,64.06,106.0,77.5
2018-02-06,1095.0,1519.0,1316.0,857.0,66.75,64.23,106.0,77.5
2018-02-07,1097.0,1578.0,1293.0,844.0,65.74,64.23,106.0,77.5
2018-02-08,1106.0,1662.0,1263.0,833.0,64.26,64.27,106.0,77.5
2018-02-09,1125.0,1790.0,1250.0,825.0,63.04,64.37,106.0,77.5
2018-02-12,1123.0,1824.0,1237.0,819.0,62.2,64.29,106.0,77.5
2018-02-13,1114.0,1793.0,1228.0,817.0,61.94,64.27,106.0,77.5
2018-02-14,1095.0,1721.0,1231.0,823.0,62.29,64.1,106.0,77.5
2018-02-15,1089.0,1663.0,1251.0,832.0,62.86,63.93,106.0,77.5
2018-02-16,1084.0,1608.0,1273.0,837.0,64.3,64.21,106.0,77.5
2018-02-19,1087.0,1597.0,1294.0,840.0,64.95,64.675,106.0,77.5
2018-02-20,1117.0,1678.0,1333.0,847.0,64.68,64.83,106.0,77.5
2018-02-21,1146.0,1717.0,1388.0,856.0,64.81,64.76,106.0,77.5
2018-02-22,1167.0,1725.0,1438.0,871.0,66.12,65.01,106.0,77.5
2018-02-23,1185.0,1722.0,1481.0,892.0,67.04,64.71,106.0,77.5
2018-02-26,1191.0,1680.0,1504.0,919.0,67.96,64.78,106.0,77.5
2018-02-27,1188.0,1595.0,1513.0,948.0,67.59,64.84,106.0,77.5
2018-02-28,1192.0,1560.0,1513.0,973.0,66.08,65.2,106.0,77.5
2018-03-01,1196.0,1568.0,1505.0,992.0,64.23,65.2,96.7,70.4
2018-03-02,1207.0,1592.0,1500.0,1004.0,64.26,65.24,96.7,70.4
2018-03-05,1210.0,1597.0,1502.0,1006.0,65.78,65.06,96.7,70.4
2018-03-06,1212.0,1587.0,1528.0,1013.0,65.67,64.9,96.7,70.4
2018-03-07,1191.0,1495.0,1553.0,1020.0,65.09,64.86,96.7,70.4
2018-03-08,1197.0,1489.0,1590.0,1026.0,63.87,65.15,96.7,70.4
2018-03-09,1201.0,1479.0,1615.0,1032.0,65.19,65.12,96.7,70.4
2018-03-12,1192.0,1425.0,1624.0,1040.0,64.53,65.0,96.7,70.4
2018-03-13,1179.0,1362.0,1623.0,1049.0,64.2,64.85,96.7,70.4
2018-03-14,1169.0,1312.0,1623.0,1061.0,63.61,64.84,96.7,70.4
2018-03-15,1150.0,1238.0,1619.0,1077.0,63.67,64.94,96.7,70.4
2018-03-16,1143.0,1203.0,1618.0,1091.0,64.68,64.97,96.7,70.4
2018-03-19,1136.0,1171.0,1621.0,1099.0,64.82,65.21,96.7,70.4
2018-03-20,1122.0,1112.0,1615.0,1109.0,66.0,65.19,96.7,70.4
2018-03-21,1117.0,1109.0,1606.0,1117.0,68.15,65.2,96.7,70.4
2018-03-22,1117.0,1129.0,1593.0,1122.0,68.98,65.1,96.7,70.4
2018-03-23,1122.0,1157.0,1587.0,1121.0,69.03,64.98,96.7,70.4
2018-03-26,1126.0,1197.0,1575.0,1116.0,68.81,64.83,96.7,70.4
2018-03-27,1117.0,1191.0,1552.0,1106.0,68.63,64.98,96.7,70.4
2018-03-28,1080.0,1065.0,1520.0,1093.0,68.13,65.15,96.7,70.4
2018-03-29,1055.0,1010.0,1495.0,1080.0,69.02,65.12,96.7,70.4
2018-03-30,1047.2,992.8,1487.0,1077.4,69.02,65.11,96.7,70.4
2018-04-02,1023.8,941.2,1463.0,1069.6,69.02,65.11,93.7,65.8
2018-04-03,1016.0,924.0,1455.0,1067.0,69.02,65.0,93.7,65.8
2018-04-04,977.0,841.0,1397.0,1056.0,66.04,65.08,93.7,65.8
2018-04-05,953.0,809.0,1343.0,1042.0,66.54,64.92,93.7,65.8
2018-04-06,948.0,824.0,1317.0,1032.0,66.51,64.95,93.7,65.8
2018-04-09,952.0,854.0,1315.0,1024.0,68.19,64.95,93.7,65.8
2018-04-10,974.0,930.0,1319.0,1016.0,70.67,64.95,93.7,65.8
2018-04-11,979.0,940.0,1325.0,1014.0,72.74,65.26,93.7,65.8
2018-04-12,993.0,982.0,1335.0,1014.0,71.44,65.28,93.7,65.8
2018-04-13,1014.0,1038.0,1351.0,1013.0,73.18,65.27,93.7,65.8
2018-04-16,1025.0,1061.0,1359.0,1016.0,72.05,65.46,93.7,65.8
2018-04-17,1052.0,1152.0,1353.0,1018.0,71.71,65.66,93.7,65.8
2018-04-18,1124.0,1402.0,1329.0,1022.0,73.73,65.62,93.7,65.8
2018-04-19,1201.0,1668.0,1306.0,1022.0,74.85,65.79,93.7,65.8
2018-04-20,1281.0,1915.0,1289.0,1025.0,74.62,66.15,93.7,65.8
2018-04-23,1306.0,2009.0,1281.0,1027.0,74.54,66.42,93.7,65.8
2018-04-24,1330.0,2130.0,1269.0,1030.0,75.86,66.36,93.7,65.8
2018-04-25,1376.0,2314.0,1264.0,1037.0,73.79,66.92,93.7,65.8
2018-04-26,1375.0,2306.0,1272.0,1040.0,75.39,66.8,93.7,65.8
2018-04-27,1361.0,2251.0,1275.0,1042.0,75.33,66.68,93.7,65.8
2018-04-30,1341.0,2173.0,1276.0,1045.0,75.92,66.5,93.7,65.8
2018-05-01,1327.0,2136.0,1271.0,1043.0,74.85,66.52,105.3,66.1
2018-05-02,1346.0,2197.0,1271.0,1043.0,73.14,66.71,105.3,66.1
2018-05-03,1376.0,2308.0,1266.0,1047.0,73.45,66.68,105.3,66.1
2018-05-04,1384.0,2337.0,1265.0,1050.0,74.75,66.83,105.3,66.1
2018-05-07,1420.0,2445.75,1259.0,1050.75,74.3075,67.13,105.3,66.1
2018-05-08,1432.0,2482.0,1257.0,1051.0,74.16,67.12,105.3,66.1
2018-05-09,1465.0,2616.0,1253.0,1048.0,77.6,67.25,105.3,66.1
2018-05-10,1453.0,2565.0,1246.0,1052.0,77.59,67.24,105.3,66.1
2018-05-11,1472.0,2630.0,1245.0,1053.0,77.37,67.28,105.3,66.1
2018-05-14,1476.0,2635.0,1240.0,1055.0,78.17,67.55,105.3,66.1
2018-05-15,1468.0,2602.0,1237.0,1053.0,78.94,68.07,105.3,66.1
2018-05-16,1403.0,2407.0,1237.0,1056.0,78.19,67.77,105.3,66.1
2018-05-17,1305.0,2106.0,1239.0,1064.0,80.09,67.76,105.3,66.1
2018-05-18,1273.0,2053.0,1241.0,1069.0,78.38,68.04,105.3,66.1
2018-05-21,1239.0,1957.0,1243.0,1071.0,78.34,68.11,105.3,66.1
2018-05-22,1199.0,1854.0,1239.0,1074.0,80.42,68.04,105.3,66.1
2018-05-23,1162.0,1759.0,1222.0,1074.0,78.69,68.38,105.3,66.1
2018-05-24,1109.0,1551.0,1202.0,1074.0,78.9,68.32,105.3,66.1
2018-05-25,1077.0,1395.0,1187.0,1071.0,76.6,67.78,105.3,66.1
2018-05-29,1057.0,1324.0,1163.0,1068.0,74.51,67.78,105.3,66.1
2018-05-30,1042.0,1276.0,1149.0,1064.0,75.89,67.46,105.3,66.1
2018-05-31,1090.0,1401.0,1160.0,1063.0,76.45,67.4,105.3,66.1
2018-06-01,1156.0,1602.0,1192.0,1061.0,74.54,66.99,114.3,65.0
2018-06-04,1193.0,1712.0,1217.0,1061.0,73.41,67.05,114.3,65.0
2018-06-05,1249.0,1835.0,1250.0,1065.0,72.91,67.12,114.3,65.0
2018-06-06,1340.0,2088.0,1290.0,1065.0,73.23,66.87,114.3,65.0
2018-06-07,1395.0,2220.0,1344.0,1072.0,75.23,67.2,114.3,65.0
2018-06-08,1391.0,2151.0,1418.0,1075.0,75.11,67.56,114.3,65.0
2018-06-11,1387.0,2091.0,1451.0,1078.0,74.58,67.46,114.3,65.0
2018-06-12,1390.0,2068.0,1474.0,1084.0,74.86,67.48,114.3,65.0
2018-06-13,1404.0,2091.0,1488.0,1088.0,75.07,67.6,114.3,65.0
2018-06-14,1433.0,2184.0,1498.0,1089.0,74.77,67.62,114.3,65.0
2018-06-15,1445.0,2223.0,1495.0,1091.0,72.02,68.06,114.3,65.0
2018-06-18,1442.0,2228.0,1482.0,1092.0,74.87,68.1,114.3,65.0
2018-06-19,1419.0,2187.0,1458.0,1093.0,74.92,68.3,114.3,65.0
2018-06-20,1373.0,2090.0,1419.0,1094.0,74.25,68.06,114.3,65.0
2018-06-21,1347.0,2038.0,1382.0,1094.0,72.87,67.94,114.3,65.0
2018-06-22,1341.0,2011.0,1355.0,1092.0,73.67,67.88,114.3,65.0
2018-06-25,1333.0,2001.0,1339.0,1085.0,72.82,68.09,114.3,65.0
2018-06-26,1323.0,1986.0,1321.0,1078.0,73.58,68.31,114.3,65.0
2018-06-27,1309.0,1942.0,1324.0,1067.0,76.09,68.63,114.3,65.0
2018-06-28,1329.0,2025.0,1331.0,1055.0,76.26,68.81,114.3,65.0
2018-06-29,1385.0,2170.0,1336.0,1042.0,77.44,68.46,114.3,65.0
2018-07-02,1422.0,2304.0,1338.0,1034.0,76.71,68.78,119.6,64.6
2018-07-03,1476.0,2478.0,1336.0,1025.0,75.87,68.58,119.6,64.6
2018-07-04,1567.0,2743.0,1334.0,1017.0,76.99,68.735,119.6,64.6
2018-07-05,1612.0,3013.0,1339.0,1005.0,77.09,68.89,119.6,64.6
2018-07-06,1622.0,3086.0,1347.0,999.0,74.98,68.8,119.6,64.6
2018-07-09,1609.0,3016.0,1367.0,997.0,77.08,68.66,119.6,64.6
2018-07-10,1555.0,2792.0,1431.0,994.0,77.8,68.76,119.6,64.6
2018-07-11,1586.0,2793.0,1498.0,992.0,75.35,68.7,119.6,64.6
2018-07-12,1632.0,3041.0,1517.0,994.0,72.11,68.52,119.6,64.6
2018-07-13,1666.0,3156.0,1527.0,995.0,74.11,68.44,119.6,64.6
2018-07-16,1695.0,3238.0,1529.0,998.0,71.03,68.6,119.6,64.6
2018-07-17,1721.0,3335.0,1530.0,1003.0,70.87,68.42,119.6,64.6
2018-07-18,1688.0,3230.0,1529.0,1008.0,70.52,68.62,119.6,64.6
2018-07-19,1657.0,3130.0,1538.0,1016.0,71.94,69.01,119.6,64.6
2018-07-20,1689.0,3205.0,1557.0,1023.0,71.99,68.74,119.6,64.6
2018-07-23,1718.0,3304.0,1566.0,1028.0,73.45,68.84,119.6,64.6
2018-07-24,1774.0,3461.0,1581.0,1030.0,73.53,68.94,119.6,64.6
2018-07-25,1772.0,3462.0,1588.0,1033.0,73.67,68.72,119.6,64.6
2018-07-26,1708.0,3303.0,1583.0,1034.0,74.51,68.66,119.6,64.6
2018-07-27,1676.0,3197.0,1588.0,1035.0,74.84,68.6,119.6,64.6
2018-07-30,1703.0,3280.0,1587.0,1035.0,74.99,68.6,119.6,64.6
2018-07-31,1747.0,3471.0,1570.0,1035.0,74.16,68.54,119.6,64.6
2018-08-01,1760.0,3515.0,1539.0,1036.0,72.28,68.37,117.3,67.2
2018-08-02,1756.0,3534.0,1491.0,1032.0,72.95,68.63,117.3,67.2
2018-08-03,1773.0,3632.0,1447.0,1030.0,72.48,68.54,117.3,67.2
2018-08-06,1773.0,3654.0,1420.0,1030.0,72.51,68.82,117.3,67.2
2018-08-07,1732.0,3550.0,1386.0,1032.0,72.31,68.62,117.3,67.2
2018-08-08,1704.0,3483.0,1365.0,1035.0,70.71,68.65,117.3,67.2
2018-08-09,1694.0,3472.0,1349.0,1036.0,70.55,68.74,117.3,67.2
2018-08-10,1691.0,3480.0,1339.0,1039.0,71.0,68.88,117.3,67.2
2018-08-13,1709.0,3536.0,1339.0,1040.0,70.62,70.02,117.3,67.2
2018-08-14,1725.0,3587.0,1362.0,1042.0,70.77,69.95,117.3,67.2
2018-08-15,1727.0,3560.0,1403.0,1045.0,68.38,69.92,117.3,67.2
2018-08-16,1720.0,3476.0,1447.0,1050.0,69.21,70.19,117.3,67.2
2018-08-17,1723.0,3454.0,1485.0,1056.0,70.14,70.09,117.3,67.2
2018-08-20,1727.0,3424.0,1506.0,1062.0,71.11,69.84,117.3,67.2
2018-08-21,1736.0,3426.0,1530.0,1069.0,71.65,69.85,117.3,67.2
2018-08-22,1735.0,3371.0,1560.0,1078.0,72.96,69.85,117.3,67.2
2018-08-23,1709.0,3232.0,1607.0,1087.0,73.73,70.09,117.3,67.2
2018-08-24,1697.0,3164.0,1630.0,1095.0,74.41,69.96,117.3,67.2
2018-08-27,1687.25,3107.0,1639.75,1106.25,74.41,70.16,117.3,67.2
2018-08-28,1684.0,3088.0,1643.0,1110.0,75.91,70.09,117.3,67.2
2018-08-29,1661.0,2994.0,1639.0,1121.0,76.07,70.53,117.3,67.2
2018-08-30,1614.0,2826.0,1608.0,1128.0,77.05,70.74,117.3,67.2
2018-08-31,1579.0,2732.0,1571.0,1132.0,76.94,71.0,117.3,67.2
2018-09-03,1557.0,2672.0,1540.0,1133.0,77.81,71.435,114.2,68.4
2018-09-04,1513.0,2535.0,1517.0,1135.0,77.51,71.58,114.2,68.4
2018-09-05,1477.0,2410.0,1504.0,1135.0,76.68,71.75,114.2,68.4
2018-09-06,1484.0,2424.0,1516.0,1135.0,75.67,71.94,114.2,68.4
2018-09-07,1490.0,2411.0,1528.0,1134.0,75.55,71.78,114.2,68.4
2018-09-10,1482.0,2363.0,1544.0,1136.0,76.77,72.45,114.2,68.4
2018-09-11,1439.0,2191.0,1556.0,1135.0,78.22,72.69,114.2,68.4
2018-09-12,1411.0,2074.0,1550.0,1134.0,80.02,72.15,114.2,68.4
2018-09-13,1382.0,1980.0,1534.0,1132.0,77.66,72.02,114.2,68.4
2018-09-14,1366.0,1900.0,1523.0,1134.0,77.87,71.87,114.2,68.4
2018-09-17,1357.0,1853.0,1518.0,1138.0,78.22,72.51,114.2,68.4
2018-09-18,1356.0,1826.0,1525.0,1151.0,79.25,72.98,114.2,68.4
2018-09-19,1373.0,1850.0,1530.0,1159.0,79.43,72.35,114.2,68.4
2018-09-20,1396.0,1838.0,1557.0,1169.0,79.03,72.01,114.2,68.4
2018-09-21,1413.0,1840.0,1586.0,1175.0,78.9,72.18,114.2,68.4
2018-09-24,1434.0,1864.0,1609.0,1185.0,80.89,72.66,114.2,68.4
2018-09-25,1450.0,1868.0,1639.0,1190.0,82.21,72.68,114.2,68.4
2018-09-26,1503.0,1910.0,1677.0,1194.0,81.87,72.59,114.2,68.4
2018-09-27,1524.0,1949.0,1689.0,1195.0,81.54,72.55,114.2,68.4
2018-09-28,1540.0,2000.0,1695.0,1194.0,82.72,72.54,114.2,68.4
2018-10-01,1555.0,2061.0,1692.0,1193.0,84.94,72.92,108.7,73.4
2018-10-02,1570.0,2148.0,1678.0,1189.0,85.63,72.91,108.7,73.4
2018-10-03,1574.0,2199.0,1679.0,1190.0,85.45,73.34,108.7,73.4
2018-10-04,1554.0,2148.0,1706.0,1192.0,86.07,73.62,108.7,73.4
2018-10-05,1536.0,2081.0,1727.0,1197.0,85.12,73.76,108.7,73.4
2018-10-08,1530.0,2042.0,1749.0,1201.0,84.22,74.1875,108.7,73.4
2018-10-09,1503.0,1961.0,1747.0,1203.0,85.16,74.33,108.7,73.4
2018-10-10,1493.0,1949.0,1749.0,1205.0,83.82,74.25,108.7,73.4
2018-10-11,1515.0,2005.0,1763.0,1207.0,81.35,74.04,108.7,73.4
2018-10-12,1579.0,2169.0,1775.0,1204.0,80.71,73.6,108.7,73.4
2018-10-15,1584.0,2189.0,1779.0,1200.0,80.91,73.76,108.7,73.4
2018-10-16,1578.0,2164.0,1793.0,1196.0,80.53,73.46,108.7,73.4
2018-10-17,1554.0,2106.0,1796.0,1192.0,79.91,73.52,108.7,73.4
2018-10-18,1565.0,2176.0,1789.0,1181.0,80.3,73.52,108.7,73.4
2018-10-19,1576.0,2230.0,1775.0,1170.0,80.38,73.37,108.7,73.4
2018-10-22,1579.0,2296.0,1756.0,1163.0,80.45,73.56,108.7,73.4
2018-10-23,1577.0,2363.0,1715.0,1156.0,78.67,73.54,108.7,73.4
2018-10-24,1546.0,2388.0,1669.0,1144.0,77.34,73.18,108.7,73.4
2018-10-25,1516.0,2353.0,1622.0,1132.0,77.3,73.21,108.7,73.4
2018-10-26,1519.0,2526.0,1583.0,1117.0,77.4,73.46,108.7,73.4
2018-10-29,1522.0,2607.0,1556.0,1106.0,77.56,73.42,108.7,73.4
2018-10-30,1513.0,2630.0,1530.0,1087.0,75.68,73.62,108.7,73.4
2018-10-31,1490.0,2596.0,1524.0,1073.0,74.84,73.95,108.7,73.4
2018-11-01,1470.0,2530.0,1526.0,1061.0,71.25,73.45,100.7,73.3
2018-11-02,1457.0,2502.0,1530.0,1051.0,71.11,72.44,100.7,73.3
2018-11-05,1428.0,2397.0,1531.0,1041.0,72.68,73.08,100.7,73.3
2018-11-06,1395.0,2296.0,1528.0,1033.0,70.64,72.95,100.7,73.3
2018-11-07,1304.0,1968.0,1511.0,1021.0,70.1,72.44,100.7,73.3
2018-11-08,1231.0,1747.0,1496.0,1013.0,69.29,72.37,100.7,73.3
2018-11-09,1147.0,1461.0,1495.0,1003.0,69.01,72.48,100.7,73.3
2018-11-12,1125.0,1398.0,1496.0,994.0,69.81,72.5775,100.7,73.3
2018-11-13,1064.0,1153.0,1498.0,986.0,65.45,72.61,100.7,73.3
2018-11-14,1009.0,940.0,1484.0,982.0,64.88,72.3,100.7,73.3
2018-11-15,1020.0,1007.0,1466.0,970.0,65.61,71.97,100.7,73.3
2018-11-16,1031.0,1057.0,1453.0,969.0,65.29,71.98,100.7,73.3
2018-11-19,1023.0,1050.0,1437.0,964.0,64.14,71.6,100.7,73.3
2018-11-20,1003.0,1002.0,1416.0,963.0,61.5,71.49,100.7,73.3
2018-11-21,1008.0,1056.0,1393.0,959.0,61.65,71.3,100.7,73.3
2018-11-22,1018.0,1089.0,1378.0,956.0,61.11,70.975,100.7,73.3
2018-11-23,1093.0,1358.0,1376.0,952.0,57.69,70.65,100.7,73.3
2018-11-26,1217.0,1789.0,1389.0,947.0,59.7,70.81,100.7,73.3
2018-11-27,1339.0,2170.0,1416.0,943.0,59.58,70.8,100.7,73.3
2018-11-28,1330.0,2121.0,1444.0,942.0,57.97,70.63,100.7,73.3
2018-11-29,1281.0,1950.0,1455.0,945.0,58.29,69.79,100.7,73.3
2018-11-30,1231.0,1755.0,1463.0,944.0,57.71,69.62,100.7,73.3
2018-12-03,1203.0,1638.0,1469.0,945.0,60.17,70.4,101.4,69.2
2018-12-04,1237.0,1739.0,1474.0,949.0,61.22,70.52,101.4,69.2
2018-12-05,1296.0,1925.0,1472.0,950.0,61.4,70.68,101.4,69.2
2018-12-06,1339.0,2080.0,1473.0,951.0,57.83,70.84,101.4,69.2
2018-12-07,1372.0,2197.0,1469.0,953.0,61.71,70.85,101.4,69.2
2018-12-10,1385.0,2244.0,1464.0,955.0,60.29,72.436,101.4,69.2
2018-12-11,1364.0,2183.0,1454.0,958.0,59.73,72.27,101.4,69.2
2018-12-12,1353.0,2153.0,1445.0,963.0,59.94,71.79,101.4,69.2
2018-12-13,1365.0,2180.0,1459.0,968.0,59.03,71.52,101.4,69.2
2018-12-14,1401.0,2383.0,1478.0,974.0,58.56,71.94,101.4,69.2
2018-12-17,1406.0,2433.0,1490.0,978.0,57.59,71.6,101.4,69.2
2018-12-18,1395.0,2393.0,1494.0,977.0,55.26,70.61,101.4,69.2
2018-12-19,1378.0,2264.0,1492.0,979.0,55.6,70.26,101.4,69.2
2018-12-20,1318.0,2071.0,1473.0,979.0,52.84,69.96,101.4,69.2
2018-12-21,1279.0,1913.0,1437.0,977.0,51.93,70.09,101.4,69.2
2018-12-24,1271.0,1905.0,1421.0,975.0,51.71,70.078,101.4,69.2
2018-12-26,1273.4444444444443,1923.2222222222222,1414.3333333333333,973.2222222222222,51.56333333333333,70.07,101.4,69.2
2018-12-27,1274.6666666666667,1932.3333333333333,1411.0,972.3333333333334,51.49,70.34,101.4,69.2
2018-12-28,1275.888888888889,1941.4444444444443,1407.6666666666667,971.4444444444445,50.57,69.92,101.4,69.2
2018-12-31,1279.5555555555557,1968.7777777777778,1397.6666666666667,968.7777777777778,52.664,69.58,101.4,69.2
2019-01-02,1282.0,1987.0,1391.0,967.0,54.06,70.02,98.6,76.2
2019-01-03,1267.0,1963.0,1365.0,958.0,53.23,70.12,98.6,76.2
2019-01-04,1260.0,2003.0,1331.0,946.0,55.64,69.63,98.6,76.2
2019-01-07,1247.0,2016.0,1300.0,933.0,57.1,69.78,98.6,76.2
2019-01-08,1262.0,2117.0,1257.0,918.0,56.91,70.11,98.6,76.2
2019-01-09,1238.0,2078.0,1218.0,893.0,59.46,70.42,98.6,76.2
2019-01-10,1189.0,1987.0,1170.0,870.0,60.47,70.43,98.6,76.2
2019-01-11,1169.0,1966.0,1137.0,842.0,59.24,70.38,98.6,76.2
2019-01-14,1147.0,1952.0,1118.0,814.0,58.8,70.845,98.6,76.2
2019-01-15,1096.0,1831.0,1104.0,785.0,58.65,71.0,98.6,76.2
2019-01-16,1055.0,1748.0,1079.0,755.0,59.81,70.97,98.6,76.2
2019-01-17,1077.0,1868.0,1045.0,729.0,59.85,71.09,98.6,76.2
2019-01-18,1112.0,2037.0,1018.0,701.0,62.04,71.21,98.6,76.2
2019-01-21,1092.0,2024.0,991.0,680.0,62.18,71.225,98.6,76.2
2019-01-22,1036.0,1892.0,950.0,660.0,60.9,71.23,98.6,76.2
2019-01-23,982.0,1775.0,893.0,638.0,61.05,71.21,98.6,76.2
2019-01-24,939.0,1726.0,828.0,607.0,61.09,71.02,98.6,76.2
2019-01-25,905.0,1730.0,748.0,576.0,61.49,70.94,98.6,76.2
2019-01-28,852.0,1631.0,687.0,552.0,59.71,71.06,98.6,76.2
2019-01-29,797.0,1508.0,644.0,526.0,60.98,71.4,98.6,76.2
2019-01-30,721.0,1295.0,612.0,498.0,61.89,71.24,98.6,76.2
2019-01-31,668.0,1116.0,574.0,472.0,62.46,70.94,98.6,76.2
2019-02-01,645.0,1014.0,560.0,450.0,61.86,71.41,95.4,88.2
2019-02-04,634.0,984.0,552.0,438.0,62.26,71.66,95.4,88.2
2019-02-05,629.0,972.0,553.0,423.0,61.67,71.52,95.4,88.2
2019-02-06,629.0,929.0,553.0,415.0,62.22,71.55,95.4,88.2
2019-02-07,610.0,846.0,561.0,414.0,61.01,71.3,95.4,88.2
2019-02-08,601.0,792.0,574.0,415.0,61.37,71.23,95.4,88.2
2019-02-11,595.0,736.0,586.0,429.0,61.3,71.15,95.4,88.2
2019-02-12,598.0,711.0,600.0,454.0,62.58,70.56,95.4,88.2
2019-02-13,608.0,707.0,611.0,478.0,63.27,70.86,95.4,88.2
2019-02-14,628.0,729.0,619.0,526.0,64.0,71.18,95.4,88.2
2019-02-15,639.0,727.0,624.0,560.0,65.65,71.36,95.4,88.2
2019-02-18,643.0,713.0,628.0,594.0,66.41,71.3225,95.4,88.2
2019-02-19,635.0,650.0,639.0,625.0,65.86,71.31,95.4,88.2
2019-02-20,622.0,578.0,649.0,649.0,66.82,71.23,95.4,88.2
2019-02-21,630.0,570.0,657.0,686.0,66.91,71.15,95.4,88.2
2019-02-22,634.0,545.0,666.0,707.0,66.91,71.07,95.4,88.2
2019-02-25,637.0,520.0,685.0,721.0,64.02,70.82,95.4,88.2
2019-02-26,649.0,522.0,713.0,729.0,64.51,71.02,95.4,88.2
2019-02-27,651.0,500.0,752.0,738.0,65.55,71.15,95.4,88.2
2019-02-28,658.0,459.0,813.0,749.0,65.03,70.83,95.4,88.2
2019-03-01,664.0,383.0,863.0,759.0,63.71,70.9,93.1,86.5
2019-03-04,669.0,355.0,900.0,767.0,64.44,70.91,93.1,86.5
2019-03-05,663.0,299.0,924.0,776.0,64.24,70.55,93.1,86.5
2019-03-06,664.0,270.0,938.0,783.0,64.51,70.02,93.1,86.5
2019-03-07,657.0,236.0,926.0,790.0,64.82,70.09,93.1,86.5
2019-03-08,649.0,235.0,894.0,790.0,65.66,70.0,93.1,86.5
2019-03-11,645.0,250.0,866.0,790.0,65.06,69.82,93.1,86.5
2019-03-12,647.0,278.0,839.0,789.0,65.33,69.62,93.1,86.5
2019-03-13,654.0,327.0,823.0,789.0,65.89,69.52,93.1,86.5
2019-03-14,677.0,403.0,841.0,786.0,66.18,69.33,93.1,86.5
2019-03-15,730.0,520.0,883.0,786.0,66.11,68.94,93.1,86.5
2019-03-18,721.0,476.0,905.0,787.0,66.65,68.6,93.1,86.5
2019-03-19,712.0,421.0,922.0,789.0,67.13,69.02,93.1,86.5
2019-03-20,709.0,399.0,962.0,796.0,68.35,68.85,93.1,86.5
2019-03-21,695.0,288.0,1009.0,813.0,68.3,68.72,93.1,86.5
2019-03-22,690.0,251.0,1027.0,826.0,66.29,69.01,93.1,86.5
2019-03-25,689.0,230.0,1036.0,830.0,67.37,68.88,93.1,86.5
2019-03-26,683.0,190.0,1053.0,833.0,67.51,68.98,93.1,86.5
2019-03-27,690.0,178.0,1056.0,831.0,67.35,69.13,93.1,86.5
2019-03-28,692.0,167.0,1087.0,823.0,66.08,69.23,93.1,86.5
2019-03-29,689.0,150.0,1102.0,813.0,67.93,69.16,93.1,86.5
2019-04-01,685.0,122.0,1110.0,807.0,69.08,69.18,86.8,93.7
2019-04-02,674.0,92.0,1120.0,795.0,69.68,68.91,86.8,93.7
2019-04-03,672.0,104.0,1127.0,775.0,69.21,68.58,86.8,93.7
2019-04-04,699.0,210.0,1124.0,757.0,69.8,69.03,86.8,93.7
2019-04-05,711.0,276.0,1114.0,742.0,69.93,69.11,86.8,93.7
2019-04-08,714.0,312.0,1101.0,733.0,71.12,69.56,86.8,93.7
2019-04-09,725.0,375.0,1085.0,726.0,71.02,69.28,86.8,93.7
2019-04-10,734.0,428.0,1074.0,718.0,71.63,69.12,86.8,93.7
2019-04-11,728.0,423.0,1071.0,715.0,71.3,68.97,86.8,93.7
2019-04-12,726.0,418.0,1073.0,711.0,71.57,69.21,86.8,93.7
2019-04-15,738.0,445.0,1092.0,714.0,70.9,69.38,86.8,93.7
2019-04-16,749.0,459.0,1119.0,718.0,70.74,69.51,86.8,93.7
2019-04-17,767.0,463.0,1147.0,726.0,71.14,69.43,86.8,93.7
2019-04-18,790.0,490.0,1162.0,732.0,70.71,69.42,86.8,93.7
2019-04-19,796.2,506.4,1163.8,735.8,70.71,69.37,86.8,93.7
2019-04-22,814.8,555.6,1169.2,747.2,70.71,69.64,86.8,93.7
2019-04-23,821.0,572.0,1171.0,751.0,74.39,69.78,86.8,93.7
2019-04-24,850.0,648.0,1177.0,773.0,73.59,69.91,86.8,93.7
2019-04-25,869.0,691.0,1182.0,781.0,74.94,70.19,86.8,93.7
2019-04-26,889.0,783.0,1186.0,780.0,71.03,69.93,86.8,93.7
2019-04-29,913.0,884.0,1189.0,777.0,71.22,69.8,86.8,93.7
2019-04-30,1011.0,1276.0,1188.0,768.0,72.19,69.64,86.8,93.7
2019-05-01,1031.0,1389.0,1187.0,763.0,72.01,69.52,82.3,100.2
2019-05-02,1032.0,1420.0,1189.0,755.0,70.56,69.4,82.3,100.2
2019-05-03,985.0,1290.0,1190.0,752.0,71.95,69.08,82.3,100.2
2019-05-06,948.25,1161.75,1189.25,758.75,71.95,69.4,82.3,100.2
2019-05-07,936.0,1119.0,1189.0,761.0,70.98,69.62,82.3,100.2
2019-05-08,940.0,1159.0,1188.0,770.0,71.09,69.73,82.3,100.2
2019-05-09,974.0,1270.0,1193.0,776.0,70.61,70.21,82.3,100.2
2019-05-10,1013.0,1371.0,1198.0,779.0,71.63,70.02,82.3,100.2
2019-05-13,1026.0,1405.0,1211.0,782.0,72.35,70.62,82.3,100.2
2019-05-14,1043.0,1462.0,1229.0,783.0,72.53,70.3,82.3,100.2
2019-05-15,1032.0,1417.0,1243.0,784.0,73.09,70.22,82.3,100.2
2019-05-16,1032.0,1428.0,1252.0,783.0,74.7,70.08,82.3,100.2
2019-05-17,1040.0,1463.0,1255.0,780.0,73.94,70.28,82.3,100.2
2019-05-20,1041.0,1470.0,1256.0,778.0,73.21,69.59,82.3,100.2
2019-05-21,1049.0,1501.0,1258.0,777.0,72.94,69.61,82.3,100.2
2019-05-22,1059.0,1537.0,1268.0,778.0,71.94,69.71,82.3,100.2
2019-05-23,1068.0,1558.0,1287.0,779.0,68.37,69.66,82.3,100.2
2019-05-24,1066.0,1545.0,1304.0,778.0,67.98,69.37,82.3,100.2
2019-05-28,1082.0,1585.0,1322.0,771.0,70.19,69.56,82.3,100.2
2019-05-29,1107.0,1659.0,1337.0,763.0,70.64,69.8,82.3,100.2
2019-05-30,1097.0,1623.0,1340.0,756.0,69.55,69.81,82.3,100.2
2019-05-31,1096.0,1620.0,1335.0,752.0,66.78,69.63,82.3,100.2
2019-06-03,1103.0,1650.0,1325.0,748.0,63.16,69.15,72.5,108.9
2019-06-04,1122.0,1739.0,1304.0,739.0,63.56,69.28,72.5,108.9
2019-06-05,1141.0,1806.0,1285.0,731.0,62.14,69.41,72.5,108.9
2019-06-06,1138.0,1826.0,1246.0,726.0,62.77,69.21,72.5,108.9
2019-06-07,1138.0,1862.0,1213.0,719.0,64.1,69.32,72.5,108.9
2019-06-10,1125.0,1848.0,1187.0,717.0,64.31,69.49,72.5,108.9
2019-06-11,1105.0,1798.0,1166.0,714.0,63.56,69.42,72.5,108.9
2019-06-12,1080.0,1746.0,1149.0,712.0,61.66,69.35,72.5,108.9
2019-06-13,1062.0,1718.0,1137.0,710.0,63.28,69.53,72.5,108.9
2019-06-14,1085.0,1800.0,1131.0,716.0,63.13,69.81,72.5,108.9
2019-06-17,1093.0,1826.0,1125.0,720.0,62.56,69.83,72.5,108.9
2019-06-18,1135.0,1956.0,1117.0,728.0,63.35,69.6,72.5,108.9
2019-06-19,1179.0,2051.0,1110.0,736.0,62.85,69.64,72.5,108.9
2019-06-20,1194.0,2080.0,1101.0,743.0,65.44,69.44,72.5,108.9
2019-06-21,1239.0,2278.0,1096.0,751.0,65.99,69.59,72.5,108.9
2019-06-24,1258.0,2363.0,1111.0,756.0,65.16,69.32,72.5,108.9
2019-06-25,1280.0,2389.0,1150.0,765.0,66.24,69.26,72.5,108.9
2019-06-26,1317.0,2440.0,1191.0,774.0,66.85,69.18,72.5,108.9
2019-06-27,1340.0,2465.0,1243.0,783.0,66.78,69.01,72.5,108.9
2019-06-28,1354.0,2488.0,1286.0,787.0,67.52,68.92,72.5,108.9
2019-07-01,1381.0,2557.0,1317.0,792.0,65.1,68.87,72.1,120.2
2019-07-02,1446.0,2717.0,1370.0,796.0,62.72,68.87,72.1,120.2
2019-07-03,1549.0,2939.0,1433.0,803.0,63.53,68.79,72.1,120.2
2019-07-04,1700.0,3298.0,1569.0,814.0,63.62,68.635,72.1,120.2
2019-07-05,1740.0,3346.0,1665.0,820.0,64.23,68.48,72.1,120.2
2019-07-08,1725.0,3260.0,1695.0,829.0,64.89,68.55,72.1,120.2
2019-07-09,1759.0,3343.0,1739.0,835.0,64.3,68.54,72.1,120.2
2019-07-10,1777.0,3361.0,1791.0,845.0,66.41,68.4,72.1,120.2
2019-07-11,1816.0,3416.0,1881.0,860.0,67.64,68.4,72.1,120.2
2019-07-12,1865.0,3541.0,1945.0,879.0,66.65,68.57,72.1,120.2
2019-07-15,1928.0,3724.0,1992.0,888.0,66.86,68.52,72.1,120.2
2019-07-16,2011.0,3968.0,2052.0,905.0,65.87,68.66,72.1,120.2
2019-07-17,2064.0,4095.0,2085.0,928.0,63.67,68.84,72.1,120.2
2019-07-18,2130.0,4256.0,2134.0,953.0,60.7,68.85,72.1,120.2
2019-07-19,2170.0,4379.0,2170.0,982.0,61.04,68.82,72.1,120.2
2019-07-22,2191.0,4438.0,2201.0,1002.0,61.96,68.89,72.1,120.2
2019-07-23,2165.0,4315.0,2219.0,1017.0,62.28,68.99,72.1,120.2
2019-07-24,2014.0,3808.0,2209.0,1019.0,63.83,68.94,72.1,120.2
2019-07-25,1947.0,3609.0,2180.0,1012.0,63.47,69.03,72.1,120.2
2019-07-26,1937.0,3647.0,2109.0,1005.0,62.46,68.89,72.1,120.2
2019-07-29,1922.0,3660.0,2050.0,996.0,62.29,68.73,72.1,120.2
2019-07-30,1899.0,3664.0,1969.0,988.0,62.55,68.82,72.1,120.2
2019-07-31,1868.0,3657.0,1891.0,982.0,64.07,68.81,72.1,120.2
2019-08-01,1812.0,3534.0,1818.0,974.0,62.9,69.0,65.6,93.1
2019-08-02,1788.0,3492.0,1779.0,968.0,61.12,69.65,65.6,93.1
2019-08-05,1774.0,3480.0,1753.0,959.0,59.32,70.8,65.6,93.1
2019-08-06,1734.0,3302.0,1759.0,956.0,58.63,70.9,65.6,93.1
2019-08-07,1712.0,3171.0,1791.0,955.0,55.03,71.18,65.6,93.1
2019-08-08,1720.0,3181.0,1839.0,959.0,56.29,70.62,65.6,93.1
2019-08-09,1748.0,3222.0,1898.0,970.0,57.37,70.91,65.6,93.1
2019-08-12,1774.0,3266.0,1932.0,975.0,57.13,71.27,65.6,93.1
2019-08-13,1864.0,3454.0,1999.0,992.0,59.9,71.41,65.6,93.1
2019-08-14,1950.0,3588.0,2089.0,1022.0,57.86,71.27,65.6,93.1
2019-08-15,2047.0,3767.0,2150.0,1070.0,57.37,71.79,65.6,93.1
2019-08-16,2088.0,3826.0,2169.0,1118.0,59.0,71.15,65.6,93.1
2019-08-19,2067.0,3728.0,2174.0,1141.0,59.79,71.44,65.6,93.1
2019-08-20,2059.0,3665.0,2161.0,1161.0,59.03,71.54,65.6,93.1
2019-08-21,2061.0,3671.0,2163.0,1188.0,60.6,71.43,65.6,93.1
2019-08-22,2118.0,3829.0,2181.0,1220.0,59.81,71.9,65.6,93.1
2019-08-23,2168.0,3991.0,2196.0,1249.0,58.64,71.49,65.6,93.1
2019-08-26,2201.75,4059.25,2212.5,1276.75,58.64,72.02,65.6,93.1
2019-08-27,2213.0,4082.0,2218.0,1286.0,58.44,71.52,65.6,93.1
2019-08-28,2267.0,4213.0,2235.0,1310.0,60.42,71.75,65.6,93.1
2019-08-29,2277.0,4206.0,2249.0,1328.0,60.59,71.67,65.6,93.1
2019-08-30,2378.0,4467.0,2260.0,1336.0,61.04,71.45,65.6,93.1
2019-09-02,2442.0,4659.0,2262.0,1346.0,58.55,72.0125,66.0,93.1
2019-09-03,2501.0,4862.0,2261.0,1350.0,57.93,72.2,66.0,93.1
2019-09-04,2518.0,5043.0,2250.0,1351.0,60.68,72.11,66.0,93.1
2019-09-05,2499.0,5036.0,2234.0,1348.0,62.7,71.84,66.0,93.1
2019-09-06,2462.0,4949.0,2216.0,1338.0,61.28,71.68,66.0,93.1
2019-09-09,2422.0,4844.0,2191.0,1330.0,63.99,71.66,66.0,93.1
2019-09-10,2393.0,4794.0,2161.0,1319.0,64.67,71.89,66.0,93.1
2019-09-11,2366.0,4726.0,2144.0,1311.0,63.02,71.62,66.0,93.1
2019-09-12,2331.0,4612.0,2129.0,1305.0,60.76,70.91,66.0,93.1
2019-09-13,2312.0,4547.0,2133.0,1299.0,61.25,71.0,66.0,93.1
2019-09-16,2311.0,4538.0,2133.0,1294.0,68.42,71.53,66.0,93.1
2019-09-17,2283.0,4456.0,2121.0,1292.0,65.59,71.47,66.0,93.1
2019-09-18,2266.0,4394.0,2089.0,1292.0,64.29,71.16,66.0,93.1
2019-09-19,2192.0,4136.0,2052.0,1296.0,64.25,71.31,66.0,93.1
2019-09-20,2131.0,3952.0,2013.0,1300.0,65.23,71.05,66.0,93.1
2019-09-23,2108.0,3903.0,1978.0,1298.0,64.66,70.79,66.0,93.1
2019-09-24,2116.0,3982.0,1939.0,1294.0,64.13,70.94,66.0,93.1
2019-09-25,2053.0,3829.0,1900.0,1282.0,62.41,71.0,66.0,93.1
2019-09-26,1963.0,3601.0,1846.0,1272.0,62.08,70.93,66.0,93.1
2019-09-27,1857.0,3338.0,1804.0,1260.0,62.48,70.49,66.0,93.1
2019-09-30,1823.0,3269.0,1766.0,1248.0,60.99,70.64,66.0,93.1
2019-10-01,1809.0,3232.0,1745.0,1231.0,60.06,71.11,69.2,88.5
2019-10-02,1803.0,3231.0,1725.0,1217.0,57.92,71.17,69.2,88.5
2019-10-03,1757.0,3013.0,1722.0,1204.0,58.01,71.03,69.2,88.5
2019-10-04,1767.0,3021.0,1731.0,1199.0,59.13,70.86,69.2,88.5
2019-10-07,1770.0,3003.0,1748.0,1196.0,59.46,70.97,69.2,88.5
2019-10-08,1801.0,3031.0,1804.0,1199.0,58.14,71.21,69.2,88.5
2019-10-09,1873.0,3208.0,1852.0,1204.0,59.7,71.09,69.2,88.5
2019-10-10,1929.0,3319.0,1899.0,1211.0,59.08,70.98,69.2,88.5
2019-10-11,1924.0,3290.0,1916.0,1218.0,60.59,70.91,69.2,88.5
2019-10-14,1916.0,3254.0,1928.0,1223.0,58.81,71.3375,69.2,88.5
2019-10-15,1898.0,3204.0,1918.0,1227.0,59.19,71.48,69.2,88.5
2019-10-16,1897.0,3194.0,1888.0,1226.0,59.3,71.37,69.2,88.5
2019-10-17,1861.0,3081.0,1861.0,1224.0,59.35,71.09,69.2,88.5
2019-10-18,1855.0,3064.0,1840.0,1222.0,59.96,71.07,69.2,88.5
2019-10-21,1846.0,3047.0,1819.0,1221.0,58.95,70.9,69.2,88.5
2019-10-22,1806.0,2944.0,1795.0,1217.0,60.5,70.81,69.2,88.5
2019-10-23,1779.0,2873.0,1770.0,1210.0,60.52,70.81,69.2,88.5
2019-10-24,1785.0,2926.0,1748.0,1200.0,61.71,71.01,69.2,88.5
2019-10-25,1801.0,3009.0,1695.0,1187.0,62.06,70.78,69.2,88.5
2019-10-28,1803.0,3052.0,1646.0,1179.0,60.39,70.71,69.2,88.5
2019-10-29,1802.0,3078.0,1608.0,1159.0,61.05,70.86,69.2,88.5
2019-10-30,1782.0,3078.0,1574.0,1127.0,60.22,70.96,69.2,88.5
2019-10-31,1731.0,2978.0,1543.0,1091.0,59.3,71.01,69.2,88.5
2019-11-01,1697.0,2950.0,1513.0,1045.0,60.17,70.76,67.0,85.0
2019-11-04,1675.0,2946.0,1477.0,1005.0,62.52,70.79,67.0,85.0
2019-11-05,1656.0,2975.0,1436.0,974.0,62.72,70.81,67.0,85.0
2019-11-06,1533.0,2726.0,1385.0,926.0,62.11,70.96,67.0,85.0
2019-11-07,1428.0,2517.0,1340.0,865.0,62.6,71.04,67.0,85.0
2019-11-08,1378.0,2444.0,1290.0,824.0,62.0,71.35,67.0,85.0
2019-11-11,1345.0,2393.0,1246.0,796.0,62.58,71.65,67.0,85.0
2019-11-12,1354.0,2485.0,1207.0,774.0,62.19,71.75,67.0,85.0
2019-11-13,1365.0,2565.0,1170.0,758.0,62.27,72.12,67.0,85.0
2019-11-14,1364.0,2623.0,1137.0,745.0,62.46,71.99,67.0,85.0
2019-11-15,1357.0,2635.0,1118.0,735.0,63.32,71.6,67.0,85.0
2019-11-18,1338.0,2603.0,1112.0,723.0,62.82,71.9,67.0,85.0
2019-11-19,1304.0,2543.0,1116.0,716.0,62.37,71.86,67.0,85.0
2019-11-20,1260.0,2435.0,1127.0,718.0,63.8,71.74,67.0,85.0
2019-11-21,1255.0,2401.0,1129.0,731.0,64.99,71.75,67.0,85.0
2019-11-22,1284.0,2493.0,1129.0,747.0,64.83,71.76,67.0,85.0
2019-11-25,1351.0,2716.0,1119.0,767.0,64.67,71.69,67.0,85.0
2019-11-26,1426.0,2953.0,1111.0,783.0,64.82,71.51,67.0,85.0
2019-11-27,1440.0,2983.0,1121.0,796.0,65.03,71.26,67.0,85.0
2019-11-28,1467.0,2995.0,1167.0,807.0,64.68,71.505,67.0,85.0
2019-11-29,1528.0,3131.0,1225.0,816.0,64.5,71.75,67.0,85.0
2019-12-02,1568.0,3231.0,1282.0,819.0,63.2,71.65,66.2,92.7
2019-12-03,1606.0,3350.0,1315.0,825.0,62.95,71.7,66.2,92.7
2019-12-04,1599.0,3382.0,1326.0,828.0,65.25,71.47,66.2,92.7
2019-12-05,1575.0,3325.0,1336.0,831.0,65.67,71.26,66.2,92.7
2019-12-06,1558.0,3273.0,1347.0,835.0,66.5,71.26,66.2,92.7
2019-12-09,1551.0,3242.0,1359.0,837.0,66.44,71.02,66.2,92.7
2019-12-10,1528.0,3167.0,1395.0,838.0,66.57,70.84,66.2,92.7
2019-12-11,1460.0,2883.0,1443.0,838.0,65.37,70.73,66.2,92.7
2019-12-12,1388.0,2598.0,1459.0,835.0,66.67,70.62,66.2,92.7
2019-12-13,1355.0,2455.0,1467.0,823.0,67.44,70.8,66.2,92.7
2019-12-16,1315.0,2334.0,1465.0,815.0,68.04,70.89,66.2,92.7
2019-12-17,1281.0,2240.0,1421.0,802.0,68.99,71.04,66.2,92.7
2019-12-18,1221.0,2103.0,1340.0,785.0,69.12,70.97,66.2,92.7
2019-12-19,1151.0,1976.0,1265.0,764.0,69.7,71.11,66.2,92.7
2019-12-20,1123.0,1958.0,1201.0,743.0,68.66,71.07,66.2,92.7
2019-12-23,1103.0,1954.0,1154.0,728.0,67.49,71.24,66.2,92.7
2019-12-24,1090.0,1950.0,1117.0,718.0,69.26,71.23,66.2,92.7
2019-12-26,1064.6666666666667,1882.4444444444443,1091.6666666666667,710.6666666666666,69.26,71.28,66.2,92.7
2019-12-27,1052.0,1848.6666666666667,1079.0,707.0,68.91,71.45,66.2,92.7
2019-12-30,1014.0,1747.3333333333333,1041.0,696.0,68.3,71.3,66.2,92.7
2019-12-31,1001.3333333333334,1713.5555555555557,1028.3333333333333,692.3333333333334,67.77,71.36,66.2,92.7
2020-01-02,976.0,1646.0,1003.0,685.0,67.05,71.34,69.7,95.8
2020-01-03,907.0,1507.0,949.0,662.0,69.08,71.76,69.7,95.8
2020-01-06,844.0,1388.0,890.0,642.0,70.25,71.86,69.7,95.8
2020-01-07,791.0,1271.0,845.0,611.0,68.74,71.84,69.7,95.8
2020-01-08,773.0,1197.0,803.0,593.0,67.31,71.51,69.7,95.8
2020-01-09,772.0,1155.0,785.0,581.0,66.58,71.16,69.7,95.8
2020-01-10,774.0,1066.0,771.0,570.0,66.77,70.94,69.7,95.8
2020-01-13,765.0,1004.0,759.0,566.0,64.14,70.74,69.7,95.8
2020-01-14,763.0,970.0,767.0,563.0,64.45,70.85,69.7,95.8
2020-01-15,768.0,878.0,825.0,559.0,63.29,70.69,69.7,95.8
2020-01-16,768.0,784.0,859.0,559.0,64.63,70.95,69.7,95.8
2020-01-17,754.0,712.0,870.0,560.0,64.05,71.08,69.7,95.8
2020-01-20,729.0,593.0,866.0,560.0,64.63,71.14750000000001,69.7,95.8
2020-01-21,689.0,495.0,824.0,556.0,63.66,71.17,69.7,95.8
2020-01-22,623.0,325.0,760.0,550.0,62.11,71.07,69.7,95.8
2020-01-23,576.0,207.0,714.0,546.0,61.26,71.45,69.7,95.8
2020-01-24,557.0,165.0,691.0,543.0,59.34,71.31,69.7,95.8
2020-01-27,546.0,135.0,673.0,542.0,58.54,71.45,69.7,95.8
2020-01-28,539.0,129.0,651.0,538.0,59.37,71.24,69.7,95.8
2020-01-29,525.0,93.0,627.0,533.0,59.46,71.35,69.7,95.8
2020-01-30,498.0,1.0,595.0,528.0,57.72,71.57,69.7,95.8
2020-01-31,487.0,-20.0,574.0,524.0,57.77,71.53,69.7,95.8
2020-02-03,466.0,-102.0,546.0,521.0,54.0,71.32,67.6,87.7
2020-02-04,453.0,-133.0,526.0,518.0,53.9,71.11,67.6,87.7
2020-02-05,430.0,-183.0,520.0,512.0,55.36,71.19,67.6,87.7
2020-02-06,431.0,-187.0,530.0,506.0,55.18,71.19,67.6,87.7
2020-02-07,415.0,-234.0,541.0,491.0,54.53,71.47,67.6,87.7
2020-02-10,411.0,-254.0,546.0,484.0,53.39,71.28,67.6,87.7
2020-02-11,418.0,-253.0,557.0,477.0,54.0,71.25,67.6,87.7
2020-02-12,421.0,-259.0,582.0,472.0,55.54,71.29,67.6,87.7
2020-02-13,421.0,-284.0,612.0,468.0,56.34,71.27,67.6,87.7
2020-02-14,425.0,-294.0,636.0,470.0,57.37,71.52,67.6,87.7
2020-02-17,434.0,-287.0,657.0,474.0,57.83,71.55,67.6,87.7
2020-02-18,450.0,-257.0,690.0,481.0,57.35,71.56,67.6,87.7
2020-02-19,465.0,-241.0,722.0,489.0,59.72,71.55,67.6,87.7
2020-02-20,480.0,-232.0,755.0,505.0,59.57,71.67,67.6,87.7
2020-02-21,497.0,-226.0,787.0,524.0,58.6,71.9,67.6,87.7
2020-02-24,506.0,-239.0,811.0,543.0,56.71,71.92,67.6,87.7
2020-02-25,508.0,-278.0,830.0,561.0,55.29,71.81,67.6,87.7
2020-02-26,517.0,-290.0,859.0,577.0,54.96,71.58,67.6,87.7
2020-02-27,529.0,-300.0,886.0,590.0,52.19,71.65,67.6,87.7
2020-02-28,535.0,-328.0,905.0,606.0,51.31,72.53,67.6,87.7
2020-03-02,539.0,-348.0,915.0,621.0,52.52,72.88,66.7,89.0
2020-03-03,549.0,-346.0,935.0,633.0,52.24,73.03,66.7,89.0
2020-03-04,562.0,-353.0,961.0,646.0,51.86,73.49,66.7,89.0
2020-03-05,599.0,-307.0,1026.0,671.0,51.29,73.5,66.7,89.0
2020-03-06,617.0,-312.0,1068.0,688.0,45.6,74.0,66.7,89.0
2020-03-09,616.0,-372.0,1067.0,704.0,35.33,74.21,66.7,89.0
2020-03-10,627.0,-347.0,1064.0,722.0,35.57,74.15,66.7,89.0
2020-03-11,631.0,-350.0,1057.0,735.0,34.45,73.68,66.7,89.0
2020-03-12,633.0,-355.0,1035.0,745.0,31.02,74.25,66.7,89.0
2020-03-13,631.0,-311.0,1007.0,750.0,32.25,73.86,66.7,89.0
2020-03-16,623.0,-293.0,970.0,754.0,27.98,74.01,66.7,89.0
2020-03-17,612.0,-289.0,930.0,754.0,27.97,74.26,66.7,89.0
2020-03-18,629.0,-204.0,886.0,755.0,22.79,74.55,66.7,89.0
2020-03-19,630.0,-166.0,850.0,748.0,23.98,74.78,66.7,89.0
2020-03-20,625.0,-121.0,807.0,741.0,25.55,75.31,66.7,89.0
2020-03-23,617.0,-109.0,774.0,732.0,23.75,76.29,66.7,89.0
2020-03-24,603.0,-110.0,746.0,720.0,24.5,76.37,66.7,89.0
2020-03-25,582.0,-113.0,720.0,702.0,25.62,76.36,66.7,89.0
2020-03-26,569.0,-106.0,715.0,675.0,23.55,74.89,66.7,89.0
2020-03-27,556.0,-97.0,729.0,641.0,22.39,75.47,66.7,89.0
2020-03-30,548.0,-69.0,732.0,606.0,19.19,75.33,66.7,89.0
2020-03-31,626.0,204.0,757.0,568.0,14.85,75.39,66.7,89.0
2020-04-01,624.0,219.0,783.0,535.0,14.97,76.4,58.6,84.7
2020-04-02,624.0,268.0,792.0,513.0,20.24,76.34,58.6,84.7
2020-04-03,616.0,319.0,797.0,495.0,24.33,76.24,58.6,84.7
2020-04-06,604.0,338.0,801.0,485.0,22.58,75.95,58.6,84.7
2020-04-07,596.0,356.0,800.0,472.0,22.1,75.64,58.6,84.7
2020-04-08,607.0,425.0,805.0,454.0,25.22,75.96,58.6,84.7
2020-04-09,635.0,541.0,813.0,441.0,20.23,76.3,58.6,84.7
2020-04-10,643.8,570.2,814.0,438.6,20.532,75.87,58.6,84.7
2020-04-13,670.2,657.8,817.0,431.4,21.438,76.25,58.6,84.7
2020-04-14,679.0,687.0,818.0,429.0,21.74,76.11,58.6,84.7
2020-04-15,706.0,794.0,820.0,419.0,19.8,76.56,58.6,84.7
2020-04-16,726.0,887.0,821.0,411.0,18.69,76.75,58.6,84.7
2020-04-17,751.0,993.0,825.0,404.0,19.75,76.56,58.6,84.7
2020-04-20,757.0,1057.0,822.0,398.0,17.36,76.56,58.6,84.7
2020-04-21,728.0,1004.0,804.0,390.0,9.12,76.95,58.6,84.7
2020-04-22,694.0,968.0,778.0,384.0,13.77,76.44,58.6,84.7
2020-04-23,672.0,970.0,759.0,383.0,15.06,75.84,58.6,84.7
2020-04-24,665.0,964.0,747.0,388.0,15.87,76.26,58.6,84.7
2020-04-27,661.0,962.0,741.0,392.0,15.17,76.23,58.6,84.7
2020-04-28,655.0,945.0,731.0,397.0,15.6,75.96,58.6,84.7
2020-04-29,643.0,926.0,720.0,404.0,17.86,75.45,58.6,84.7
2020-04-30,635.0,895.0,711.0,410.0,18.11,75.08,58.6,84.7
2020-05-01,617.0,820.0,704.0,413.0,18.49,75.75,52.5,93.7
2020-05-04,598.0,743.0,702.0,416.0,20.4,75.64,52.5,93.7
2020-05-05,575.0,669.0,692.0,417.0,25.46,75.72,52.5,93.7
2020-05-06,534.0,519.0,678.0,420.0,24.2,76.08,52.5,93.7
2020-05-07,514.0,461.0,667.0,423.0,24.23,75.78,52.5,93.7
2020-05-08,504.0,418.75,664.75,425.0,24.555,75.58,52.5,93.7
2020-05-11,474.0,292.0,658.0,431.0,25.53,75.87,52.5,93.7
2020-05-12,433.0,123.0,645.0,434.0,26.67,75.03,52.5,93.7
2020-05-13,398.0,-17.0,628.0,440.0,27.89,75.33,52.5,93.7
2020-05-14,393.0,-48.0,614.0,446.0,29.87,75.48,52.5,93.7
2020-05-15,407.0,26.0,603.0,450.0,30.95,75.82,52.5,93.7
2020-05-18,427.0,94.0,599.0,456.0,33.3,75.74,52.5,93.7
2020-05-19,453.0,174.0,599.0,462.0,33.06,75.67,52.5,93.7
2020-05-20,477.0,174.0,607.0,471.0,34.76,75.47,52.5,93.7
2020-05-21,494.0,180.0,623.0,478.0,34.78,75.63,52.5,93.7
2020-05-22,498.0,162.0,635.0,486.0,33.8,75.99,52.5,93.7
2020-05-26,506.0,147.0,656.0,495.0,33.95,75.43,52.5,93.7
2020-05-27,502.0,108.0,689.0,500.0,32.73,75.88,52.5,93.7
2020-05-28,489.0,27.0,720.0,502.0,33.98,75.67,52.5,93.7
2020-05-29,504.0,46.0,754.0,500.0,34.15,75.59,52.5,93.7
2020-06-01,520.0,82.0,777.0,497.0,36.74,75.56,52.2,103.3
2020-06-02,546.0,167.0,795.0,495.0,37.72,75.03,52.2,103.3
2020-06-03,592.0,356.0,809.0,494.0,37.98,75.32,52.2,103.3
2020-06-04,632.0,518.0,815.0,499.0,38.41,75.43,52.2,103.3
2020-06-05,679.0,736.0,814.0,507.0,41.0,75.61,52.2,103.3
2020-06-08,698.0,810.0,809.0,515.0,39.66,75.44,52.2,103.3
2020-06-09,714.0,859.0,799.0,532.0,40.45,75.44,52.2,103.3
2020-06-10,764.0,1039.0,796.0,556.0,41.18,75.65,52.2,103.3
2020-06-11,839.0,1300.0,821.0,575.0,37.76,75.97,52.2,103.3
2020-06-12,923.0,1523.0,852.0,597.0,38.54,76.03,52.2,103.3
2020-06-15,973.0,1648.0,884.0,612.0,39.44,75.97,52.2,103.3
2020-06-16,1054.0,1854.0,949.0,624.0,40.75,76.19,52.2,103.3
2020-06-17,1246.0,2455.0,1019.0,634.0,40.47,76.25,52.2,103.3
2020-06-18,1527.0,3672.0,1117.0,648.0,41.75,76.32,52.2,103.3
2020-06-19,1555.0,3819.0,1178.0,657.0,42.33,76.21,52.2,103.3
2020-06-22,1558.0,3791.0,1204.0,662.0,43.2,75.76,52.2,103.3
2020-06-23,1617.0,3976.0,1222.0,667.0,42.72,75.48,52.2,103.3
2020-06-24,1705.0,4189.0,1245.0,674.0,40.4,75.65,52.2,103.3
2020-06-25,1738.0,4213.0,1253.0,678.0,41.18,75.58,52.2,103.3
2020-06-26,1749.0,4219.0,1256.0,678.0,40.97,75.63,52.2,103.3
2020-06-29,1794.0,4325.0,1256.0,679.0,41.58,75.52,52.2,103.3
2020-06-30,1799.0,4320.0,1257.0,683.0,41.64,75.53,52.2,103.3
2020-07-01,1803.0,4233.0,1255.0,686.0,42.18,75.5,51.6,108.5
2020-07-02,1823.0,4264.0,1257.0,693.0,43.19,74.78,51.6,108.5
2020-07-03,1894.0,4440.0,1316.0,701.0,42.92,74.74000000000001,51.6,108.5
2020-07-06,1956.0,4071.0,1376.0,708.0,42.73,74.62,51.6,108.5
2020-07-07,1949.0,3968.0,1457.0,725.0,43.28,74.81,51.6,108.5
2020-07-08,1849.0,3570.0,1517.0,773.0,43.67,74.94,51.6,108.5
2020-07-09,1810.0,3386.0,1557.0,809.0,42.35,75.12,51.6,108.5
2020-07-10,1810.0,3333.0,1587.0,835.0,43.27,75.14,51.6,108.5
2020-07-13,1792.0,3251.0,1597.0,856.0,42.85,75.16,51.6,108.5
2020-07-14,1742.0,3082.0,1597.0,875.0,42.97,75.38,51.6,108.5
2020-07-15,1696.0,2941.0,1579.0,890.0,43.96,75.11,51.6,108.5
2020-07-16,1699.0,2971.0,1544.0,899.0,43.71,75.11,51.6,108.5
2020-07-17,1710.0,3025.0,1504.0,910.0,43.53,74.93,51.6,108.5
2020-07-20,1678.0,2950.0,1465.0,920.0,43.3,74.77,51.6,108.5
2020-07-21,1594.0,2729.0,1415.0,929.0,44.31,74.54,51.6,108.5
2020-07-22,1473.0,2426.0,1335.0,932.0,43.98,74.56,51.6,108.5
2020-07-23,1388.0,2236.0,1263.0,925.0,42.96,74.81,51.6,108.5
2020-07-24,1317.0,2084.0,1198.0,915.0,43.29,74.77,51.6,108.5
2020-07-27,1293.0,2052.0,1161.0,906.0,43.39,74.77,51.6,108.5
2020-07-28,1264.0,1992.0,1136.0,897.0,43.11,74.91,51.6,108.5
2020-07-29,1317.0,2137.0,1166.0,890.0,43.51,74.92,51.6,108.5
2020-07-30,1348.0,2210.0,1203.0,878.0,42.98,74.88,51.6,108.5
2020-07-31,1350.0,2206.0,1227.0,870.0,43.13,74.9,51.6,108.5
2020-08-03,1385.0,2297.0,1254.0,862.0,43.76,75.2,50.1,121.1
2020-08-04,1414.0,2494.0,1316.0,851.0,43.99,75.06,50.1,121.1
2020-08-05,1443.0,2458.0,1410.0,844.0,44.92,74.8,50.1,121.1
2020-08-06,1472.0,2464.0,1494.0,847.0,45.04,74.87,50.1,121.1
2020-08-07,1501.0,2401.0,1563.0,855.0,44.07,75.04,50.1,121.1
2020-08-10,1506.0,2375.0,1600.0,867.0,44.19,74.91,50.1,121.1
2020-08-11,1510.0,2316.0,1671.0,879.0,43.68,74.61,50.1,121.1
2020-08-12,1540.0,2332.0,1747.0,893.0,45.09,74.73,50.1,121.1
2020-08-13,1577.0,2384.0,1797.0,911.0,44.87,74.81,50.1,121.1
2020-08-14,1595.0,2402.0,1824.0,927.0,44.86,74.87,50.1,121.1
2020-08-17,1598.0,2400.0,1819.0,943.0,44.91,74.74,50.1,121.1
2020-08-18,1586.0,2375.0,1798.0,949.0,45.34,74.62,50.1,121.1
2020-08-19,1568.0,2347.0,1757.0,954.0,45.21,74.85,50.1,121.1
2020-08-20,1518.0,2239.0,1700.0,957.0,44.56,75.01,50.1,121.1
2020-08-21,1481.0,2160.0,1653.0,962.0,43.94,74.92,50.1,121.1
2020-08-24,1491.0,2207.0,1632.0,965.0,44.43,74.17,50.1,121.1
2020-08-25,1518.0,2293.0,1629.0,964.0,46.01,74.2,50.1,121.1
2020-08-26,1509.0,2278.0,1616.0,960.0,45.79,74.22,50.1,121.1
2020-08-27,1504.0,2264.0,1619.0,958.0,44.84,73.89,50.1,121.1
2020-08-28,1488.0,2218.0,1617.0,958.0,45.22,73.11,50.1,121.1
2020-08-31,1475.25,2186.5,1607.25,958.0,45.595,73.25,50.1,121.1
2020-09-01,1471.0,2176.0,1604.0,958.0,45.72,73.0,54.6,123.8
2020-09-02,1445.0,2127.0,1568.0,959.0,42.7,73.27,54.6,123.8
2020-09-03,1395.0,2019.0,1515.0,958.0,42.72,73.39,54.6,123.8
2020-09-04,1362.0,1960.0,1473.0,953.0,41.1,73.29,54.6,123.8
2020-09-07,1349.0,1942.0,1449.0,949.0,40.67,73.6575,54.6,123.8
2020-09-08,1328.0,1916.0,1414.0,941.0,38.53,73.78,54.6,123.8
2020-09-09,1296.0,1867.0,1370.0,931.0,39.98,73.38,54.6,123.8
2020-09-10,1269.0,1818.0,1337.0,923.0,39.27,73.43,54.6,123.8
2020-09-11,1267.0,1839.0,1313.0,917.0,38.8,73.45,54.6,123.8
2020-09-14,1282.0,1898.0,1300.0,914.0,38.57,73.42,54.6,123.8
2020-09-15,1289.0,1922.0,1296.0,912.0,39.54,73.57,54.6,123.8
2020-09-16,1281.0,1889.0,1299.0,921.0,41.23,73.54,54.6,123.8
2020-09-17,1294.0,1914.0,1305.0,930.0,42.35,73.6,54.6,123.8
2020-09-18,1296.0,1900.0,1315.0,941.0,42.16,73.54,54.6,123.8
2020-09-21,1314.0,1940.0,1321.0,950.0,40.37,73.58,54.6,123.8
2020-09-22,1364.0,2078.0,1326.0,960.0,40.84,73.5,54.6,123.8
2020-09-23,1426.0,2242.0,1339.0,971.0,41.09,73.53,54.6,123.8
2020-09-24,1605.0,2754.0,1361.0,983.0,41.24,73.9,54.6,123.8
2020-09-25,1667.0,2915.0,1380.0,992.0,40.91,73.71,54.6,123.8
2020-09-28,1654.0,2862.0,1390.0,998.0,41.59,73.79,54.6,123.8
2020-09-29,1658.0,2871.0,1391.0,999.0,40.33,73.78,54.6,123.8
2020-09-30,1725.0,3091.0,1374.0,995.0,40.3,73.54,54.6,123.8
2020-10-01,1869.0,3537.0,1364.0,992.0,39.75,73.18,58.4,119.8
2020-10-02,2020.0,3987.0,1373.0,991.0,38.0,73.35,58.4,119.8
2020-10-05,2071.0,4135.0,1383.0,988.0,39.78,73.09,58.4,119.8
2020-10-06,2097.0,4208.0,1394.0,985.0,41.27,73.4,58.4,119.8
2020-10-07,2044.0,4035.0,1410.0,985.0,40.62,73.28,58.4,119.8
2020-10-08,1970.0,3799.0,1428.0,984.0,42.0,73.33,58.4,119.8
2020-10-09,1892.0,3555.0,1439.0,982.0,41.63,72.98,58.4,119.8
2020-10-12,1807.0,3296.0,1443.0,982.0,40.5,73.33250000000001,58.4,119.8
2020-10-13,1732.0,3074.0,1436.0,982.0,41.34,73.45,58.4,119.8
2020-10-14,1637.0,2810.0,1413.0,980.0,41.81,73.24,58.4,119.8
2020-10-15,1561.0,2621.0,1365.0,977.0,41.61,73.48,58.4,119.8
2020-10-16,1477.0,2406.0,1323.0,976.0,41.34,73.42,58.4,119.8
2020-10-19,1409.0,2219.0,1298.0,976.0,41.29,73.31,58.4,119.8
2020-10-20,1350.0,2064.0,1273.0,973.0,41.62,73.47,58.4,119.8
2020-10-21,1346.0,2068.0,1257.0,972.0,40.09,73.62,58.4,119.8
2020-10-22,1401.0,2235.0,1255.0,972.0,41.28,73.65,58.4,119.8
2020-10-23,1415.0,2261.0,1274.0,972.0,40.71,73.86,58.4,119.8
2020-10-26,1402.0,2207.0,1291.0,972.0,39.06,73.93,58.4,119.8
2020-10-27,1413.0,2244.0,1295.0,968.0,39.72,73.62,58.4,119.8
2020-10-28,1384.0,2156.0,1300.0,962.0,37.86,74.19,58.4,119.8
2020-10-29,1297.0,1903.0,1297.0,958.0,36.56,74.42,58.4,119.8
2020-10-30,1283.0,1875.0,1289.0,949.0,36.33,74.59,58.4,119.8
2020-11-02,1284.0,1895.0,1275.0,943.0,37.78,74.51,64.4,124.4
2020-11-03,1263.0,1862.0,1250.0,932.0,38.17,74.61,64.4,124.4
2020-11-04,1224.0,1771.0,1231.0,922.0,39.68,74.36,64.4,124.4
2020-11-05,1194.0,1709.0,1209.0,912.0,39.47,73.93,64.4,124.4
2020-11-06,1196.0,1739.0,1190.0,901.0,38.08,73.96,64.4,124.4
2020-11-09,1207.0,1790.0,1181.0,893.0,40.93,74.03,64.4,124.4
2020-11-10,1200.0,1782.0,1170.0,888.0,42.25,74.31,64.4,124.4
2020-11-11,1141.0,1613.0,1165.0,882.0,42.5,74.47,64.4,124.4
2020-11-12,1124.0,1550.0,1177.0,884.0,42.16,74.63,64.4,124.4
2020-11-13,1120.75,1507.0,1198.0,884.0,41.51,74.56,64.4,124.4
2020-11-16,1111.0,1481.0,1214.0,884.0,42.71,74.41,64.4,124.4
2020-11-17,1112.0,1450.0,1252.0,888.0,42.54,74.42,64.4,124.4
2020-11-18,1115.0,1414.0,1291.0,900.0,42.91,74.1,64.4,124.4
2020-11-19,1134.0,1430.0,1326.0,915.0,43.09,74.16,64.4,124.4
2020-11-20,1148.0,1435.0,1353.0,930.0,43.79,74.12,64.4,124.4
2020-11-23,1169.0,1450.0,1384.0,952.0,45.0,74.21,64.4,124.4
2020-11-24,1178.0,1447.0,1398.0,973.0,46.63,74.08,64.4,124.4
2020-11-25,1197.0,1469.0,1413.0,995.0,47.3,73.75,64.4,124.4
2020-11-26,1219.0,1509.0,1426.0,1011.0,46.32,73.802,64.4,124.4
2020-11-27,1230.0,1533.0,1429.0,1018.0,46.88,73.854,64.4,124.4
2020-11-30,1227.0,1522.0,1427.0,1022.0,46.84,74.01,64.4,124.4
2020-12-01,1211.0,1487.0,1410.0,1020.0,47.03,73.51,83.0,155.4
2020-12-02,1201.0,1486.0,1379.0,1019.0,47.8,73.72,83.0,155.4
2020-12-03,1189.0,1480.0,1345.0,1015.0,48.37,73.8,83.0,155.4
2020-12-04,1197.0,1520.0,1331.0,1011.0,49.1,73.78,83.0,155.4
2020-12-07,1162.0,1419.0,1325.0,1011.0,48.63,73.83,83.0,155.4
2020-12-08,1121.0,1279.0,1344.0,1012.0,48.84,73.68,83.0,155.4
2020-12-09,1122.0,1241.0,1388.0,1017.0,48.81,73.71,83.0,155.4
2020-12-10,1161.0,1320.0,1427.0,1023.0,50.33,73.72,83.0,155.4
2020-12-11,1211.0,1434.0,1465.0,1031.0,50.01,73.73,83.0,155.4
2020-12-14,1235.0,1481.0,1485.0,1038.0,50.27,73.64,83.0,155.4
2020-12-15,1273.0,1583.0,1491.0,1046.0,50.77,73.56,83.0,155.4
2020-12-16,1296.0,1667.0,1466.0,1054.0,50.83,73.65,83.0,155.4
2020-12-17,1301.0,1705.0,1433.0,1057.0,51.2,73.53,83.0,155.4
2020-12-18,1325.0,1802.0,1402.0,1057.0,52.17,73.53,83.0,155.4
2020-12-21,1323.0,1819.0,1377.0,1054.0,50.61,74.03,83.0,155.4
2020-12-22,1330.0,1865.0,1352.0,1048.0,49.88,73.85,83.0,155.4
2020-12-23,1362.0,1979.0,1333.0,1047.0,51.05,73.77,83.0,155.4
2020-12-24,1366.0,2006.0,1325.0,1039.0,50.88,73.716,83.0,155.4
2020-12-28,1368.909090909091,2006.7272727272727,1339.1818181818182,1035.0,50.88,73.5,83.0,155.4
2020-12-29,1369.6363636363637,2006.909090909091,1342.7272727272727,1034.0,50.44,73.33,83.0,155.4
2020-12-30,1370.3636363636363,2007.090909090909,1346.2727272727273,1033.0,50.74,73.13,83.0,155.4
2020-12-31,1371.090909090909,2007.2727272727273,1349.8181818181818,1032.0,51.22,73.01,83.0,155.4
2021-01-04,1374.0,2008.0,1364.0,1028.0,50.37,73.08,86.8,169.6
2021-01-05,1418.0,2099.0,1422.0,1022.0,53.16,73.15,86.8,169.6
2021-01-06,1425.0,2087.0,1463.0,1022.0,53.8,73.15,86.8,169.6
2021-01-07,1448.0,2122.0,1504.0,1023.0,53.7,73.43,86.8,169.6
2021-01-08,1606.0,2548.0,1559.0,1029.0,55.51,73.31,86.8,169.6
2021-01-11,1761.0,2955.0,1620.0,1039.0,54.84,73.5,86.8,169.6
2021-01-12,1849.0,3186.0,1645.0,1055.0,55.98,73.26,86.8,169.6
2021-01-13,1856.0,3194.0,1645.0,1067.0,55.52,73.07,86.8,169.6
2021-01-14,1792.0,3012.0,1618.0,1080.0,55.76,73.11,86.8,169.6
2021-01-15,1754.0,2893.0,1616.0,1086.0,54.8,73.08,86.8,169.6
2021-01-18,1740.0,2839.0,1618.0,1096.0,54.21,73.17,86.8,169.6
2021-01-19,1766.0,2912.0,1612.0,1104.0,55.38,73.2,86.8,169.6
2021-01-20,1828.0,3082.0,1617.0,1119.0,55.66,73.08,86.8,169.6
2021-01-21,1837.0,3077.0,1639.0,1133.0,55.68,72.96,86.8,169.6
2021-01-22,1810.0,2970.0,1659.0,1142.0,55.22,72.98,86.8,169.6
2021-01-25,1765.0,2817.0,1665.0,1152.0,55.44,73.01,86.8,169.6
2021-01-26,1659.0,2497.0,1660.0,1158.0,55.26,72.9,86.8,169.6
2021-01-27,1540.0,2145.0,1645.0,1163.0,55.07,73.05,86.8,169.6
2021-01-28,1470.0,1945.0,1631.0,1166.0,54.87,72.91,86.8,169.6
2021-01-29,1452.0,1890.0,1633.0,1165.0,55.25,72.84,86.8,169.6
2021-02-01,1444.0,1871.0,1630.0,1162.0,56.42,73.11,86.7,163.8
2021-02-02,1380.0,1694.0,1624.0,1149.0,57.62,72.95,86.7,163.8
2021-02-03,1327.0,1544.0,1623.0,1141.0,58.61,72.84,86.7,163.8
2021-02-04,1327.0,1540.0,1629.0,1139.0,58.98,72.93,86.7,163.8
2021-02-05,1333.0,1527.0,1662.0,1144.0,59.48,72.85,86.7,163.8
2021-02-08,1317.0,1454.0,1689.0,1149.0,60.17,72.9,86.7,163.8
2021-02-09,1306.0,1370.0,1740.0,1156.0,60.74,72.83,86.7,163.8
2021-02-10,1303.0,1296.0,1797.0,1175.0,61.17,72.82,86.7,163.8
2021-02-11,1313.0,1243.0,1871.0,1197.0,61.09,72.69,86.7,163.8
2021-02-12,1339.0,1242.0,1944.0,1217.0,62.47,72.6,86.7,163.8
2021-02-15,1364.0,1261.0,1997.0,1232.0,63.58,72.795,86.7,163.8
2021-02-16,1495.0,1485.0,2172.0,1262.0,63.96,72.86,86.7,163.8
2021-02-17,1756.0,1912.0,2518.0,1340.0,65.02,72.81,86.7,163.8
2021-02-18,1770.0,1892.0,2471.0,1441.0,64.09,72.65,86.7,163.8
2021-02-19,1698.0,1715.0,2332.0,1513.0,62.84,72.5,86.7,163.8
2021-02-22,1709.0,1673.0,2321.0,1598.0,64.73,72.48,86.7,163.8
2021-02-23,1727.0,1594.0,2306.0,1744.0,65.16,72.44,86.7,163.8
2021-02-24,1709.0,1485.0,2276.0,1822.0,66.85,72.38,86.7,163.8
2021-02-25,1700.0,1471.0,2208.0,1866.0,66.69,72.74,86.7,163.8
2021-02-26,1675.0,1439.0,2140.0,1878.0,65.86,73.92,86.7,163.8
2021-03-01,1651.0,1408.0,2086.0,1879.0,64.56,73.4,94.9,168.2
2021-03-02,1673.0,1465.0,2100.0,1879.0,63.17,73.29,94.9,168.2
2021-03-03,1763.0,1677.0,2161.0,1889.0,64.7,72.85,94.9,168.2
2021-03-04,1779.0,1673.0,2212.0,1900.0,67.32,72.73,94.9,168.2
2021-03-05,1829.0,1784.0,2241.0,1917.0,69.95,73.21,94.9,168.2
2021-03-08,1853.0,1825.0,2258.0,1933.0,68.0,73.32,94.9,168.2
2021-03-09,1901.0,1950.0,2238.0,1969.0,67.03,72.89,94.9,168.2
2021-03-10,1980.0,2157.0,2218.0,2017.0,67.53,72.86,94.9,168.2
2021-03-11,1970.0,2092.0,2217.0,2051.0,69.34,72.69,94.9,168.2
2021-03-12,1960.0,2019.0,2242.0,2077.0,68.87,72.71,94.9,168.2
2021-03-15,1983.0,2056.0,2272.0,2083.0,68.78,72.58,94.9,168.2
2021-03-16,2017.0,2083.0,2372.0,2079.0,67.95,72.52,94.9,168.2
2021-03-17,2105.0,2162.0,2583.0,2091.0,67.73,72.56,94.9,168.2
2021-03-18,2215.0,2276.0,2822.0,2114.0,62.11,72.63,94.9,168.2
2021-03-19,2281.0,2344.0,2975.0,2122.0,64.0,72.45,94.9,168.2
2021-03-22,2319.0,2382.0,3058.0,2133.0,63.89,72.37,94.9,168.2
2021-03-23,2271.0,2305.0,2983.0,2126.0,59.96,72.52,94.9,168.2
2021-03-24,2194.0,2215.0,2858.0,2084.0,63.7,72.59,94.9,168.2
2021-03-25,2172.0,2230.0,2834.0,2021.0,61.21,72.69,94.9,168.2
2021-03-26,2178.0,2293.0,2827.0,1983.0,63.77,72.65,94.9,168.2
2021-03-29,2162.0,2289.0,2812.0,1951.0,64.06,72.75,94.9,168.2
2021-03-30,2103.0,2217.0,2723.0,1916.0,63.28,73.45,94.9,168.2
2021-03-31,2046.0,2210.0,2576.0,1871.0,63.52,73.14,94.9,168.2
2021-04-01,2072.0,2394.0,2484.0,1840.0,63.85,73.32,92.2,179.8
2021-04-02,2076.0,2420.8,2473.4,1833.8,63.374,73.37,92.2,179.8
2021-04-05,2088.0,2501.2,2441.6,1815.2,61.946,73.29,92.2,179.8
2021-04-06,2092.0,2528.0,2431.0,1809.0,61.47,73.49,92.2,179.8
2021-04-07,2127.0,2709.0,2358.0,1792.0,61.86,74.35,92.2,179.8
2021-04-08,2088.0,2758.0,2160.0,1786.0,62.09,74.57,92.2,179.8
2021-04-09,2085.0,2883.0,2003.0,1780.0,61.89,74.72,92.2,179.8
2021-04-12,2145.0,3132.0,1928.0,1774.0,62.38,75.03,92.2,179.8
2021-04-13,2140.0,3142.0,1898.0,1774.0,62.83,75.27,92.2,179.8
2021-04-14,2178.0,3151.0,2017.0,1783.0,66.11,75.07,92.2,179.8
2021-04-15,2323.0,3383.0,2234.0,1811.0,66.13,74.81,92.2,179.8
2021-04-16,2385.0,3439.0,2347.0,1849.0,65.98,74.48,92.2,179.8
2021-04-19,2432.0,3476.0,2441.0,1878.0,66.54,74.87,92.2,179.8
2021-04-20,2472.0,3455.0,2557.0,1925.0,65.34,75.38,92.2,179.8
2021-04-21,2710.0,4014.0,2690.0,1977.0,64.02,75.42,92.2,179.8
2021-04-22,2750.0,4077.0,2686.0,2037.0,65.07,75.11,92.2,179.8
2021-04-23,2788.0,4192.0,2630.0,2085.0,65.75,74.97,92.2,179.8
2021-04-26,2808.0,4262.0,2586.0,2108.0,65.5,74.75,92.2,179.8
2021-04-27,2889.0,4516.0,2550.0,2129.0,66.25,74.58,92.2,179.8
2021-04-28,2957.0,4680.0,2584.0,2140.0,67.08,74.49,92.2,179.8
2021-04-29,3007.0,4774.0,2643.0,2151.0,68.26,74.07,92.2,179.8
2021-04-30,3053.0,4896.0,2672.0,2144.0,67.73,74.0,92.2,179.8
2021-05-03,3131.0,5109.0,2711.0,2133.5,68.615,73.82,107.0,207.7
2021-05-04,3157.0,5180.0,2724.0,2130.0,68.91,73.8,107.0,207.7
2021-05-05,3266.0,5404.0,2848.0,2135.0,69.71,73.81,107.0,207.7
2021-05-06,3212.0,5167.0,2909.0,2160.0,68.62,73.64,107.0,207.7
2021-05-07,3183.0,5006.0,2955.0,2196.0,68.73,73.27,107.0,207.7
2021-05-10,3240.0,5109.0,3014.0,2216.0,68.61,73.41,107.0,207.7
2021-05-11,3254.0,5068.0,3082.0,2245.0,68.83,73.39,107.0,207.7
2021-05-12,3139.0,4709.0,3067.0,2269.0,69.62,73.53,107.0,207.7
2021-05-13,3077.0,4549.0,3017.0,2283.0,67.36,73.48,107.0,207.7
2021-05-14,2939.0,4165.0,2961.0,2297.0,69.24,73.23,107.0,207.7
2021-05-17,2856.0,3943.0,2909.0,2310.0,69.62,73.3,107.0,207.7
2021-05-18,2795.0,3790.0,2854.0,2324.0,69.01,73.04,107.0,207.7
2021-05-19,2801.0,3785.0,2857.0,2344.0,66.88,73.2,107.0,207.7
2021-05-20,2824.0,3814.0,2870.0,2374.0,65.18,73.03,107.0,207.7
2021-05-21,2869.0,3930.0,2855.0,2408.0,66.72,72.82,107.0,207.7
2021-05-24,2881.0,3958.0,2840.0,2428.0,68.59,72.86,107.0,207.7
2021-05-25,2809.0,3745.0,2809.0,2450.0,68.8,72.78,107.0,207.7
2021-05-26,2754.0,3572.0,2767.0,2492.0,68.93,72.71,107.0,207.7
2021-05-27,2688.0,3368.0,2735.0,2520.0,69.43,72.59,107.0,207.7
2021-05-28,2596.0,3089.0,2760.0,2504.0,69.36,72.42,107.0,207.7
2021-06-01,2568.0,3018.0,2801.0,2455.0,70.03,72.83,130.0,214.4
2021-06-02,2530.0,2862.0,2855.0,2456.0,70.6,72.97,130.0,214.4
2021-06-03,2472.0,2665.0,2896.0,2441.0,70.71,73.01,130.0,214.4
2021-06-04,2438.0,2524.0,2933.0,2449.0,71.3,72.87,130.0,214.4
2021-06-07,2428.0,2467.0,2954.0,2461.0,70.89,72.8,130.0,214.4
2021-06-08,2420.0,2393.0,2993.0,2479.0,71.39,72.93,130.0,214.4
2021-06-09,2481.0,2488.0,3065.0,2508.0,71.31,72.98,130.0,214.4
2021-06-10,2669.0,2899.0,3204.0,2552.0,71.65,73.1,130.0,214.4
2021-06-11,2857.0,3346.0,3302.0,2592.0,72.05,73.24,130.0,214.4
2021-06-14,2944.0,3543.0,3343.0,2624.0,72.27,73.16,130.0,214.4
2021-06-15,3025.0,3695.0,3407.0,2667.0,73.38,73.35,130.0,214.4
2021-06-16,3176.0,4010.0,3519.0,2713.0,73.88,73.31,130.0,214.4
2021-06-17,3267.0,4212.0,3558.0,2754.0,72.92,74.16,130.0,214.4
2021-06-18,3218.0,4029.0,3544.0,2802.0,73.1,74.14,130.0,214.4
2021-06-21,3190.0,3953.0,3505.0,2825.0,74.49,74.18,130.0,214.4
2021-06-22,3119.0,3783.0,3432.0,2840.0,74.92,74.37,130.0,214.4
2021-06-23,3147.0,3868.0,3418.0,2852.0,75.22,74.13,130.0,214.4
2021-06-24,3175.0,3861.0,3515.0,2864.0,75.95,74.14,130.0,214.4
2021-06-25,3255.0,3987.0,3642.0,2877.0,76.45,74.14,130.0,214.4
2021-06-28,3324.0,4021.0,3827.0,2899.0,74.78,74.29,130.0,214.4
2021-06-29,3418.0,4136.0,4010.0,2921.0,75.38,74.29,130.0,214.4
2021-06-30,3383.0,3931.0,4119.0,2930.0,76.94,74.33,130.0,214.4
2021-07-01,3338.0,3690.0,4237.0,2939.0,76.69,74.56,152.0,214.1
2021-07-02,3285.0,3510.0,4269.0,2935.0,77.51,74.51,152.0,214.1
2021-07-05,3224.0,3349.0,4241.0,2935.0,78.34,74.5625,152.0,214.1
2021-07-06,3179.0,3293.0,4160.0,2920.0,75.81,74.58,152.0,214.1
2021-07-07,3241.0,3499.0,4150.0,2909.0,74.31,74.81,152.0,214.1
2021-07-08,3281.0,3649.0,4128.0,2897.0,75.07,74.76,152.0,214.1
2021-07-09,3300.0,3735.0,4101.0,2891.0,77.14,74.53,152.0,214.1
2021-07-12,3300.0,3770.0,4070.0,2882.0,76.77,74.56,152.0,214.1
2021-07-13,3228.0,3650.0,3970.0,2865.0,77.5,74.51,152.0,214.1
2021-07-14,3139.0,3512.0,3848.0,2833.0,75.74,74.54,152.0,214.1
2021-07-15,3073.0,3460.0,3708.0,2799.0,74.53,74.55,152.0,214.1
2021-07-16,3039.0,3442.0,3635.0,2775.0,74.46,74.61,152.0,214.1
2021-07-19,3059.0,3514.0,3623.0,2774.0,69.33,74.85,152.0,214.1
2021-07-20,3053.0,3505.0,3600.0,2783.0,70.03,74.6,152.0,214.1
2021-07-21,3058.0,3513.0,3577.0,2807.0,72.54,74.49,152.0,214.1
2021-07-22,3103.0,3629.0,3560.0,2842.0,74.25,74.46,152.0,214.1
2021-07-23,3199.0,3915.0,3528.0,2871.0,74.86,74.44,152.0,214.1
2021-07-26,3210.0,3950.0,3513.0,2883.0,74.79,74.35,152.0,214.1
2021-07-27,3166.0,3844.0,3467.0,2893.0,74.87,74.5,152.0,214.1
2021-07-28,3154.0,3841.0,3404.0,2911.0,75.09,74.52,152.0,214.1
2021-07-29,3214.0,4056.0,3342.0,2928.0,76.3,74.25,152.0,214.1
2021-07-30,3292.0,4306.0,3304.0,2945.0,77.72,74.34,152.0,214.1
2021-08-02,3282.0,4272.0,3290.0,2959.0,73.91,74.35,169.6,162.2
2021-08-03,3281.0,4246.0,3307.0,2969.0,73.24,74.25,169.6,162.2
2021-08-04,3318.0,4302.0,3358.0,2983.0,70.99,74.15,169.6,162.2
2021-08-05,3376.0,4414.0,3418.0,2996.0,72.14,74.1,169.6,162.2
2021-08-06,3371.0,4359.0,3449.0,3010.0,71.02,74.19,169.6,162.2
2021-08-09,3371.0,4342.0,3458.0,3022.0,69.65,74.31,169.6,162.2
2021-08-10,3375.0,4328.0,3476.0,3032.0,71.14,74.5,169.6,162.2
2021-08-11,3410.0,4384.0,3516.0,3049.0,71.99,74.25,169.6,162.2
2021-08-12,3503.0,4608.0,3550.0,3079.0,71.79,74.31,169.6,162.2
2021-08-13,3566.0,4766.0,3566.0,3098.0,70.9,74.24,169.6,162.2
2021-08-16,3606.0,4852.0,3584.0,3119.0,70.07,74.19,169.6,162.2
2021-08-17,3657.0,4950.0,3617.0,3146.0,69.4,74.38,169.6,162.2
2021-08-18,3833.0,5365.0,3707.0,3189.0,68.61,74.27,169.6,162.2
2021-08-19,3976.0,5711.0,3754.0,3237.0,66.8,74.38,169.6,162.2
2021-08-20,4092.0,5997.0,3785.0,3276.0,65.51,74.35,169.6,162.2
2021-08-23,4147.0,6114.0,3809.0,3303.0,69.07,74.12,169.6,162.2
2021-08-24,4201.0,6206.0,3846.0,3343.0,71.21,74.13,169.6,162.2
2021-08-25,4193.0,6109.0,3885.0,3386.0,72.12,74.23,169.6,162.2
2021-08-26,4195.0,6043.0,3911.0,3437.0,70.42,74.13,169.6,162.2
2021-08-27,4235.0,6162.0,3874.0,3470.0,72.26,73.47,169.6,162.2
2021-08-30,4157.75,5979.75,3804.25,3475.25,73.1525,73.29,169.6,162.2
2021-08-31,4132.0,5919.0,3781.0,3477.0,73.45,72.95,169.6,162.2
2021-09-01,4013.0,5666.0,3706.0,3434.0,71.99,72.99,185.7,124.5
2021-09-02,4001.0,5716.0,3649.0,3393.0,73.56,72.99,185.7,124.5
2021-09-03,3944.0,5625.0,3605.0,3348.0,73.07,72.98,185.7,124.5
2021-09-06,3822.0,5362.0,3544.0,3293.0,72.43,73.325,185.7,124.5
2021-09-07,3707.0,5091.0,3496.0,3256.0,71.52,73.44,185.7,124.5
2021-09-08,3618.0,4886.0,3473.0,3211.0,72.36,73.84,185.7,124.5
2021-09-09,3643.0,4962.0,3510.0,3179.0,71.32,73.52,185.7,124.5
2021-09-10,3864.0,5567.0,3595.0,3170.0,72.44,73.52,185.7,124.5
2021-09-13,4163.0,6380.0,3694.0,3180.0,72.97,73.58,185.7,124.5
2021-09-14,4221.0,6474.0,3756.0,3210.0,73.05,73.64,185.7,124.5
2021-09-15,4233.0,6437.0,3800.0,3247.0,74.84,73.47,185.7,124.5
2021-09-16,4215.0,6304.0,3852.0,3283.0,75.14,73.56,185.7,124.5
2021-09-17,4275.0,6420.0,3904.0,3307.0,74.64,73.64,185.7,124.5
2021-09-20,4304.0,6487.0,3916.0,3319.0,73.59,73.65,185.7,124.5
2021-09-21,4410.0,6785.0,3930.0,3327.0,73.65,73.71,185.7,124.5
2021-09-22,4560.0,7200.0,3961.0,3338.0,75.5,73.8,185.7,124.5
2021-09-23,4651.0,7438.0,3994.0,3349.0,76.44,73.7,185.7,124.5
2021-09-24,4644.0,7393.0,4012.0,3359.0,77.42,73.81,185.7,124.5
2021-09-27,4717.0,7600.0,4020.0,3363.0,78.85,73.86,185.7,124.5
2021-09-28,4962.0,8322.0,4030.0,3373.0,78.3,74.21,185.7,124.5
2021-09-29,5197.0,9018.0,4037.0,3379.0,77.86,74.28,185.7,124.5
2021-09-30,5167.0,8944.0,4013.0,3382.0,77.81,74.16,185.7,124.5
2021-10-01,5202.0,9066.0,3992.0,3383.0,79.4,74.15,224.5,122.9
2021-10-04,5267.0,9289.0,3961.0,3381.0,81.44,74.46,224.5,122.9
2021-10-05,5409.0,9752.0,3918.0,3382.0,82.72,74.51,224.5,122.9
2021-10-06,5647.0,10475.0,3903.0,3388.0,81.39,74.82,224.5,122.9
2021-10-07,5650.0,10485.0,3884.0,3404.0,82.34,74.85,224.5,122.9
2021-10-08,5526.0,10112.0,3866.0,3417.0,82.17,75.05,224.5,122.9
2021-10-11,5488.0,9975.0,3877.0,3431.0,83.75,75.35749999999999,224.5,122.9
2021-10-12,5378.0,9590.0,3906.0,3461.0,83.53,75.46,224.5,122.9
2021-10-13,5206.0,8988.0,3958.0,3502.0,83.53,75.33,224.5,122.9
2021-10-14,5062.0,8462.0,4023.0,3542.0,83.86,75.18,224.5,122.9
2021-10-15,4854.0,7767.0,4065.0,3576.0,84.67,74.98,224.5,122.9
2021-10-18,4732.0,7358.0,4091.0,3595.0,84.13,75.32,224.5,122.9
2021-10-19,4714.0,7229.0,4166.0,3610.0,85.02,75.06,224.5,122.9
2021-10-20,4751.0,7275.0,4236.0,3618.0,85.76,74.83,224.5,122.9
2021-10-21,4653.0,6918.0,4304.0,3624.0,84.58,74.8,224.5,122.9
2021-10-22,4410.0,6205.0,4327.0,3584.0,85.43,74.87,224.5,122.9
2021-10-25,4257.0,5782.0,4328.0,3547.0,84.85,75.05,224.5,122.9
2021-10-26,4056.0,5304.0,4231.0,3497.0,85.11,74.9,224.5,122.9
2021-10-27,3808.0,4828.0,4083.0,3344.0,84.12,75.01,224.5,122.9
2021-10-28,3630.0,4542.0,3965.0,3190.0,83.4,74.77,224.5,122.9
2021-10-29,3519.0,4349.0,3896.0,3104.0,83.1,75.0,224.5,122.9
2021-11-01,3428.0,4202.0,3815.0,3042.0,84.51,74.83,157.5,96.2
2021-11-02,3187.0,3736.0,3644.0,2919.0,84.42,74.63,157.5,96.2
2021-11-03,2892.0,3275.0,3355.0,2728.0,81.1,74.51,157.5,96.2
2021-11-04,2769.0,3221.0,3166.0,2563.0,80.15,74.53,157.5,96.2
2021-11-05,2715.0,3280.0,3071.0,2416.0,82.43,74.22,157.5,96.2
2021-11-08,2718.0,3378.0,3063.0,2334.0,83.22,73.91,157.5,96.2
2021-11-09,2805.0,3675.0,3084.0,2284.0,84.52,74.1,157.5,96.2
2021-11-10,2861.0,3870.0,3079.0,2259.0,82.91,74.26,157.5,96.2
2021-11-11,2844.0,3872.0,3026.0,2251.0,83.4,74.33000000000001,157.5,96.2
2021-11-12,2807.0,3836.0,2930.0,2253.0,82.9,74.4,157.5,96.2
2021-11-15,2759.0,3752.0,2850.0,2259.0,81.94,74.35,157.5,96.2
2021-11-16,2591.0,3383.0,2675.0,2263.0,82.85,74.48,157.5,96.2
2021-11-17,2430.0,3064.0,2475.0,2260.0,80.67,74.28,157.5,96.2
2021-11-18,2454.0,3260.0,2336.0,2248.0,82.45,74.25,157.5,96.2
2021-11-19,2552.0,3610.0,2282.0,2237.0,80.24,74.25,157.5,96.2
2021-11-22,2645.0,3884.0,2291.0,2235.0,80.97,74.37,157.5,96.2
2021-11-23,2715.0,4055.0,2333.0,2243.0,83.43,74.49,157.5,96.2
2021-11-24,2654.0,3822.0,2378.0,2255.0,82.37,74.57,157.5,96.2
2021-11-25,2678.0,3776.0,2489.0,2284.0,82.05,74.72999999999999,157.5,96.2
2021-11-26,2767.0,3906.0,2621.0,2316.0,72.37,74.89,157.5,96.2
2021-11-29,2881.0,4143.0,2735.0,2327.0,73.34,75.12,157.5,96.2
2021-11-30,3018.0,4483.0,2811.0,2340.0,70.86,75.1,157.5,96.2
2021-12-01,3047.0,4464.0,2897.0,2374.0,69.53,74.83,169.7,117.0
2021-12-02,3115.0,4534.0,3030.0,2402.0,70.56,74.89,169.7,117.0
2021-12-03,3171.0,4594.0,3128.0,2431.0,70.71,75.24,169.7,117.0
2021-12-06,3235.0,4699.0,3212.0,2452.0,73.38,75.39,169.7,117.0
2021-12-07,3352.0,4983.0,3253.0,2488.0,75.54,75.43,169.7,117.0
2021-12-08,3423.0,5189.0,3221.0,2520.0,75.94,75.4,169.7,117.0
2021-12-09,3343.0,4989.0,3145.0,2541.0,74.1,75.58,169.7,117.0
2021-12-10,3272.0,4827.0,3068.0,2551.0,74.98,75.66,169.7,117.0
2021-12-13,3216.0,4718.0,2995.0,2552.0,74.12,75.78,169.7,117.0
2021-12-14,2932.0,3960.0,2879.0,2550.0,73.37,75.98,169.7,117.0
2021-12-15,2665.0,3272.0,2744.0,2542.0,73.71,76.38,169.7,117.0
2021-12-16,2498.0,2894.0,2626.0,2514.0,74.64,76.18,169.7,117.0
2021-12-17,2379.0,2727.0,2444.0,2469.0,72.97,75.98,169.7,117.0
2021-12-20,2371.0,2807.0,2356.0,2436.0,70.51,75.82,169.7,117.0
2021-12-21,2294.0,2663.0,2311.0,2383.0,72.85,75.67,169.7,117.0
2021-12-22,2229.0,2455.0,2384.0,2337.0,74.69,75.45,169.7,117.0
2021-12-23,2219.0,2351.0,2515.0,2303.0,76.26,75.02,169.7,117.0
2021-12-24,2217.0,2312.0,2573.0,2290.0,75.24,75.0075,169.7,117.0
2021-12-27,2235.5454545454545,2322.3636363636365,2655.090909090909,2267.909090909091,77.274,74.97,169.7,117.0
2021-12-28,2241.7272727272725,2325.818181818182,2682.4545454545455,2260.5454545454545,77.952,74.67,169.7,117.0
2021-12-29,2247.909090909091,2329.2727272727275,2709.818181818182,2253.181818181818,78.63,74.58,169.7,117.0
2021-12-30,2254.090909090909,2332.7272727272725,2737.181818181818,2245.818181818182,78.61,74.39,169.7,117.0
2021-12-31,2260.2727272727275,2336.181818181818,2764.5454545454545,2238.4545454545455,77.24,74.3725,169.7,117.0
2022-01-03,2278.818181818182,2346.5454545454545,2846.6363636363635,2216.3636363636365,78.25,74.32,197.0,132.5
2022-01-04,2285.0,2350.0,2874.0,2209.0,79.39,74.52,197.0,132.5
2022-01-05,2289.0,2301.0,3003.0,2165.0,80.6,74.31,197.0,132.5
2022-01-06,2296.0,2356.0,3013.0,2124.0,81.99,74.4,197.0,132.5
2022-01-07,2289.0,2432.0,2957.0,2074.0,82.28,74.27,197.0,132.5
2022-01-10,2277.0,2554.0,2849.0,2001.0,81.56,74.06,197.0,132.5
2022-01-11,2151.0,2325.0,2715.0,1958.0,84.98,73.81,197.0,132.5
2022-01-12,2027.0,2097.0,2565.0,1936.0,85.83,73.77,197.0,132.5
2022-01-13,1873.0,1746.0,2452.0,1915.0,85.8,73.96,197.0,132.5
2022-01-14,1764.0,1496.0,2375.0,1897.0,87.17,74.08,197.0,132.5
2022-01-17,1731.0,1470.0,2326.0,1864.0,87.82,74.44,197.0,132.5
2022-01-18,1644.0,1316.0,2223.0,1840.0,88.83,74.56,197.0,132.5
2022-01-19,1570.0,1226.0,2095.0,1812.0,89.64,74.39,197.0,132.5
2022-01-20,1474.0,1031.0,2024.0,1773.0,89.75,74.32,197.0,132.5
2022-01-21,1415.0,891.0,2010.0,1749.0,89.75,74.28,197.0,132.5
2022-01-24,1391.0,836.0,2013.0,1728.0,87.74,74.72,197.0,132.5
2022-01-25,1343.0,745.0,1988.0,1693.0,89.49,74.73,197.0,132.5
2022-01-26,1296.0,702.0,1914.0,1654.0,91.22,74.87,197.0,132.5
2022-01-27,1302.0,818.0,1846.0,1613.0,90.7,75.18,197.0,132.5
2022-01-28,1381.0,1075.0,1840.0,1597.0,91.47,75.0,197.0,132.5
2022-01-31,1418.0,1208.0,1828.0,1587.0,92.35,74.6,197.0,132.5
2022-02-01,1440.0,1297.0,1811.0,1578.0,90.24,74.78,219.8,142.8
2022-02-02,1419.0,1280.0,1765.0,1570.0,91.43,74.77,219.8,142.8
2022-02-03,1425.0,1291.0,1771.0,1571.0,92.99,74.71,219.8,142.8
2022-02-04,1423.0,1242.0,1796.0,1594.0,96.86,74.61,219.8,142.8
2022-02-07,1422.0,1148.0,1855.0,1638.0,97.28,74.68,219.8,142.8
2022-02-08,1503.0,1202.0,1971.0,1734.0,96.07,74.71,219.8,142.8
2022-02-09,1711.0,1503.0,2153.0,1911.0,94.95,74.8,219.8,142.8
2022-02-10,1940.0,1904.0,2333.0,2057.0,96.37,75.07,219.8,142.8
2022-02-11,1977.0,1857.0,2403.0,2158.0,97.5,75.34,219.8,142.8
2022-02-14,1984.0,1795.0,2418.0,2228.0,101.66,75.63,219.8,142.8
2022-02-15,1968.0,1713.0,2400.0,2277.0,98.43,75.2,219.8,142.8
2022-02-16,1896.0,1476.0,2375.0,2320.0,97.44,75.03,219.8,142.8
2022-02-17,1886.0,1447.0,2365.0,2326.0,95.28,75.02,219.8,142.8
2022-02-18,1964.0,1675.0,2375.0,2325.0,96.18,74.63,219.8,142.8
2022-02-21,2045.0,1849.0,2441.0,2342.0,98.95,74.64500000000001,219.8,142.8
2022-02-22,2148.0,2015.0,2596.0,2359.0,98.73,74.65,219.8,142.8
2022-02-23,2244.0,2192.0,2699.0,2388.0,99.29,74.6,219.8,142.8
2022-02-24,2187.0,2000.0,2689.0,2415.0,101.29,75.61,219.8,142.8
2022-02-25,2076.0,1691.0,2658.0,2417.0,98.56,75.09,219.8,142.8
2022-02-28,2040.0,1617.0,2599.0,2428.0,103.08,75.49,219.8,142.8
2022-03-01,2069.0,1690.0,2601.0,2443.0,110.93,75.79,314.0,152.1
2022-03-02,2137.0,1840.0,2634.0,2471.0,118.94,75.61,314.0,152.1
2022-03-03,2104.0,1639.0,2699.0,2520.0,115.36,75.94,314.0,152.1
2022-03-04,2148.0,1635.0,2785.0,2586.0,123.86,76.42,314.0,152.1
2022-03-07,2235.0,1749.0,2901.0,2640.0,129.02,76.91,314.0,152.1
2022-03-08,2352.0,1896.0,3041.0,2733.0,133.18,77.07,314.0,152.1
2022-03-09,2558.0,2282.0,3194.0,2845.0,116.58,76.36,314.0,152.1
2022-03-10,2704.0,2613.0,3233.0,2923.0,114.54,76.37,314.0,152.1
2022-03-11,2718.0,2676.0,3187.0,2939.0,118.11,76.48,314.0,152.1
2022-03-14,2727.0,2786.0,3092.0,2934.0,110.39,76.45,314.0,152.1
2022-03-15,2689.0,2823.0,2946.0,2901.0,105.14,76.41,314.0,152.1
2022-03-16,2591.0,2632.0,2847.0,2876.0,104.61,76.17,314.0,152.1
2022-03-17,2588.0,2604.0,2850.0,2892.0,113.5,75.94,314.0,152.1
2022-03-18,2605.0,2605.0,2874.0,2922.0,114.32,76.03,314.0,152.1
2022-03-21,2589.0,2470.0,2951.0,2949.0,122.29,76.19,314.0,152.1
2022-03-22,2546.0,2175.0,3111.0,2983.0,121.53,76.06,314.0,152.1
2022-03-23,2575.0,2100.0,3272.0,3016.0,127.52,76.46,314.0,152.1
2022-03-24,2567.0,1969.0,3379.0,3033.0,123.98,76.18,314.0,152.1
2022-03-25,2544.0,1887.0,3413.0,3020.0,122.67,76.25,314.0,152.1
2022-03-28,2484.0,1734.0,3416.0,2991.0,114.5,76.06,314.0,152.1
2022-03-29,2417.0,1639.0,3337.0,2946.0,112.79,75.58,314.0,152.1
2022-03-30,2369.0,1646.0,3236.0,2875.0,115.59,75.76,314.0,152.1
2022-03-31,2358.0,1760.0,3141.0,2808.0,107.29,75.87,314.0,152.1
2022-04-01,2357.0,1864.0,3073.0,2755.0,106.13,75.96,310.9,151.3
2022-04-04,2307.0,1796.0,3015.0,2717.0,108.15,75.42,310.9,151.3
2022-04-05,2213.0,1624.0,2951.0,2660.0,106.6,75.31,310.9,151.3
2022-04-06,2128.0,1490.0,2868.0,2605.0,100.81,75.92,310.9,151.3
2022-04-07,2061.0,1417.0,2778.0,2547.0,99.83,75.9,310.9,151.3
2022-04-08,2055.0,1444.0,2777.0,2502.0,101.26,75.93,310.9,151.3
2022-04-11,2031.0,1395.0,2785.0,2473.0,97.92,75.85,310.9,151.3
2022-04-12,2035.0,1368.0,2862.0,2448.0,104.42,76.02,310.9,151.3
2022-04-13,2068.0,1371.0,2968.0,2461.0,108.49,76.14,310.9,151.3
2022-04-14,2137.0,1481.0,3042.0,2497.0,110.83,76.19,310.9,151.3
2022-04-15,2132.6,1453.2,3049.4,2505.8,109.762,76.32,310.9,151.3
2022-04-18,2119.4,1369.8,3071.6,2532.2,106.55799999999999,76.22,310.9,151.3
2022-04-19,2115.0,1342.0,3079.0,2541.0,105.49,76.39,310.9,151.3
2022-04-20,2142.0,1363.0,3087.0,2596.0,105.05,76.24,310.9,151.3
2022-04-21,2239.0,1636.0,3047.0,2646.0,107.2,76.23,310.9,151.3
2022-04-22,2307.0,1845.0,3004.0,2678.0,105.15,76.49,310.9,151.3
2022-04-25,2356.0,2003.0,2967.0,2699.0,99.27,76.72,310.9,151.3
2022-04-26,2404.0,2169.0,2919.0,2714.0,102.89,76.61,310.9,151.3
2022-04-27,2425.0,2226.0,2904.0,2736.0,103.3,76.61,310.9,151.3
2022-04-28,2403.0,2149.0,2914.0,2736.0,105.78,76.66,310.9,151.3
2022-04-29,2404.0,2136.0,2938.0,2734.0,108.36,76.48,310.9,151.3
2022-05-02,2410.0,2144.25,2950.75,2733.25,105.795,76.49,371.9,131.2
2022-05-03,2412.0,2147.0,2955.0,2733.0,104.94,76.49,371.9,131.2
2022-05-04,2485.0,2319.0,3013.0,2732.0,110.53,76.24,371.9,131.2
2022-05-05,2644.0,2721.0,3110.0,2732.0,112.11,76.54,371.9,131.2
2022-05-06,2718.0,2894.0,3175.0,2729.0,113.86,76.9,371.9,131.2
2022-05-09,2831.0,3185.0,3233.0,2732.0,106.67,77.45,371.9,131.2
2022-05-10,2939.0,3461.0,3277.0,2746.0,102.61,77.31,371.9,131.2
2022-05-11,3052.0,3756.0,3316.0,2759.0,107.7,77.28,371.9,131.2
2022-05-12,3117.0,3965.0,3310.0,2750.0,108.06,77.39,371.9,131.2
2022-05-13,3104.0,3947.0,3283.0,2752.0,112.12,77.42,371.9,131.2
2022-05-16,3085.0,3929.0,3241.0,2748.0,114.86,77.82,371.9,131.2
2022-05-17,3095.0,3950.0,3254.0,2745.0,112.89,77.46,371.9,131.2
2022-05-18,3189.0,4164.0,3327.0,2758.0,110.04,77.71,371.9,131.2
2022-05-19,3289.0,4385.0,3370.0,2800.0,113.22,77.45,371.9,131.2
2022-05-20,3344.0,4526.0,3382.0,2816.0,113.63,77.79,371.9,131.2
2022-05-23,3369.0,4602.0,3377.0,2818.0,115.13,77.51,371.9,131.2
2022-05-24,3253.0,4288.0,3321.0,2828.0,115.77,77.5,371.9,131.2
2022-05-25,3127.0,3987.0,3218.0,2833.0,116.41,77.58,371.9,131.2
2022-05-26,2933.0,3478.0,3140.0,2823.0,119.81,77.66,371.9,131.2
2022-05-27,2681.0,2818.0,3048.0,2796.0,121.19,77.58,371.9,131.2
2022-05-30,2571.0,2594.0,2944.0,2774.0,123.01,77.5875,371.9,131.2
2022-05-31,2566.0,2668.0,2873.0,2743.0,125.53,77.59,371.9,131.2
2022-06-01,2633.0,2927.0,2851.0,2703.0,122.2,77.59,374.1,130.7
2022-06-02,2618.4,2893.0,2849.0,2694.4,123.94,77.41,374.1,130.7
2022-06-03,2603.8,2859.0,2847.0,2685.8,125.68,77.59,374.1,130.7
2022-06-06,2560.0,2757.0,2841.0,2660.0,124.99,77.83,374.1,130.7
2022-06-07,2514.0,2668.0,2815.0,2632.0,126.89,77.66,374.1,130.7
2022-06-08,2410.0,2457.0,2747.0,2585.0,129.2,77.65,374.1,130.7
2022-06-09,2342.0,2369.0,2674.0,2527.0,128.47,77.84,374.1,130.7
2022-06-10,2320.0,2371.0,2629.0,2495.0,127.44,78.08,374.1,130.7
2022-06-13,2260.0,2246.0,2600.0,2463.0,128.44,78.08,374.1,130.7
2022-06-14,2284.0,2308.0,2629.0,2451.0,127.02,78.01,374.1,130.7
2022-06-15,2387.0,2551.0,2706.0,2454.0,124.96,78.12,374.1,130.7
2022-06-16,2462.0,2702.0,2790.0,2460.0,125.78,78.0,374.1,130.7
2022-06-17,2578.0,2987.0,2862.0,2467.0,119.22,78.0,374.1,130.7
2022-06-20,2596.0,3031.0,2872.0,2470.0,118.25,78.06,374.1,130.7
2022-06-21,2484.0,2710.0,2851.0,2471.0,118.51,78.08,374.1,130.7
2022-06-22,2349.0,2343.0,2797.0,2475.0,115.54,78.21,374.1,130.7
2022-06-23,2354.0,2419.0,2732.0,2466.0,114.5,78.14,374.1,130.7
2022-06-24,2331.0,2396.0,2695.0,2449.0,117.36,78.25,374.1,130.7
2022-06-27,2295.0,2332.0,2652.0,2439.0,119.69,78.45,374.1,130.7
2022-06-28,2204.0,2152.0,2566.0,2416.0,122.21,78.97,374.1,130.7
2022-06-29,2186.0,2200.0,2510.0,2359.0,120.8,78.91,374.1,130.7
2022-06-30,2240.0,2434.0,2485.0,2306.0,119.78,79.02,374.1,130.7
2022-07-01,2214.0,2381.0,2477.0,2290.0,119.21,78.89,402.2,108.6
2022-07-04,2159.0,2228.0,2469.0,2282.0,121.8,79.175,402.2,108.6
2022-07-05,2098.0,2084.0,2441.0,2265.0,110.49,79.27,402.2,108.6
2022-07-06,2043.0,2000.0,2363.0,2247.0,108.54,79.02,402.2,108.6
2022-07-07,2073.0,2205.0,2278.0,2203.0,113.4,79.12,402.2,108.6
2022-07-08,2067.0,2270.0,2223.0,2163.0,113.95,79.25,402.2,108.6
2022-07-11,2081.0,2365.0,2172.0,2152.0,114.85,79.46,402.2,108.6
2022-07-12,2013.0,2249.0,2096.0,2123.0,106.98,79.45,402.2,108.6
2022-07-13,2002.0,2334.0,2008.0,2077.0,107.17,79.68,402.2,108.6
2022-07-14,2010.0,2457.0,1920.0,2050.0,107.74,79.94,402.2,108.6
2022-07-15,2150.0,2919.0,1885.0,2039.0,112.26,79.74,402.2,108.6
2022-07-18,2162.0,2967.0,1872.0,2037.0,117.27,79.99,402.2,108.6
2022-07-19,2145.0,2899.0,1889.0,2039.0,114.96,79.88,402.2,108.6
2022-07-20,2113.0,2719.0,1972.0,2057.0,115.86,79.96,402.2,108.6
2022-07-21,2118.0,2653.0,2051.0,2073.0,112.81,79.85,402.2,108.6
2022-07-22,2146.0,2696.0,2093.0,2080.0,106.77,79.83,402.2,108.6
2022-07-25,2114.0,2596.0,2100.0,2079.0,108.23,79.79,402.2,108.6
2022-07-26,2061.0,2455.0,2088.0,2071.0,107.32,79.82,402.2,108.6
2022-07-27,2007.0,2333.0,2076.0,2038.0,109.64,79.92,402.2,108.6
2022-07-28,1945.0,2190.0,2065.0,2003.0,109.68,79.64,402.2,108.6
2022-07-29,1895.0,2081.0,2051.0,1971.0,111.51,79.33,402.2,108.6
2022-08-01,1872.0,2062.0,2044.0,1928.0,106.09,78.93,407.0,108.9
2022-08-02,1817.0,1971.0,2026.0,1866.0,106.51,78.49,407.0,108.9
2022-08-03,1731.0,1790.0,2005.0,1805.0,101.82,79.13,407.0,108.9
2022-08-04,1603.0,1480.0,1983.0,1747.0,97.99,79.23,407.0,108.9
2022-08-05,1560.0,1411.0,1967.0,1700.0,100.31,79.36,407.0,108.9
2022-08-08,1566.0,1465.0,1958.0,1671.0,103.46,79.58,407.0,108.9
2022-08-09,1564.0,1510.0,1938.0,1636.0,103.81,79.65,407.0,108.9
2022-08-10,1592.0,1622.0,1932.0,1614.0,105.06,79.07,407.0,108.9
2022-08-11,1556.0,1538.0,1927.0,1591.0,107.19,79.54,407.0,108.9
2022-08-12,1477.0,1314.0,1907.0,1593.0,103.7,79.65,407.0,108.9
2022-08-15,1404.0,1098.0,1885.0,1607.0,98.25,79.48,407.0,108.9
2022-08-16,1387.0,1059.0,1850.0,1626.0,95.36,79.31,407.0,108.9
2022-08-17,1394.0,1083.0,1805.0,1659.0,97.22,79.41,407.0,108.9
2022-08-18,1320.0,867.0,1749.0,1698.0,96.35,79.66,407.0,108.9
2022-08-19,1279.0,756.0,1688.0,1735.0,96.45,79.89,407.0,108.9
2022-08-22,1270.0,747.0,1645.0,1751.0,95.06,79.86,407.0,108.9
2022-08-23,1271.0,797.0,1572.0,1765.0,99.49,79.81,407.0,108.9
2022-08-24,1213.0,680.0,1491.0,1773.0,99.87,79.82,407.0,108.9
2022-08-25,1123.0,474.0,1424.0,1763.0,98.81,79.9,407.0,108.9
2022-08-26,1082.0,411.0,1372.0,1744.0,101.13,79.87,407.0,108.9
2022-08-29,1033.25,355.5,1306.0,1704.25,99.7875,79.96,407.0,108.9
2022-08-30,1017.0,337.0,1284.0,1691.0,99.34,79.6,407.0,108.9
2022-08-31,965.0,302.0,1217.0,1626.0,96.55,79.45,407.0,108.9
2022-09-01,1002.0,469.0,1230.0,1559.0,92.24,79.65,430.8,99.8
2022-09-02,1086.0,733.0,1271.0,1514.0,93.09,79.7,430.8,99.8
2022-09-05,1133.0,844.0,1327.0,1498.0,94.22,79.82000000000001,430.8,99.8
2022-09-06,1114.0,728.0,1413.0,1487.0,91.43,79.86,430.8,99.8
2022-09-07,1133.0,656.0,1577.0,1482.0,86.83,79.82,430.8,99.8
2022-09-08,1178.0,652.0,1757.0,1477.0,87.99,79.71,430.8,99.8
2022-09-09,1213.0,672.0,1865.0,1475.0,91.68,79.61,430.8,99.8
2022-09-12,1256.0,756.0,1922.0,1473.0,93.45,79.35,430.8,99.8
2022-09-13,1408.0,1079.0,2074.0,1484.0,92.04,79.49,430.8,99.8
2022-09-14,1595.0,1565.0,2145.0,1505.0,92.83,79.41,430.8,99.8
2022-09-15,1612.0,1637.0,2090.0,1529.0,89.28,79.82,430.8,99.8
2022-09-16,1553.0,1519.0,1990.0,1551.0,89.43,79.66,430.8,99.8
2022-09-19,1685.0,1875.25,2014.75,1572.75,89.5725,79.71,430.8,99.8
2022-09-20,1729.0,1994.0,2023.0,1580.0,89.62,79.72,430.8,99.8
2022-09-21,1743.0,2021.0,2021.0,1605.0,89.86,79.96,430.8,99.8
2022-09-22,1757.0,1929.0,1998.0,1637.0,90.4,81.0,430.8,99.8
2022-09-23,1771.0,2206.0,1995.0,1652.0,84.29,81.11,430.8,99.8
2022-09-26,1813.0,2195.0,1992.0,1657.0,82.55,81.6,430.8,99.8
2022-09-27,1807.0,2160.0,1998.0,1671.0,85.97,81.63,430.8,99.8
2022-09-28,1799.0,2107.0,2022.0,1680.0,89.55,81.61,430.8,99.8
2022-09-29,1757.0,1954.0,2063.0,1674.0,89.41,81.54,430.8,99.8
2022-09-30,1760.0,1955.0,2082.0,1663.0,88.9,81.37,430.8,99.8
2022-10-03,1788.0,2041.0,2082.0,1663.0,90.68,81.56,389.8,92.6
2022-10-04,1865.0,2244.0,2110.0,1668.0,93.74,81.45,389.8,92.6
2022-10-05,1996.0,2553.0,2205.0,1676.0,94.35,81.5,389.8,92.6
2022-10-06,1992.0,2506.0,2232.0,1690.0,95.65,82.06,389.8,92.6
2022-10-07,1961.0,2396.0,2235.0,1706.0,98.88,82.32,389.8,92.6
2022-10-10,1944.0,2341.0,2228.0,1714.0,97.13,82.245,389.8,92.6
2022-10-11,1904.0,2246.0,2196.0,1714.0,95.17,82.22,389.8,92.6
2022-10-12,1873.0,2199.0,2147.0,1708.0,93.44,82.25,389.8,92.6
2022-10-13,1818.0,2094.0,2088.0,1696.0,95.16,82.28,389.8,92.6
2022-10-14,1838.0,2166.0,2081.0,1690.0,92.22,82.28,389.8,92.6
2022-10-17,1843.0,2186.0,2088.0,1678.0,91.04,82.16,389.8,92.6
2022-10-18,1875.0,2247.0,2136.0,1678.0,89.46,82.29,389.8,92.6
2022-10-19,1871.0,2209.0,2164.0,1678.0,91.34,82.95,389.8,92.6
2022-10-20,1837.0,2111.0,2161.0,1676.0,91.52,82.66,389.8,92.6
2022-10-21,1819.0,2071.0,2144.0,1678.0,91.82,82.58,389.8,92.6
2022-10-24,1797.0,2036.0,2113.0,1670.0,91.57,82.68,389.8,92.6
2022-10-25,1755.0,1955.0,2073.0,1658.0,91.76,82.44,389.8,92.6
2022-10-26,1706.0,1885.0,2007.0,1632.0,92.93,82.73,389.8,92.6
2022-10-27,1612.0,1748.0,1900.0,1572.0,94.17,82.36,389.8,92.6
2022-10-28,1534.0,1670.0,1817.0,1483.0,94.64,82.33,389.8,92.6
2022-10-31,1463.0,1559.0,1745.0,1437.0,93.3,82.73,389.8,92.6
2022-11-01,1377.0,1388.0,1696.0,1389.0,95.12,82.62,342.2,93.3
2022-11-02,1321.0,1286.0,1683.0,1332.0,96.07,82.72,342.2,93.3
2022-11-03,1290.0,1225.0,1699.0,1287.0,95.29,82.76,342.2,93.3
2022-11-04,1323.0,1343.0,1700.0,1268.0,99.53,82.03,342.2,93.3
2022-11-07,1337.0,1404.0,1696.0,1251.0,99.87,81.95,342.2,93.3
2022-11-08,1356.0,1493.0,1669.0,1241.0,96.85,81.27,342.2,93.3
2022-11-09,1393.0,1637.0,1641.0,1232.0,93.05,81.25,342.2,93.3
2022-11-10,1390.0,1652.0,1619.0,1227.0,94.25,80.72,342.2,93.3
2022-11-11,1355.0,1544.0,1637.0,1213.0,96.37,80.785,342.2,93.3
2022-11-14,1325.0,1446.0,1667.0,1197.0,93.59,80.98,342.2,93.3
2022-11-15,1300.0,1371.0,1681.0,1186.0,94.3,80.94,342.2,93.3
2022-11-16,1288.0,1333.0,1688.0,1180.0,92.61,81.46,342.2,93.3
2022-11-17,1228.0,1188.0,1650.0,1175.0,91.0,81.69,342.2,93.3
2022-11-18,1189.0,1122.0,1594.0,1170.0,88.93,81.76,342.2,93.3
2022-11-21,1177.0,1129.0,1549.0,1164.0,88.44,81.68,342.2,93.3
2022-11-22,1149.0,1092.0,1496.0,1160.0,88.65,81.69,342.2,93.3
2022-11-23,1184.0,1219.0,1464.0,1163.0,85.9,81.71,342.2,93.3
2022-11-24,1242.0,1384.0,1466.0,1174.0,85.59,81.72,342.2,93.3
2022-11-25,1268.25,1613.0,1479.0,1182.0,83.4,81.73,342.2,93.3
2022-11-28,1347.0,1669.0,1496.0,1180.0,83.5,81.61,342.2,93.3
2022-11-29,1327.0,1589.0,1524.0,1177.0,83.22,81.61,342.2,93.3
2022-11-30,1355.0,1643.0,1568.0,1172.0,85.61,81.43,342.2,93.3
2022-12-01,1338.0,1570.0,1602.0,1165.0,86.28,81.17,379.2,111.8
2022-12-02,1324.0,1519.0,1618.0,1162.0,86.54,81.41,379.2,111.8
2022-12-05,1323.0,1502.0,1638.0,1158.0,83.36,81.77,379.2,111.8
2022-12-06,1340.0,1540.0,1657.0,1158.0,79.92,82.42,379.2,111.8
2022-12-07,1373.0,1635.0,1659.0,1158.0,77.11,82.31,379.2,111.8
2022-12-08,1385.0,1675.0,1661.0,1153.0,76.02,82.29,379.2,111.8
2022-12-09,1386.0,1683.0,1659.0,1152.0,76.37,82.46,379.2,111.8
2022-12-12,1361.0,1619.0,1643.0,1153.0,78.0,82.67,379.2,111.8
2022-12-13,1357.0,1601.0,1633.0,1167.0,80.14,82.49,379.2,111.8
2022-12-14,1401.0,1723.0,1643.0,1170.0,83.33,82.5,379.2,111.8
2022-12-15,1528.0,2095.0,1658.0,1167.0,82.34,82.75,379.2,111.8
2022-12-16,1560.0,2208.0,1652.0,1157.0,80.2,82.71,379.2,111.8
2022-12-19,1548.0,2186.0,1645.0,1146.0,81.66,82.65,379.2,111.8
2022-12-20,1596.0,2365.0,1622.0,1131.0,79.45,82.58,379.2,111.8
2022-12-21,1723.0,2797.0,1598.0,1103.0,80.25,82.81,379.2,111.8
2022-12-22,1650.0,2626.0,1563.0,1083.0,79.58,82.93,379.2,111.8
2022-12-23,1515.0,2261.0,1535.0,1062.0,82.45,82.86,379.2,111.8
2022-12-27,1418.6363636363637,2033.3636363636363,1499.7272727272727,1027.8181818181818,81.85000000000001,82.88,379.2,111.8
2022-12-28,1394.5454545454545,1976.4545454545455,1490.909090909091,1019.2727272727273,81.7,82.74,379.2,111.8
2022-12-29,1370.4545454545455,1919.5454545454545,1482.090909090909,1010.7272727272727,80.96,82.83,379.2,111.8
2022-12-30,1346.3636363636365,1862.6363636363635,1473.2727272727273,1002.1818181818181,82.82,82.72,379.2,111.8
2023-01-03,1250.0,1635.0,1438.0,968.0,80.36,82.86,318.0,122.2
2023-01-04,1176.0,1516.0,1378.0,912.0,75.31,82.72,318.0,122.2
2023-01-05,1146.0,1504.0,1332.0,871.0,76.73,82.57,318.0,122.2
2023-01-06,1130.0,1512.0,1299.0,839.0,76.41,82.72,318.0,122.2
2023-01-09,1139.0,1596.0,1250.0,825.0,77.5,82.36,318.0,122.2
2023-01-10,1096.0,1536.0,1189.0,803.0,78.4,81.6,318.0,122.2
2023-01-11,1043.0,1470.0,1126.0,762.0,81.11,81.6,318.0,122.2
2023-01-12,976.0,1349.0,1084.0,715.0,82.59,81.19,318.0,122.2
2023-01-13,946.0,1299.0,1069.0,686.0,83.43,81.31,318.0,122.2
2023-01-16,946.0,1311.0,1071.0,673.0,82.65,81.505,318.0,122.2
2023-01-17,921.0,1240.0,1078.0,661.0,84.38,81.57,318.0,122.2
2023-01-18,874.0,1107.0,1075.0,657.0,83.78,81.33,318.0,122.2
2023-01-19,801.0,893.0,1071.0,654.0,85.08,81.28,318.0,122.2
2023-01-20,763.0,787.0,1060.0,652.0,86.96,80.99,318.0,122.2
2023-01-23,740.0,735.0,1048.0,645.0,87.54,81.41,318.0,122.2
2023-01-24,721.0,685.0,1035.0,649.0,85.25,81.53,318.0,122.2
2023-01-25,703.0,631.0,1035.0,648.0,85.08,81.49,318.0,122.2
2023-01-26,677.0,549.0,1045.0,645.0,86.29,81.59,318.0,122.2
2023-01-27,676.0,534.0,1054.0,650.0,85.36,81.54,318.0,122.2
2023-01-30,680.0,533.0,1060.0,658.0,84.9,81.47,318.0,122.2
2023-01-31,681.0,532.0,1052.0,670.0,83.42,81.69,318.0,122.2
2023-02-01,668.0,499.0,1029.0,680.0,81.61,81.73,207.5,127.6
2023-02-02,640.0,445.0,988.0,684.0,80.57,82.03,207.5,127.6
2023-02-03,621.0,429.0,940.0,682.0,78.85,82.21,207.5,127.6
2023-02-06,608.0,419.0,907.0,680.0,80.48,82.77,207.5,127.6
2023-02-07,601.0,443.0,867.0,667.0,82.92,82.81,207.5,127.6
2023-02-08,603.0,474.0,856.0,651.0,84.17,82.65,207.5,127.6
2023-02-09,592.0,452.0,861.0,636.0,83.46,82.44,207.5,127.6
2023-02-10,602.0,486.0,864.0,628.0,85.46,82.47,207.5,127.6
2023-02-13,616.0,534.0,863.0,625.0,85.98,82.72,207.5,127.6
2023-02-14,563.0,382.0,848.0,627.0,84.96,82.86,207.5,127.6
2023-02-15,541.0,317.0,830.0,640.0,84.11,82.78,207.5,127.6
2023-02-16,530.0,275.0,818.0,660.0,83.84,82.74,207.5,127.6
2023-02-17,538.0,271.0,811.0,695.0,81.97,82.73,207.5,127.6
2023-02-20,552.0,284.0,809.0,727.0,82.79,82.82,207.5,127.6
2023-02-21,594.0,303.0,843.0,807.0,82.14,82.85,207.5,127.6
2023-02-22,674.0,390.0,951.0,872.0,79.55,82.78,207.5,127.6
2023-02-23,816.0,573.0,1169.0,940.0,82.08,82.59,207.5,127.6
2023-02-24,883.0,636.0,1271.0,996.0,82.31,82.97,207.5,127.6
2023-02-27,935.0,701.0,1317.0,1050.0,81.24,82.69,207.5,127.6
2023-02-28,990.0,729.0,1421.0,1105.0,83.21,82.57,207.5,127.6
2023-03-01,1099.0,929.0,1515.0,1156.0,83.68,82.43,187.2,128.4
2023-03-02,1145.0,1000.0,1556.0,1192.0,84.15,82.41,187.2,128.4
2023-03-03,1211.0,1195.0,1565.0,1189.0,85.74,81.98,187.2,128.4
2023-03-06,1258.0,1329.0,1582.0,1180.0,85.86,81.77,187.2,128.4
2023-03-07,1298.0,1471.0,1580.0,1161.0,83.03,81.93,187.2,128.4
2023-03-08,1327.0,1550.0,1592.0,1161.0,82.1,81.86,187.2,128.4
2023-03-09,1379.0,1662.0,1624.0,1180.0,81.0,82.02,187.2,128.4
2023-03-10,1424.0,1744.0,1654.0,1209.0,82.3,81.93,187.2,128.4
2023-03-13,1465.0,1821.0,1680.0,1235.0,79.67,82.19,187.2,128.4
2023-03-14,1587.0,2110.0,1743.0,1263.0,76.77,82.25,187.2,128.4
2023-03-15,1603.0,2104.0,1768.0,1296.0,74.3,82.84,187.2,128.4
2023-03-16,1560.0,1976.0,1746.0,1312.0,73.12,82.63,187.2,128.4
2023-03-17,1535.0,1913.0,1723.0,1318.0,71.03,82.56,187.2,128.4
2023-03-20,1542.0,1945.0,1697.0,1329.0,72.42,82.55,187.2,128.4
2023-03-21,1512.0,1881.0,1658.0,1335.0,74.78,82.59,187.2,128.4
2023-03-22,1456.0,1752.0,1606.0,1337.0,76.08,82.66,187.2,128.4
2023-03-23,1484.0,1856.0,1584.0,1333.0,74.31,82.07,187.2,128.4
2023-03-24,1489.0,1882.0,1572.0,1332.0,73.63,82.34,187.2,128.4
2023-03-27,1456.0,1795.0,1565.0,1326.0,76.8,82.24,187.2,128.4
2023-03-28,1402.0,1646.0,1561.0,1315.0,78.07,82.17,187.2,128.4
2023-03-29,1407.0,1662.0,1598.0,1285.0,77.51,82.18,187.2,128.4
2023-03-30,1403.0,1676.0,1625.0,1237.0,78.45,82.34,187.2,128.4
2023-03-31,1389.0,1665.0,1635.0,1198.0,79.19,82.19,187.2,128.4
2023-04-03,1412.0,1723.0,1664.0,1187.0,85.81,82.24,194.3,117.4
2023-04-04,1473.0,1867.0,1724.0,1176.0,85.7,82.33,194.3,117.4
2023-04-05,1525.0,1957.0,1813.0,1170.0,85.89,81.89,194.3,117.4
2023-04-06,1560.0,2041.0,1851.0,1161.0,86.56,81.86,194.3,117.4
2023-04-07,1549.4,2015.0,1851.2,1155.0,86.712,81.85,194.3,117.4
2023-04-10,1517.6,1937.0,1851.8,1137.0,87.16799999999999,82.01,194.3,117.4
2023-04-11,1507.0,1911.0,1852.0,1131.0,87.32,82.04,194.3,117.4
2023-04-12,1463.0,1822.0,1812.0,1118.0,88.31,81.98,194.3,117.4
2023-04-13,1463.0,1888.0,1747.0,1105.0,86.51,81.65,194.3,117.4
2023-04-14,1435.0,1850.0,1702.0,1096.0,87.31,81.88,194.3,117.4
2023-04-17,1412.0,1801.0,1675.0,1098.0,85.63,81.98,194.3,117.4
2023-04-18,1368.0,1678.0,1644.0,1113.0,85.48,82.08,194.3,117.4
2023-04-19,1372.0,1643.0,1657.0,1151.0,85.34,82.18,194.3,117.4
2023-04-20,1432.0,1778.0,1677.0,1179.0,83.29,82.1,194.3,117.4
2023-04-21,1504.0,1962.0,1692.0,1201.0,83.36,82.06,194.3,117.4
2023-04-24,1517.0,1993.0,1687.0,1212.0,84.23,81.9,194.3,117.4
2023-04-25,1510.0,1986.0,1667.0,1216.0,82.13,81.92,194.3,117.4
2023-04-26,1536.0,2100.0,1640.0,1203.0,79.19,81.74,194.3,117.4
2023-04-27,1581.0,2276.0,1612.0,1185.0,80.11,81.84,194.3,117.4
2023-04-28,1576.0,2301.0,1586.0,1165.0,81.32,81.84,194.3,117.4
2023-05-01,1558.0,2276.25,1568.75,1149.25,77.8625,81.84,160.5,105.2
2023-05-02,1552.0,2268.0,1563.0,1144.0,76.71,81.89,160.5,105.2
2023-05-03,1558.0,2325.0,1540.0,1123.0,72.91,81.83,160.5,105.2
2023-05-04,1545.0,2325.0,1514.0,1105.0,73.0,81.73,160.5,105.2
2023-05-05,1558.0,2384.0,1501.0,1096.0,75.85,81.81,160.5,105.2
2023-05-08,1588.0,2477.75,1495.75,1096.75,77.2825,81.78,160.5,105.2
2023-05-09,1598.0,2509.0,1494.0,1097.0,77.76,82.04,160.5,105.2
2023-05-10,1640.0,2630.0,1481.0,1114.0,76.7,81.94,160.5,105.2
2023-05-11,1608.0,2566.0,1445.0,1112.0,75.32,82.13,160.5,105.2
2023-05-12,1558.0,2456.0,1402.0,1105.0,74.54,82.17,160.5,105.2
2023-05-15,1522.0,2385.0,1366.0,1098.0,75.46,82.3,160.5,105.2
2023-05-16,1476.0,2295.0,1314.0,1091.0,75.15,82.26,160.5,105.2
2023-05-17,1425.0,2184.0,1260.0,1090.0,76.98,82.39,160.5,105.2
2023-05-18,1402.0,2142.0,1235.0,1085.0,75.75,82.77,160.5,105.2
2023-05-19,1384.0,2105.0,1222.0,1077.0,75.42,82.65,160.5,105.2
2023-05-22,1365.0,2065.0,1220.0,1063.0,75.77,82.83,160.5,105.2
2023-05-23,1348.0,2040.0,1212.0,1043.0,76.66,82.84,160.5,105.2
2023-05-24,1295.0,1930.0,1184.0,1014.0,77.99,82.66,160.5,105.2
2023-05-25,1215.0,1758.0,1141.0,980.0,75.66,82.76,160.5,105.2
2023-05-26,1172.0,1683.0,1119.0,946.0,76.33,82.58,160.5,105.2
2023-05-30,1123.0,1594.0,1090.0,910.0,73.38,82.67,160.5,105.2
2023-05-31,977.0,1218.0,1045.0,881.0,71.98,82.68,160.5,105.2
2023-06-01,937.0,1144.0,1030.0,847.0,74.18,82.41,139.4,113.5
2023-06-02,919.0,1116.0,1030.0,819.0,76.0,82.35,139.4,113.5
2023-06-05,939.0,1178.0,1048.0,803.0,76.61,82.67,139.4,113.5
2023-06-06,1016.0,1383.0,1108.0,781.0,76.22,82.61,139.4,113.5
2023-06-07,1020.0,1387.0,1139.0,766.0,76.85,82.5,139.4,113.5
2023-06-08,1040.0,1460.0,1146.0,747.0,75.88,82.57,139.4,113.5
2023-06-09,1055.0,1514.0,1146.0,736.0,74.74,82.46,139.4,113.5
2023-06-12,1056.0,1532.0,1144.0,726.0,71.8,82.43,139.4,113.5
2023-06-13,1074.0,1587.0,1144.0,722.0,74.24,82.38,139.4,113.5
2023-06-14,1079.0,1580.0,1163.0,729.0,73.39,82.1,139.4,113.5
2023-06-15,1094.0,1599.0,1184.0,740.0,75.75,82.18,139.4,113.5
2023-06-16,1076.0,1528.0,1193.0,748.0,76.76,81.89,139.4,113.5
2023-06-19,1065.0,1492.0,1193.0,751.0,76.09,82.055,139.4,113.5
2023-06-20,1078.0,1540.0,1174.0,759.0,75.79,82.11,139.4,113.5
2023-06-21,1138.0,1730.0,1157.0,761.0,76.92,82.04,139.4,113.5
2023-06-22,1216.0,1991.0,1140.0,751.0,73.93,81.93,139.4,113.5
2023-06-23,1240.0,2080.0,1127.0,743.0,73.56,82.01,139.4,113.5
2023-06-26,1233.0,2075.0,1113.0,741.0,73.86,82.0,139.4,113.5
2023-06-27,1183.0,1937.0,1089.0,746.0,71.88,81.98,139.4,113.5
2023-06-28,1138.0,1822.0,1058.0,752.0,73.64,82.0,139.4,113.5
2023-06-29,1112.0,1759.0,1041.0,750.0,73.86,82.05,139.4,113.5
2023-06-30,1091.0,1704.0,1030.0,749.0,74.51,82.06,139.4,113.5
2023-07-03,1068.0,1651.0,1014.0,747.0,74.52,81.96,140.6,114.4
2023-07-04,1044.0,1601.0,988.0,747.0,76.23,82.14999999999999,140.6,114.4
2023-07-05,994.0,1475.0,969.0,737.0,76.74,82.34,140.6,114.4
2023-07-06,993.0,1479.0,971.0,728.0,76.72,82.49,140.6,114.4
2023-07-07,1009.0,1522.0,984.0,724.0,78.77,82.74,140.6,114.4
2023-07-10,1024.0,1555.0,996.0,724.0,77.83,82.57,140.6,114.4
2023-07-11,1032.0,1550.0,1027.0,728.0,79.54,82.39,140.6,114.4
2023-07-12,1088.0,1665.0,1086.0,734.0,80.35,82.03,140.6,114.4
2023-07-13,1103.0,1691.0,1101.0,743.0,81.31,82.04,140.6,114.4
2023-07-14,1090.0,1655.0,1095.0,743.0,79.9,82.16,140.6,114.4
2023-07-17,1073.0,1614.0,1084.0,743.0,77.8,82.03,140.6,114.4
2023-07-18,1037.0,1529.0,1052.0,746.0,79.54,82.03,140.6,114.4
2023-07-19,1004.0,1468.0,993.0,754.0,79.38,82.09,140.6,114.4
2023-07-20,977.0,1421.0,945.0,757.0,79.62,81.99,140.6,114.4
2023-07-21,978.0,1442.0,924.0,758.0,81.06,81.99,140.6,114.4
2023-07-24,967.0,1422.0,910.0,757.0,82.53,81.81,140.6,114.4
2023-07-25,962.0,1424.0,895.0,753.0,83.46,81.87,140.6,114.4
2023-07-26,1067.0,1734.0,916.0,742.0,82.98,81.99,140.6,114.4
2023-07-27,1097.0,1801.0,955.0,733.0,84.28,82.15,140.6,114.4
2023-07-28,1110.0,1830.0,975.0,726.0,84.49,82.22,140.6,114.4
2023-07-31,1127.0,1873.0,996.0,719.0,85.22,82.24,140.6,114.4
2023-08-01,1150.0,1920.0,1034.0,709.0,85.34,82.25,152.6,110.2
2023-08-02,1123.0,1808.0,1082.0,700.0,84.01,82.58,152.6,110.2
2023-08-03,1128.0,1803.0,1112.0,695.0,86.19,82.74,152.6,110.2
2023-08-04,1136.0,1818.0,1133.0,688.0,87.38,82.83,152.6,110.2
2023-08-07,1145.0,1832.0,1153.0,686.0,86.47,82.75,152.6,110.2
2023-08-08,1142.0,1783.0,1195.0,689.0,88.0,82.85,152.6,110.2
2023-08-09,1144.0,1752.0,1233.0,696.0,89.31,82.84,152.6,110.2
2023-08-10,1137.0,1674.0,1292.0,706.0,87.44,82.69,152.6,110.2
2023-08-11,1129.0,1592.0,1337.0,728.0,87.93,82.87,152.6,110.2
2023-08-14,1135.0,1570.0,1365.0,745.0,87.4,83.17,152.6,110.2
2023-08-15,1166.0,1597.0,1412.0,772.0,86.28,82.94,152.6,110.2
2023-08-16,1233.0,1701.0,1486.0,812.0,84.49,83.19,152.6,110.2
2023-08-17,1247.0,1665.0,1522.0,859.0,85.24,83.09,152.6,110.2
2023-08-18,1237.0,1598.0,1542.0,879.0,85.92,83.14,152.6,110.2
2023-08-21,1223.0,1538.0,1541.0,900.0,85.44,83.1,152.6,110.2
2023-08-22,1194.0,1461.0,1516.0,909.0,84.7,82.94,152.6,110.2
2023-08-23,1151.0,1364.0,1474.0,910.0,83.94,82.69,152.6,110.2
2023-08-24,1110.0,1259.0,1456.0,906.0,84.07,82.57,152.6,110.2
2023-08-25,1080.0,1174.0,1449.0,908.0,85.42,82.64,152.6,110.2
2023-08-28,1100.25,1197.25,1485.75,915.5,86.13250000000001,82.6,152.6,110.2
2023-08-29,1107.0,1205.0,1498.0,918.0,86.37,82.7,152.6,110.2
2023-08-30,1094.0,1123.0,1521.0,942.0,86.62,82.73,152.6,110.2
2023-08-31,1086.0,1094.0,1503.0,962.0,87.29,82.78,152.6,110.2
2023-09-01,1065.0,1032.0,1478.0,980.0,89.98,82.69,162.5,121.0
2023-09-04,1083.0,1072.0,1478.0,995.0,90.42,82.945,162.5,121.0
2023-09-05,1063.0,997.0,1481.0,1008.0,91.25,83.03,162.5,121.0
2023-09-06,1081.0,1034.0,1466.0,1036.0,91.79,83.14,162.5,121.0
2023-09-07,1141.0,1189.0,1473.0,1056.0,91.16,83.21,162.5,121.0
2023-09-08,1186.0,1289.0,1489.0,1079.0,91.85,82.93,162.5,121.0
2023-09-11,1209.0,1324.0,1508.0,1099.0,91.97,83.03,162.5,121.0
2023-09-12,1235.0,1330.0,1575.0,1118.0,93.58,82.86,162.5,121.0
2023-09-13,1290.0,1416.0,1623.0,1156.0,93.04,82.93,162.5,121.0
2023-09-14,1340.0,1512.0,1642.0,1196.0,95.2,83.02,162.5,121.0
2023-09-15,1381.0,1602.0,1656.0,1221.0,95.55,83.15,162.5,121.0
2023-09-18,1439.0,1749.0,1666.0,1240.0,95.95,83.27,162.5,121.0
2023-09-19,1526.0,1942.0,1693.0,1286.0,96.11,83.27,162.5,121.0
2023-09-20,1584.0,2067.0,1707.0,1324.0,94.56,83.07,162.5,121.0
2023-09-21,1569.0,2007.0,1696.0,1350.0,93.7,83.11,162.5,121.0
2023-09-22,1593.0,2083.0,1685.0,1355.0,93.99,82.95,162.5,121.0
2023-09-25,1614.0,2148.0,1685.0,1354.0,94.01,83.11,162.5,121.0
2023-09-26,1694.0,2394.0,1694.0,1339.0,94.46,83.24,162.5,121.0
2023-09-27,1752.0,2576.0,1711.0,1318.0,97.1,83.18,162.5,121.0
2023-09-28,1716.0,2493.0,1709.0,1294.0,96.64,83.13,162.5,121.0
2023-09-29,1701.0,2474.0,1701.0,1276.0,95.86,83.08,162.5,121.0
2023-10-02,1737.0,2610.0,1684.0,1263.0,91.21,83.04,142.1,119.0
2023-10-03,1780.0,2773.0,1656.0,1250.0,94.46,83.22,142.1,119.0
2023-10-04,1778.0,2801.0,1625.0,1244.0,89.83,83.25,142.1,119.0
2023-10-05,1827.0,2982.0,1592.0,1236.0,88.28,83.24,142.1,119.0
2023-10-06,1929.0,3309.0,1572.0,1233.0,87.86,83.25,142.1,119.0
2023-10-09,1991.0,3485.0,1586.0,1232.0,91.37,83.25,142.1,119.0
2023-10-10,1983.0,3421.0,1612.0,1250.0,90.7,83.25,142.1,119.0
2023-10-11,1948.0,3304.0,1614.0,1261.0,87.58,83.18,142.1,119.0
2023-10-12,1935.0,3278.0,1593.0,1266.0,88.4,83.28,142.1,119.0
2023-10-13,1945.0,3327.0,1567.0,1268.0,94.33,83.26,142.1,119.0
2023-10-16,1972.0,3418.0,1553.0,1269.0,90.99,83.28,142.1,119.0
2023-10-17,2058.0,3659.0,1565.0,1277.0,92.52,83.22,142.1,119.0
2023-10-18,2105.0,3749.0,1619.0,1285.0,91.99,83.25,142.1,119.0
2023-10-19,2071.0,3633.0,1635.0,1287.0,93.12,83.1,142.1,119.0
2023-10-20,2046.0,3556.0,1638.0,1287.0,93.72,83.14,142.1,119.0
2023-10-23,2017.0,3473.0,1638.0,1279.0,91.88,83.19,142.1,119.0
2023-10-24,1949.0,3276.0,1648.0,1266.0,88.0,83.19,142.1,119.0
2023-10-25,1832.0,2940.0,1649.0,1247.0,90.14,83.18,142.1,119.0
2023-10-26,1662.0,2465.0,1628.0,1227.0,88.45,83.24,142.1,119.0
2023-10-27,1563.0,2226.0,1605.0,1184.0,90.73,83.27,142.1,119.0
2023-10-30,1502.0,2091.0,1575.0,1159.0,90.73,83.25,142.1,119.0
2023-10-31,1459.0,2020.0,1534.0,1135.0,86.82,83.26,142.1,119.0
2023-11-01,1401.0,1899.0,1489.0,1119.0,86.92,83.24,126.8,131.1
2023-11-02,1385.0,1883.0,1461.0,1108.0,89.02,83.22,126.8,131.1
2023-11-03,1462.0,2133.0,1448.0,1101.0,87.55,83.14,126.8,131.1
2023-11-06,1523.0,2319.0,1448.0,1098.0,87.31,83.19,126.8,131.1
2023-11-07,1559.0,2427.0,1453.0,1097.0,83.43,83.22,126.8,131.1
2023-11-08,1530.0,2318.0,1470.0,1104.0,81.46,83.28,126.8,131.1
2023-11-09,1598.0,2486.0,1500.0,1116.0,81.74,83.25,126.8,131.1
2023-11-10,1643.0,2589.0,1530.0,1125.0,83.66,83.2675,126.8,131.1
2023-11-13,1655.0,2607.0,1548.0,1127.0,84.09,83.32,126.8,131.1
2023-11-14,1662.0,2574.0,1607.0,1133.0,84.2,83.32,126.8,131.1
2023-11-15,1688.0,2574.0,1693.0,1141.0,82.4,83.11,126.8,131.1
2023-11-16,1758.0,2664.0,1800.0,1178.0,77.73,83.22,126.8,131.1
2023-11-17,1820.0,2763.0,1874.0,1205.0,81.22,83.25,126.8,131.1
2023-11-20,1817.0,2707.0,1915.0,1217.0,83.25,83.33,126.8,131.1
2023-11-21,1796.0,2586.0,1969.0,1232.0,82.42,83.26,126.8,131.1
2023-11-22,1755.0,2415.0,2008.0,1247.0,81.76,83.29,126.8,131.1
2023-11-23,1855.0,2679.0,2034.0,1265.0,80.85,83.315,126.8,131.1
2023-11-24,2102.0,3385.0,2064.0,1279.0,79.82,83.34,126.8,131.1
2023-11-27,2259.0,3819.0,2095.0,1292.0,79.49,83.34,126.8,131.1
2023-11-28,2391.0,4179.0,2106.0,1321.0,81.66,83.33,126.8,131.1
2023-11-29,2696.0,5040.0,2131.0,1360.0,82.98,83.31,126.8,131.1
2023-11-30,2937.0,5629.0,2219.0,1425.0,81.72,83.36,126.8,131.1
2023-12-01,3192.0,6237.0,2341.0,1489.0,78.72,83.27,141.8,137.1
2023-12-04,3346.0,6582.0,2441.0,1526.0,78.16,83.4,141.8,137.1
2023-12-05,3143.0,5946.0,2425.0,1565.0,77.27,83.33,141.8,137.1
2023-12-06,2848.0,5161.0,2311.0,1552.0,74.33,83.32,141.8,137.1
2023-12-07,2495.0,4203.0,2197.0,1538.0,74.21,83.32,141.8,137.1
2023-12-08,2483.0,4259.0,2104.0,1521.0,75.94,83.38,141.8,137.1
2023-12-11,2509.0,4398.0,2049.0,1506.0,75.75,83.38,141.8,137.1
2023-12-12,2551.0,4592.0,1996.0,1480.0,74.11,83.37,141.8,137.1
2023-12-13,2438.0,4306.0,1953.0,1463.0,74.14,83.4,141.8,137.1
2023-12-14,2411.0,4276.0,1915.0,1442.0,77.05,83.28,141.8,137.1
2023-12-15,2348.0,4113.0,1900.0,1426.0,76.84,83.02,141.8,137.1
2023-12-18,2288.0,3936.0,1906.0,1419.0,78.89,83.04,141.8,137.1
2023-12-19,2219.0,3730.0,1915.0,1408.0,79.82,83.18,141.8,137.1
2023-12-20,2150.0,3530.0,1917.0,1397.0,81.1,83.14,141.8,137.1
2023-12-21,2087.0,3361.0,1915.0,1378.0,80.73,83.27,141.8,137.1
2023-12-22,2094.0,3398.0,1909.0,1369.0,80.23,83.12,141.8,137.1
2023-12-26,2093.6363636363635,3429.2727272727275,1895.5454545454545,1346.8181818181818,80.822,83.17,141.8,137.1
2023-12-27,2093.5454545454545,3437.090909090909,1892.1818181818182,1341.2727272727273,80.97,83.35,141.8,137.1
2023-12-28,2093.4545454545455,3444.909090909091,1888.8181818181818,1335.7272727272727,79.04,83.15,141.8,137.1
2023-12-29,2093.3636363636365,3452.7272727272725,1885.4545454545455,1330.1818181818182,77.69,83.19,141.8,137.1
2024-01-02,2093.0,3484.0,1872.0,1308.0,76.24,83.31,124.9,135.8
2024-01-03,2091.0,3569.0,1808.0,1271.0,77.18,83.3,124.9,135.8
2024-01-04,2086.0,3651.0,1727.0,1236.0,75.79,83.21,124.9,135.8
2024-01-05,2110.0,3798.0,1666.0,1212.0,78.31,83.16,124.9,135.8
2024-01-08,2022.0,3599.0,1605.0,1194.0,75.47,83.13,124.9,135.8
2024-01-09,1875.0,3249.0,1534.0,1162.0,77.97,83.09,124.9,135.8
2024-01-10,1664.0,2696.0,1464.0,1135.0,78.46,83.01,124.9,135.8
2024-01-11,1554.0,2424.0,1421.0,1108.0,80.21,83.03,124.9,135.8
2024-01-12,1460.0,2172.0,1410.0,1088.0,79.89,82.92,124.9,135.8
2024-01-15,1360.0,1880.0,1412.0,1078.0,79.76,83.0175,124.9,135.8
2024-01-16,1324.0,1779.0,1421.0,1060.0,80.15,83.05,124.9,135.8
2024-01-17,1308.0,1733.0,1446.0,1039.0,78.88,83.14,124.9,135.8
2024-01-18,1357.0,1853.0,1492.0,1029.0,81.04,83.15,124.9,135.8
2024-01-19,1503.0,2244.0,1550.0,1030.0,80.71,83.09,124.9,135.8
2024-01-22,1518.0,2272.0,1576.0,1027.0,81.7,83.08,124.9,135.8
2024-01-23,1473.0,2099.0,1613.0,1033.0,82.04,83.15,124.9,135.8
2024-01-24,1507.0,2145.0,1663.0,1050.0,82.15,83.09,124.9,135.8
2024-01-25,1499.0,2086.0,1690.0,1062.0,82.33,83.08,124.9,135.8
2024-01-26,1518.0,2135.0,1696.0,1065.0,83.34,83.11,124.9,135.8
2024-01-29,1460.0,1970.0,1686.0,1065.0,83.99,83.12,124.9,135.8
2024-01-30,1397.0,1824.0,1636.0,1061.0,84.14,83.11,124.9,135.8
2024-01-31,1398.0,1891.0,1566.0,1055.0,82.98,83.02,124.9,135.8
2024-02-01,1388.0,1924.0,1497.0,1048.0,82.2,82.95,124.2,124.4
2024-02-02,1407.0,2030.0,1444.0,1041.0,79.54,82.92,124.2,124.4
2024-02-05,1436.0,2142.0,1419.0,1037.0,79.3,83.04,124.2,124.4
2024-02-06,1516.0,2371.0,1428.0,1041.0,80.46,83.03,124.2,124.4
2024-02-07,1487.0,2263.0,1445.0,1047.0,81.18,82.97,124.2,124.4
2024-02-08,1473.0,2196.0,1474.0,1050.0,83.01,82.97,124.2,124.4
2024-02-09,1545.0,2381.0,1509.0,1053.0,83.58,83.0,124.2,124.4
2024-02-12,1572.0,2453.0,1526.0,1048.0,83.88,82.95,124.2,124.4
2024-02-13,1585.0,2476.0,1550.0,1047.0,84.72,83.06,124.2,124.4
2024-02-14,1582.0,2436.0,1582.0,1052.0,84.41,83.02,124.2,124.4
2024-02-15,1581.0,2394.0,1623.0,1058.0,84.33,83.0,124.2,124.4
2024-02-16,1610.0,2448.0,1646.0,1071.0,84.88,83.02,124.2,124.4
2024-02-19,1629.0,2457.0,1681.0,1090.0,85.52,82.91499999999999,124.2,124.4
2024-02-20,1632.0,2409.0,1706.0,1129.0,84.78,82.88,124.2,124.4
2024-02-21,1676.0,2543.0,1673.0,1154.0,84.77,82.96,124.2,124.4
2024-02-22,1752.0,2790.0,1624.0,1174.0,85.84,82.86,124.2,124.4
2024-02-23,1866.0,3145.0,1595.0,1189.0,84.18,82.86,124.2,124.4
2024-02-26,1871.0,3163.0,1578.0,1198.0,84.01,82.85,124.2,124.4
2024-02-27,1899.0,3224.0,1581.0,1220.0,83.8,82.88,124.2,124.4
2024-02-28,2041.0,3596.0,1627.0,1239.0,84.08,82.88,124.2,124.4
2024-02-29,2111.0,3743.0,1681.0,1257.0,84.57,82.87,124.2,124.4
2024-03-01,2203.0,3977.0,1723.0,1267.0,84.82,82.91,131.5,109.8
2024-03-04,2297.0,4205.0,1773.0,1282.0,86.58,82.88,131.5,109.8
2024-03-05,2291.0,4148.0,1805.0,1297.0,85.82,82.86,131.5,109.8
2024-03-06,2176.0,3769.0,1823.0,1312.0,86.59,82.78,131.5,109.8
2024-03-07,2251.0,3979.0,1840.0,1317.0,84.88,82.78,131.5,109.8
2024-03-08,2345.0,4245.0,1861.0,1318.0,84.29,82.73,131.5,109.8
2024-03-11,2377.0,4314.0,1893.0,1316.0,83.44,82.72,131.5,109.8
2024-03-12,2315.0,4092.0,1949.0,1306.0,83.66,82.77,131.5,109.8
2024-03-13,2370.0,4189.0,2043.0,1301.0,83.95,82.81,131.5,109.8
2024-03-14,2379.8,4042.0,2133.0,1314.0,86.16,82.82,131.5,109.8
2024-03-15,2389.6,4019.0,2234.0,1326.0,85.39,82.86,131.5,109.8
2024-03-18,2419.0,4089.0,2298.0,1338.0,86.47,82.89,131.5,109.8
2024-03-19,2392.0,3990.0,2306.0,1351.0,87.36,83.01,131.5,109.8
2024-03-20,2284.0,3690.0,2251.0,1370.0,85.77,83.18,131.5,109.8
2024-03-21,2240.0,3588.0,2204.0,1379.0,84.92,83.15,131.5,109.8
2024-03-22,2196.0,3482.0,2165.0,1383.0,84.87,83.53,131.5,109.8
2024-03-25,2123.0,3295.0,2120.0,1386.0,86.18,83.42,131.5,109.8
2024-03-26,1989.0,2964.0,2044.0,1375.0,85.91,83.32,131.5,109.8
2024-03-27,1845.0,2638.0,1941.0,1353.0,84.94,83.34,131.5,109.8
2024-03-28,1821.0,2637.0,1879.0,1331.0,86.17,83.35,131.5,109.8
2024-03-29,1799.6,2588.4,1866.4,1325.4,86.462,83.34,131.5,109.8
2024-04-01,1735.4,2442.6,1828.6,1308.6,87.338,83.36,135.0,112.8
2024-04-02,1714.0,2394.0,1816.0,1303.0,87.63,83.32,135.0,112.8
2024-04-03,1711.0,2437.0,1772.0,1284.0,90.6,83.43,135.0,112.8
2024-04-04,1669.0,2354.0,1733.0,1273.0,90.32,83.44,135.0,112.8
2024-04-05,1628.0,2274.0,1695.0,1261.0,92.81,83.29,135.0,112.8
2024-04-08,1594.0,2198.0,1667.0,1258.0,91.73,83.25,135.0,112.8
2024-04-09,1570.0,2153.0,1633.0,1259.0,92.13,83.18,135.0,112.8
2024-04-10,1587.0,2202.0,1631.0,1260.0,91.57,83.37,135.0,112.8
2024-04-11,1690.0,2475.0,1677.0,1261.0,91.49,83.19,135.0,112.8
2024-04-12,1729.0,2552.0,1713.0,1272.0,93.12,83.59,135.0,112.8
2024-04-15,1730.0,2529.0,1736.0,1280.0,90.84,83.48,135.0,112.8
2024-04-16,1779.0,2631.0,1754.0,1311.0,91.29,83.54,135.0,112.8
2024-04-17,1844.0,2760.0,1805.0,1337.0,89.54,83.54,135.0,112.8
2024-04-18,1901.0,2845.0,1876.0,1365.0,88.34,83.53,135.0,112.8
2024-04-19,1919.0,2839.0,1916.0,1394.0,87.96,83.46,135.0,112.8
2024-04-22,1882.0,2702.0,1928.0,1410.0,87.3,83.47,135.0,112.8
2024-04-23,1804.0,2458.0,1914.0,1430.0,88.29,83.36,135.0,112.8
2024-04-24,1774.0,2345.0,1910.0,1456.0,89.02,83.34,135.0,112.8
2024-04-25,1743.0,2230.0,1896.0,1488.0,88.1,83.31,135.0,112.8
2024-04-26,1721.0,2172.0,1878.0,1495.0,89.95,83.38,135.0,112.8
2024-04-29,1684.0,2080.0,1858.0,1492.0,88.44,83.46,135.0,112.8
2024-04-30,1685.0,2100.0,1845.0,1485.0,88.23,83.44,135.0,112.8
2024-05-01,1688.0,2116.0,1847.0,1478.0,83.55,83.45,142.0,118.9
2024-05-02,1774.0,2372.0,1863.0,1466.0,84.81,83.44,142.0,118.9
2024-05-03,1876.0,2673.0,1884.0,1458.0,83.6,83.43,142.0,118.9
2024-05-06,2031.25,3097.5,1932.75,1460.25,82.91749999999999,83.48,142.0,118.9
2024-05-07,2083.0,3239.0,1949.0,1461.0,82.69,83.51,142.0,118.9
2024-05-08,2203.0,3541.0,2005.0,1477.0,82.44,83.45,142.0,118.9
2024-05-09,2166.0,3405.0,2020.0,1488.0,83.27,83.51,142.0,118.9
2024-05-10,2129.0,3292.0,2026.0,1485.0,83.39,83.54,142.0,118.9
2024-05-13,2066.0,3108.0,2017.0,1485.0,83.18,83.48,142.0,118.9
2024-05-14,1993.0,2931.0,1978.0,1475.0,81.0,83.5,142.0,118.9
2024-05-15,1889.0,2699.0,1905.0,1453.0,79.98,83.46,142.0,118.9
2024-05-16,1817.0,2558.0,1845.0,1425.0,81.65,83.46,142.0,118.9
2024-05-17,1844.0,2675.0,1825.0,1405.0,82.24,83.34,142.0,118.9
2024-05-20,1847.0,2708.0,1811.0,1392.0,81.91,83.34,142.0,118.9
2024-05-21,1829.0,2655.0,1822.0,1382.0,81.22,83.31,142.0,118.9
2024-05-22,1804.0,2584.0,1831.0,1371.0,79.9,83.26,142.0,118.9
2024-05-23,1796.0,2584.0,1832.0,1345.0,79.25,83.27,142.0,118.9
2024-05-24,1797.0,2613.0,1824.0,1326.0,78.92,83.09,142.0,118.9
2024-05-28,1784.0,2608.0,1801.0,1309.0,81.34,83.16,142.0,118.9
2024-05-29,1790.0,2674.0,1762.0,1293.0,81.5,83.33,142.0,118.9
2024-05-30,1801.0,2750.0,1718.0,1286.0,81.42,83.28,142.0,118.9
2024-05-31,1815.0,2820.0,1693.0,1278.0,79.41,83.43,142.0,118.9
2024-06-03,1808.0,2816.0,1681.0,1272.0,76.45,83.14,135.1,107.5
2024-06-04,1813.0,2839.0,1679.0,1265.0,75.33,83.52,135.1,107.5
2024-06-05,1852.0,2945.0,1702.0,1258.0,75.41,83.37,135.1,107.5
2024-06-06,1869.0,2977.0,1731.0,1255.0,77.62,83.47,135.1,107.5
2024-06-07,1881.0,2998.0,1750.0,1254.0,78.12,83.38,135.1,107.5
2024-06-10,1883.0,2985.0,1769.0,1257.0,79.59,83.5,135.1,107.5
2024-06-11,1831.0,2784.0,1807.0,1271.0,80.15,83.5,135.1,107.5
2024-06-12,1836.0,2726.0,1864.0,1297.0,80.52,83.57,135.1,107.5
2024-06-13,1942.0,2985.0,1920.0,1313.0,81.44,83.52,135.1,107.5
2024-06-14,1948.0,2957.0,1950.0,1335.0,81.49,83.54,135.1,107.5
2024-06-17,1948.0,2938.0,1960.0,1346.0,82.45,83.52,135.1,107.5
2024-06-18,1961.0,2966.0,1954.0,1362.0,84.79,83.42,135.1,107.5
2024-06-19,1943.0,2927.0,1919.0,1374.0,85.64,83.52000000000001,135.1,107.5
2024-06-20,1984.0,3079.0,1867.0,1389.0,85.92,83.62,135.1,107.5
2024-06-21,1997.0,3142.0,1827.0,1398.0,86.42,83.53,135.1,107.5
2024-06-24,1973.0,3093.0,1792.0,1405.0,86.75,83.42,135.1,107.5
2024-06-25,1926.0,2990.0,1735.0,1412.0,86.81,83.4,135.1,107.5
2024-06-26,1964.0,3145.0,1683.0,1412.0,85.76,83.55,135.1,107.5
2024-06-27,2031.0,3371.0,1672.0,1399.0,87.0,83.44,135.1,107.5
2024-06-28,2050.0,3443.0,1667.0,1385.0,87.26,83.33,135.1,107.5
2024-07-01,2158.0,3791.0,1662.0,1369.0,86.57,83.44,137.6,106.9
2024-07-02,2179.0,3888.0,1640.0,1351.0,88.28,83.5,137.6,106.9
2024-07-03,2064.0,3580.0,1607.0,1340.0,88.25,83.48,137.6,106.9
2024-07-04,2021.0,3486.0,1568.0,1337.0,88.34,83.475,137.6,106.9
2024-07-05,1966.0,3339.0,1546.0,1335.0,88.66,83.47,137.6,106.9
2024-07-08,1940.0,3276.0,1531.0,1334.0,87.15,83.45,137.6,106.9
2024-07-09,1894.0,3119.0,1536.0,1347.0,86.48,83.47,137.6,106.9
2024-07-10,1939.0,3215.0,1579.0,1353.0,86.55,83.5,137.6,106.9
2024-07-11,1947.0,3183.0,1638.0,1361.0,86.49,83.57,137.6,106.9
2024-07-12,1997.0,3296.0,1678.0,1364.0,87.35,83.48,137.6,106.9
2024-07-15,1993.0,3263.0,1702.0,1368.0,86.42,83.55,137.6,106.9
2024-07-16,1942.0,3099.0,1713.0,1366.0,86.6,83.6,137.6,106.9
2024-07-17,1890.0,2940.0,1713.0,1370.0,85.76,83.55,137.6,106.9
2024-07-18,1912.0,3007.0,1714.0,1370.0,86.26,83.58,137.6,106.9
2024-07-19,1902.0,2973.0,1714.0,1374.0,85.19,83.7,137.6,106.9
2024-07-22,1896.0,2957.0,1712.0,1374.0,83.44,83.65,137.6,106.9
2024-07-23,1869.0,2854.0,1728.0,1380.0,82.2,83.68,137.6,106.9
2024-07-24,1864.0,2803.0,1765.0,1385.0,83.01,83.72,137.6,106.9
2024-07-25,1834.0,2696.0,1785.0,1387.0,82.58,83.7,137.6,106.9
2024-07-26,1808.0,2614.0,1792.0,1386.0,81.35,83.7,137.6,106.9
2024-07-29,1797.0,2582.0,1792.0,1383.0,80.94,83.75,137.6,106.9
2024-07-30,1762.0,2499.0,1772.0,1377.0,79.26,83.7,137.6,106.9
2024-07-31,1708.0,2377.0,1739.0,1363.0,81.39,83.73,137.6,106.9
2024-08-01,1668.0,2289.0,1713.0,1352.0,81.37,83.7,145.8,99.9
2024-08-02,1675.0,2327.0,1705.0,1342.0,78.35,83.79,145.8,99.9
2024-08-05,1677.0,2351.0,1697.0,1330.0,77.51,83.83,145.8,99.9
2024-08-06,1685.0,2402.0,1678.0,1320.0,76.62,83.91,145.8,99.9
2024-08-07,1698.0,2473.0,1651.0,1309.0,78.26,83.96,145.8,99.9
2024-08-08,1683.0,2459.0,1620.0,1302.0,80.76,83.95,145.8,99.9
2024-08-09,1670.0,2437.0,1599.0,1301.0,81.07,83.92,145.8,99.9
2024-08-12,1655.0,2413.0,1584.0,1294.0,83.06,83.92,145.8,99.9
2024-08-13,1670.0,2477.0,1563.0,1292.0,82.51,83.97,145.8,99.9
2024-08-14,1728.0,2650.0,1560.0,1297.0,82.15,83.91,145.8,99.9
2024-08-15,1692.0,2542.0,1554.0,1300.0,83.09,83.94,145.8,99.9
2024-08-16,1691.0,2537.0,1552.0,1304.0,81.56,83.95,145.8,99.9
2024-08-19,1708.0,2594.0,1544.0,1305.0,81.09,83.82,145.8,99.9
2024-08-20,1735.0,2691.0,1521.0,1309.0,78.85,83.79,145.8,99.9
2024-08-21,1759.0,2788.0,1487.0,1310.0,78.77,83.93,145.8,99.9
2024-08-22,1768.0,2847.0,1444.0,1313.0,78.8,83.93,145.8,99.9
2024-08-23,1762.0,2851.0,1414.0,1318.0,80.34,83.91,145.8,99.9
2024-08-26,1731.25,2779.0,1389.25,1317.25,81.2175,83.87,145.8,99.9
2024-08-27,1721.0,2755.0,1381.0,1317.0,81.51,83.91,145.8,99.9
2024-08-28,1755.0,2883.0,1350.0,1316.0,80.04,83.9,145.8,99.9
2024-08-29,1827.0,3119.0,1331.0,1312.0,81.55,83.84,145.8,99.9
2024-08-30,1814.0,3099.0,1316.0,1306.0,80.2,83.83,145.8,99.9
2024-09-02,1919.0,3248.0,1305.0,1280.0,77.82,83.9125,139.2,92.8
2024-09-03,1947.0,3349.0,1300.0,1280.0,76.46,83.94,139.2,92.8
2024-09-04,1902.0,3224.0,1300.0,1271.0,74.67,83.95,139.2,92.8
2024-09-05,1919.0,3285.0,1294.0,1266.0,74.47,83.96,139.2,92.8
2024-09-06,1941.0,3356.0,1294.0,1260.0,72.82,83.91,139.2,92.8
2024-09-09,1958.0,3404.0,1302.0,1259.0,72.37,83.93,139.2,92.8
2024-09-10,1941.0,3342.0,1317.0,1258.0,70.34,83.95,139.2,92.8
2024-09-11,1963.0,3375.0,1356.0,1259.0,70.31,83.95,139.2,92.8
2024-09-12,1927.0,3225.0,1402.0,1263.0,73.81,83.92,139.2,92.8
2024-09-13,1890.0,3089.0,1428.0,1264.0,73.68,83.88,139.2,92.8
2024-09-16,1896.0,3097.0,1442.0,1265.0,73.96,83.89,139.2,92.8
2024-09-17,1901.0,3090.0,1466.0,1266.0,74.55,83.75,139.2,92.8
2024-09-18,1890.0,3024.0,1502.0,1270.0,74.52,83.75,139.2,92.8
2024-09-19,1976.0,3253.0,1528.0,1276.0,75.93,83.68,139.2,92.8
2024-09-20,1977.0,3235.0,1538.0,1289.0,75.96,83.57,139.2,92.8
2024-09-23,1999.0,3275.0,1552.0,1301.0,74.95,83.53,139.2,92.8
2024-09-24,2014.0,3301.0,1560.0,1312.0,75.29,83.66,139.2,92.8
2024-09-25,2016.0,3315.0,1543.0,1317.0,75.4,83.56,139.2,92.8
2024-09-26,2091.0,3580.0,1498.0,1314.0,73.06,83.6,139.2,92.8
2024-09-27,2110.0,3689.0,1446.0,1306.0,71.63,83.68,139.2,92.8
2024-09-30,2084.0,3649.0,1414.0,1296.0,72.35,83.76,139.2,92.8
2024-10-01,2030.0,3524.0,1386.0,1283.0,75.3,83.81,146.6,101.4
2024-10-02,1978.0,3399.0,1364.0,1272.0,74.86,83.81,146.6,101.4
2024-10-03,1941.0,3299.0,1367.0,1260.0,77.57,84.0,146.6,101.4
2024-10-04,1928.0,3243.0,1388.0,1258.0,79.32,83.99,146.6,101.4
2024-10-07,1907.0,3161.0,1415.0,1257.0,81.74,83.96,146.6,101.4
2024-10-08,1860.0,2989.0,1441.0,1264.0,78.19,83.95,146.6,101.4
2024-10-09,1799.0,2786.0,1457.0,1270.0,77.06,83.93,146.6,101.4
2024-10-10,1790.0,2755.0,1455.0,1274.0,79.45,83.94,146.6,101.4
2024-10-11,1809.0,2835.0,1435.0,1269.0,80.27,84.08,146.6,101.4
2024-10-14,1814.0,2878.0,1409.0,1262.0,78.47,84.05000000000001,146.6,101.4
2024-10-15,1766.0,2773.0,1364.0,1260.0,73.68,84.04,146.6,101.4
2024-10-16,1676.0,2552.0,1309.0,1257.0,73.65,84.01,146.6,101.4
2024-10-17,1594.0,2322.0,1288.0,1254.0,74.37,84.04,146.6,101.4
2024-10-18,1576.0,2276.0,1285.0,1250.0,72.75,84.03,146.6,101.4
2024-10-21,1546.0,2191.0,1278.0,1250.0,73.29,84.07,146.6,101.4
2024-10-22,1480.0,2008.0,1260.0,1249.0,75.59,84.06,146.6,101.4
2024-10-23,1445.0,1921.0,1238.0,1249.0,74.68,84.06,146.6,101.4
2024-10-24,1417.0,1859.0,1216.0,1245.0,74.27,84.05,146.6,101.4
2024-10-25,1410.0,1856.0,1201.0,1240.0,75.62,84.06,146.6,101.4
2024-10-28,1382.0,1786.0,1190.0,1234.0,71.87,84.05,146.6,101.4
2024-10-29,1402.0,1859.0,1195.0,1221.0,71.09,84.04,146.6,101.4
2024-10-30,1395.0,1846.0,1202.0,1207.0,73.21,84.07,146.6,101.4
2024-10-31,1388.0,1853.0,1204.0,1182.0,73.25,84.06,146.6,101.4
2024-11-01,1378.0,1848.0,1199.0,1163.0,73.63,84.03,142.1,100.5
2024-11-04,1374.0,1849.0,1195.0,1154.0,74.89,84.11,142.1,100.5
2024-11-05,1405.0,1967.0,1191.0,1136.0,76.98,84.1,142.1,100.5
2024-11-06,1427.0,2060.0,1185.0,1118.0,76.52,84.31,142.1,100.5
2024-11-07,1451.0,2162.0,1178.0,1098.0,75.73,84.37,142.1,100.5
2024-11-08,1495.0,2316.0,1176.0,1079.0,74.04,84.34,142.1,100.5
2024-11-11,1558.0,2517.0,1182.0,1064.0,72.19,84.37,142.1,100.5
2024-11-12,1634.0,2753.0,1194.0,1051.0,72.56,84.38,142.1,100.5
2024-11-13,1630.0,2746.0,1208.0,1036.0,72.86,84.39,142.1,100.5
2024-11-14,1692.0,2936.0,1213.0,1029.0,73.39,84.42,142.1,100.5
2024-11-15,1785.0,3229.0,1212.0,1019.0,73.45,84.41,142.1,100.5
2024-11-18,1756.0,3162.0,1202.0,1009.0,74.35,84.37,142.1,100.5
2024-11-19,1627.0,2808.0,1171.0,999.0,74.32,84.36,142.1,100.5
2024-11-20,1616.0,2810.0,1138.0,992.0,74.33,84.41,142.1,100.5
2024-11-21,1576.0,2724.0,1106.0,987.0,75.09,84.48,142.1,100.5
2024-11-22,1537.0,2626.0,1083.0,984.0,76.1,84.44,142.1,100.5
2024-11-25,1529.0,2613.0,1068.0,984.0,74.27,84.24,142.1,100.5
2024-11-26,1581.0,2779.0,1056.0,985.0,74.56,84.27,142.1,100.5
2024-11-27,1509.0,2569.0,1044.0,988.0,73.91,84.41,142.1,100.5
2024-11-28,1419.0,2312.0,1028.0,989.0,73.92,84.445,142.1,100.5
2024-11-29,1354.0,2133.0,1018.0,980.0,74.16,84.48,142.1,100.5
2024-12-02,1298.0,1973.0,1009.0,979.0,72.81,84.74,129.8,102.2
2024-12-03,1237.0,1792.0,1005.0,979.0,74.8,84.68,129.8,102.2
2024-12-04,1180.0,1609.0,1014.0,982.0,74.68,84.69,129.8,102.2
2024-12-05,1160.0,1530.0,1040.0,979.0,73.78,84.68,129.8,102.2
2024-12-06,1167.0,1535.0,1067.0,974.0,73.78,84.67,129.8,102.2
2024-12-09,1168.0,1532.0,1079.0,971.0,73.73,84.72,129.8,102.2
2024-12-10,1156.0,1503.0,1077.0,967.0,73.64,84.84,129.8,102.2
2024-12-11,1106.0,1377.0,1053.0,962.0,74.38,84.8,129.8,102.2
2024-12-12,1055.0,1252.0,1021.0,961.0,73.52,84.84,129.8,102.2
2024-12-13,1051.0,1263.0,995.0,959.0,74.89,84.78,129.8,102.2
2024-12-16,1071.0,1340.0,977.0,955.0,74.3,84.89,129.8,102.2
2024-12-17,1053.0,1308.0,959.0,949.0,73.16,84.91,129.8,102.2
2024-12-18,1028.0,1237.0,957.0,947.0,74.57,84.95,129.8,102.2
2024-12-19,976.0,1079.0,964.0,944.0,73.75,85.09,129.8,102.2
2024-12-20,990.0,1115.0,976.0,940.0,73.19,85.02,129.8,102.2
2024-12-23,994.0,1132.0,980.0,932.0,72.12,85.1,129.8,102.2
2024-12-24,997.0,1147.0,988.0,923.0,73.5,85.14,129.8,102.2
2024-12-26,1004.1111111111111,1172.3333333333333,990.6666666666666,917.6666666666666,73.67999999999999,85.25,129.8,102.2
2024-12-27,1007.6666666666666,1185.0,992.0,915.0,73.77,85.53,129.8,102.2
2024-12-30,1018.3333333333334,1223.0,996.0,907.0,74.24,85.47,129.8,102.2
2024-12-31,1021.8888888888889,1235.6666666666667,997.3333333333334,904.3333333333334,74.58,85.55,129.8,102.2
2025-01-02,1029.0,1261.0,1000.0,899.0,76.14,85.75,118.6,99.6
2025-01-03,1072.0,1375.0,1040.0,884.0,76.72,85.75,118.6,99.6
2025-01-06,1043.0,1290.0,1061.0,867.0,77.27,85.7,118.6,99.6
2025-01-07,1015.0,1218.0,1061.0,856.0,77.84,85.74,118.6,99.6
2025-01-08,966.0,1100.0,1037.0,846.0,77.37,85.89,118.6,99.6
2025-01-09,969.0,1164.0,992.0,830.0,78.44,85.87,118.6,99.6
2025-01-10,1048.0,1448.0,953.0,819.0,79.76,85.96,118.6,99.6
2025-01-13,1093.0,1615.0,926.0,809.0,82.69,86.69,118.6,99.6
2025-01-14,1080.0,1604.0,906.0,798.0,82.39,86.63,118.6,99.6
2025-01-15,1063.0,1581.0,894.0,783.0,83.48,86.37,118.6,99.6
2025-01-16,1023.0,1482.0,896.0,765.0,82.39,86.57,118.6,99.6
2025-01-17,987.0,1393.0,897.0,747.0,83.02,86.55,118.6,99.6
2025-01-20,957.0,1327.0,893.0,727.0,81.68,86.57249999999999,118.6,99.6
2025-01-21,928.0,1284.0,874.0,703.0,80.57,86.58,118.6,99.6
2025-01-22,893.0,1236.0,843.0,674.0,80.0,86.34,118.6,99.6
2025-01-23,824.0,1081.0,804.0,654.0,78.62,86.42,118.6,99.6
2025-01-24,778.0,983.0,774.0,639.0,78.71,86.2,118.6,99.6
2025-01-27,761.0,958.0,759.0,629.0,77.3,86.34,118.6,99.6
2025-01-28,746.0,931.0,748.0,619.0,78.01,86.52,118.6,99.6
2025-01-29,726.0,876.0,751.0,612.0,77.02,86.61,118.6,99.6
2025-01-30,715.0,841.0,767.0,605.0,77.42,86.55,118.6,99.6
2025-01-31,735.0,874.0,800.0,603.0,77.11,86.54,118.6,99.6
2025-02-03,738.0,861.0,830.0,602.0,76.49,87.19,106.9,105.1
2025-02-04,753.0,844.0,901.0,605.0,76.58,87.06,106.9,105.1
2025-02-05,771.0,812.0,988.0,619.0,74.71,87.08,106.9,105.1
2025-02-06,793.0,812.0,1029.0,649.0,74.54,87.57,106.9,105.1
2025-02-07,815.0,840.0,1035.0,677.0,74.68,87.43,106.9,105.1
2025-02-10,809.0,810.0,1028.0,694.0,76.23,87.45,106.9,105.1
2025-02-11,801.0,779.0,1011.0,710.0,77.65,86.76,106.9,105.1
2025-02-12,776.0,711.0,983.0,724.0,75.38,86.9,106.9,105.1
2025-02-13,780.0,711.0,974.0,741.0,75.61,86.89,106.9,105.1
2025-02-14,792.0,716.0,980.0,765.0,75.19,86.82,106.9,105.1
2025-02-17,806.0,725.0,997.0,781.0,75.81,86.925,106.9,105.1
2025-02-18,841.0,757.0,1042.0,813.0,76.46,86.96,106.9,105.1
2025-02-19,904.0,867.0,1104.0,839.0,76.34,86.96,106.9,105.1
2025-02-20,941.0,917.0,1144.0,866.0,76.95,86.65,106.9,105.1
2025-02-21,981.0,991.0,1170.0,886.0,74.88,86.7,106.9,105.1
2025-02-24,1002.0,1039.0,1177.0,895.0,74.89,86.72,106.9,105.1
2025-02-25,1039.0,1159.0,1156.0,904.0,73.11,87.2,106.9,105.1
2025-02-26,1112.0,1397.0,1128.0,907.0,73.49,87.2,106.9,105.1
2025-02-27,1159.0,1573.0,1092.0,903.0,75.01,87.17,106.9,105.1
2025-02-28,1229.0,1818.0,1063.0,895.0,74.76,87.5,106.9,105.1
2025-03-03,1276.0,1980.0,1045.0,887.0,72.85,87.35,104.0,100.1
2025-03-04,1262.0,1969.0,1024.0,876.0,72.31,87.26,104.0,100.1
2025-03-05,1228.0,1894.0,1000.0,868.0,70.92,86.95,104.0,100.1
2025-03-06,1286.0,2082.0,992.0,864.0,71.08,87.11,104.0,100.1
2025-03-07,1400.0,2124.0,1018.0714285714286,874.4285714285714,72.49,86.88,104.0,100.1
2025-03-10,1424.0,2250.0,1096.2857142857142,905.7142857142857,71.08,87.27,104.0,100.1
2025-03-11,1436.0,2292.0,1122.357142857143,916.1428571428571,71.51,87.16,104.0,100.1
2025-03-12,1559.0,2334.0,1148.4285714285716,926.5714285714286,72.36,87.16,104.0,100.1
2025-03-13,1650.0,2376.0,1174.5,937.0,70.82,87.0,104.0,100.1
2025-03-14,1669.0,2418.0,1200.5714285714287,947.4285714285714,71.94,87.0,104.0,100.1
2025-03-17,1658.0,2544.0,1278.7857142857142,978.7142857142857,71.93,86.79,104.0,100.1
2025-03-18,1650.0,2586.0,1304.857142857143,989.1428571428571,71.93,86.5,104.0,100.1
2025-03-19,1637.0,2628.0,1330.9285714285716,999.5714285714286,71.94,86.43,104.0,100.1
2025-03-20,1635.0,2670.0,1357.0,1010.0,72.61,86.31,104.0,100.1
