Date,BDI,BCI,BPI,BSI,Brent,USD_INR,Coal,Iron_Ore,Year,Month,Quarter,Day_of_Week,BDI_Lag_1,BDI_Lag_7,BDI_Lag_14,BDI_Lag_30,BCI_Lag_1,BCI_Lag_7,BPI_Lag_1,BPI_Lag_7,BSI_Lag_1,BSI_Lag_7,BDI_Rolling_Mean_7,BDI_Rolling_Mean_14,BDI_Rolling_Mean_30,Brent_Lag_1,Brent_Lag_7,USD_INR_Lag_1,USD_INR_Lag_7,Coal_Lag_1,Coal_Lag_7,Iron_Ore_Lag_1,Iron_Ore_Lag_7,BDI_Target
2012-09-12,661.0,1186.0,545.0,825.0,114.86,55.21,89.0,99.5,2012,9,3,2,662.0,698.0,715.0,878.0,1187.0,1180.0,566.0,714.0,821.0,852.0,678.1428571428571,696.2857142857143,740.0666666666667,114.86,114.7175,55.25,55.5875,89.0,89.0,99.5,99.5,1088.0
2012-09-13,663.0,1198.0,527.0,828.0,116.0,55.34,89.0,99.5,2012,9,3,3,661.0,693.0,717.0,861.0,1186.0,1186.0,545.0,686.0,825.0,849.0,672.8571428571429,692.4285714285714,732.8333333333334,114.86,114.98,55.21,55.61,89.0,89.0,99.5,99.5,1051.0
2012-09-14,662.0,1204.0,502.0,834.0,117.48,53.3,89.0,99.5,2012,9,3,4,663.0,684.0,717.0,852.0,1198.0,1188.0,527.0,647.0,828.0,845.0,668.5714285714286,688.5714285714286,726.2333333333333,116.0,113.32,55.34,55.88,89.0,89.0,99.5,99.5,1049.0
2012-09-17,663.0,1219.0,483.0,839.0,116.7,53.88,89.0,99.5,2012,9,3,0,662.0,675.0,724.0,843.0,1204.0,1186.0,502.0,617.0,834.0,837.0,665.4285714285714,684.6428571428571,719.9,117.48,114.5,53.3,55.64,89.0,89.0,99.5,99.5,1048.0
2012-09-18,697.0,1326.0,474.0,843.0,113.29,53.9,89.0,99.5,2012,9,3,1,663.0,669.0,718.0,836.0,1219.0,1186.0,483.0,599.0,839.0,832.0,663.7142857142857,680.2857142857143,713.9,116.7,113.64,53.88,55.27,89.0,89.0,99.5,99.5,1043.0
2012-09-19,722.0,1421.0,468.0,845.0,108.49,53.99,89.0,99.5,2012,9,3,2,697.0,666.0,707.0,812.0,1326.0,1188.0,474.0,582.0,843.0,827.0,667.7142857142857,678.7857142857143,709.2666666666667,113.29,113.84,53.9,55.44,89.0,89.0,99.5,99.5,1026.0
2012-09-20,755.0,1531.0,468.0,850.0,109.41,54.26,89.0,99.5,2012,9,3,3,722.0,662.0,703.0,790.0,1421.0,1187.0,468.0,566.0,845.0,821.0,675.7142857142857,679.8571428571429,706.2666666666667,108.49,114.86,53.99,55.25,89.0,89.0,99.5,99.5,1000.0
2012-09-21,774.0,1584.0,467.0,847.0,111.27,53.46,89.0,99.5,2012,9,3,4,755.0,661.0,698.0,774.0,1531.0,1186.0,468.0,545.0,850.0,825.0,689.0,683.5714285714286,705.1,109.41,114.86,54.26,55.21,89.0,89.0,99.5,99.5,986.0
2012-09-24,772.0,1578.0,461.0,847.0,109.2,53.43,89.0,99.5,2012,9,3,0,774.0,663.0,693.0,764.0,1584.0,1198.0,467.0,527.0,847.0,828.0,705.1428571428571,689.0,705.1,111.27,116.0,53.46,55.34,89.0,89.0,99.5,99.5,971.0
2012-09-25,763.0,1568.0,441.0,847.0,110.77,53.36,89.0,99.5,2012,9,3,1,772.0,662.0,684.0,750.0,1578.0,1204.0,461.0,502.0,847.0,834.0,720.7142857142857,694.6428571428571,705.3666666666667,109.2,117.48,53.43,53.3,89.0,89.0,99.5,99.5,947.0
2012-09-26,752.0,1549.0,426.0,844.0,108.99,53.52,89.0,99.5,2012,9,3,2,763.0,663.0,675.0,728.0,1568.0,1219.0,441.0,483.0,847.0,839.0,735.1428571428571,700.2857142857143,705.8,110.77,116.7,53.36,53.88,89.0,89.0,99.5,99.5,916.0
2012-09-27,744.0,1548.0,418.0,836.0,111.45,52.99,89.0,99.5,2012,9,3,3,752.0,697.0,669.0,720.0,1549.0,1326.0,426.0,474.0,844.0,843.0,747.8571428571429,705.7857142857143,706.6,108.99,113.29,53.52,53.9,89.0,89.0,99.5,99.5,916.0
2012-09-28,766.0,1621.0,425.0,830.0,111.36,52.92,89.0,99.5,2012,9,3,4,744.0,722.0,666.0,714.0,1548.0,1421.0,418.0,468.0,836.0,845.0,754.5714285714286,711.1428571428571,707.4,111.45,108.49,52.99,53.99,89.0,89.0,99.5,99.5,940.0
2012-10-01,777.0,1660.0,439.0,825.0,112.58,52.46,81.9,114.0,2012,10,4,0,766.0,755.0,662.0,711.0,1621.0,1531.0,425.0,468.0,830.0,850.0,760.8571428571429,718.2857142857143,709.1333333333333,111.36,109.41,52.92,54.26,89.0,89.0,99.5,99.5,965.0
2012-10-02,778.0,1676.0,463.0,818.0,112.49,52.42,81.9,114.0,2012,10,4,1,777.0,774.0,661.0,709.0,1660.0,1584.0,439.0,467.0,825.0,847.0,764.0,726.5,711.3333333333334,112.58,111.27,52.46,53.46,81.9,89.0,114.0,99.5,985.0
2012-10-03,798.0,1738.0,496.0,810.0,109.32,52.25,81.9,114.0,2012,10,4,2,778.0,772.0,663.0,712.0,1676.0,1578.0,463.0,461.0,818.0,847.0,764.5714285714286,734.8571428571429,713.6333333333333,112.49,109.2,52.42,53.43,81.9,89.0,114.0,99.5,1011.0
2012-10-04,845.0,1873.0,544.0,802.0,110.48,51.74,81.9,114.0,2012,10,4,3,798.0,763.0,662.0,715.0,1738.0,1568.0,496.0,441.0,810.0,847.0,768.2857142857143,744.5,716.5,109.32,110.77,52.25,53.36,81.9,89.0,114.0,99.5,1024.0
2012-10-05,875.0,1932.0,598.0,795.0,112.17,51.77,81.9,114.0,2012,10,4,4,845.0,752.0,663.0,717.0,1873.0,1549.0,544.0,426.0,802.0,844.0,780.0,757.5714285714286,720.8333333333334,110.48,108.99,51.74,53.52,81.9,89.0,114.0,99.5,1036.0
2012-10-08,883.0,1921.0,647.0,791.0,112.6,52.49,81.9,114.0,2012,10,4,0,875.0,744.0,697.0,717.0,1932.0,1548.0,598.0,418.0,795.0,836.0,797.5714285714286,772.7142857142857,726.1,112.17,111.45,51.77,52.99,81.9,89.0,114.0,99.5,1054.0
2012-10-09,875.0,1829.0,712.0,789.0,114.32,52.73,81.9,114.0,2012,10,4,1,883.0,766.0,722.0,724.0,1921.0,1621.0,647.0,425.0,791.0,830.0,817.4285714285714,786.0,731.6333333333333,112.6,111.36,52.49,52.92,81.9,89.0,114.0,99.5,1066.0
2012-10-10,875.0,1775.0,784.0,787.0,116.11,53.05,81.9,114.0,2012,10,4,2,875.0,777.0,755.0,718.0,1829.0,1660.0,712.0,439.0,789.0,825.0,833.0,796.9285714285714,736.6666666666666,114.32,112.58,52.73,52.46,81.9,81.9,114.0,114.0,1073.0
2012-10-11,903.0,1833.0,843.0,783.0,116.18,52.66,81.9,114.0,2012,10,4,3,875.0,778.0,774.0,707.0,1775.0,1676.0,784.0,463.0,787.0,818.0,847.0,805.5,741.9,116.11,112.49,53.05,52.42,81.9,81.9,114.0,114.0,1084.0
2012-10-12,926.0,1914.0,871.0,776.0,115.17,52.81,81.9,114.0,2012,10,4,4,903.0,798.0,772.0,703.0,1833.0,1738.0,843.0,496.0,783.0,810.0,864.8571428571429,814.7142857142857,748.4333333333333,116.18,109.32,52.66,52.25,81.9,81.9,114.0,114.0,1090.0
2012-10-15,941.0,1960.0,885.0,768.0,115.0,53.09,81.9,114.0,2012,10,4,0,926.0,845.0,763.0,698.0,1914.0,1873.0,871.0,544.0,776.0,802.0,883.1428571428571,825.7142857142857,755.8666666666667,115.17,110.48,52.81,51.74,81.9,81.9,114.0,114.0,1094.0
2012-10-16,981.0,2103.0,904.0,754.0,115.0,52.89,81.9,114.0,2012,10,4,1,941.0,875.0,752.0,693.0,1960.0,1932.0,885.0,598.0,768.0,795.0,896.8571428571429,838.4285714285714,763.9666666666667,115.0,112.17,53.09,51.77,81.9,81.9,114.0,114.0,1097.0
2012-10-17,999.0,2162.0,904.0,746.0,113.49,52.86,81.9,114.0,2012,10,4,2,981.0,883.0,744.0,684.0,2103.0,1921.0,904.0,647.0,754.0,791.0,912.0,854.7857142857143,773.5666666666667,115.0,112.6,52.89,52.49,81.9,81.9,114.0,114.0,1104.0
2012-10-18,989.0,2135.0,895.0,740.0,112.58,53.46,81.9,114.0,2012,10,4,3,999.0,875.0,766.0,675.0,2162.0,1829.0,904.0,712.0,746.0,789.0,928.5714285714286,873.0,784.0666666666667,113.49,114.32,52.86,52.73,81.9,81.9,114.0,114.0,1097.0
2012-10-19,1010.0,2217.0,879.0,732.0,111.89,54.08,81.9,114.0,2012,10,4,4,989.0,875.0,777.0,669.0,2135.0,1775.0,895.0,784.0,740.0,787.0,944.8571428571429,888.9285714285714,794.5333333333333,112.58,116.11,53.46,53.05,81.9,81.9,114.0,114.0,1086.0
2012-10-22,1037.0,2332.0,861.0,721.0,109.62,53.51,81.9,114.0,2012,10,4,0,1010.0,903.0,778.0,666.0,2217.0,1833.0,879.0,843.0,732.0,783.0,964.1428571428571,905.5714285714286,805.9,111.89,116.18,54.08,52.66,81.9,81.9,114.0,114.0,1077.0
2012-10-23,1109.0,2587.0,843.0,716.0,107.53,53.72,81.9,114.0,2012,10,4,1,1037.0,926.0,798.0,662.0,2332.0,1914.0,861.0,871.0,721.0,776.0,983.2857142857143,924.0714285714286,818.2666666666667,109.62,115.17,53.51,52.81,81.9,81.9,114.0,114.0,1054.0
2012-10-24,1088.0,2530.0,825.0,712.0,107.66,53.73,81.9,114.0,2012,10,4,2,1109.0,941.0,845.0,661.0,2587.0,1960.0,843.0,885.0,716.0,768.0,1009.4285714285714,946.2857142857143,833.1666666666666,107.53,115.0,53.72,53.09,81.9,81.9,114.0,114.0,1022.0
2012-10-25,1051.0,2432.0,811.0,706.0,107.64,53.55,81.9,114.0,2012,10,4,3,1088.0,981.0,875.0,663.0,2530.0,2103.0,825.0,904.0,712.0,754.0,1030.4285714285713,963.6428571428571,847.4,107.66,115.0,53.73,52.89,81.9,81.9,114.0,114.0,990.0
2012-10-26,1049.0,2451.0,804.0,699.0,108.9,53.55,81.9,114.0,2012,10,4,4,1051.0,999.0,883.0,662.0,2432.0,2162.0,811.0,904.0,706.0,746.0,1040.4285714285713,976.2142857142857,860.3333333333334,107.64,113.49,53.55,52.86,81.9,81.9,114.0,114.0,966.0
2012-10-29,1048.0,2460.0,799.0,693.0,109.33,54.1,81.9,114.0,2012,10,4,0,1049.0,989.0,875.0,663.0,2451.0,2135.0,804.0,895.0,699.0,740.0,1047.5714285714287,988.0714285714286,873.2333333333333,108.9,112.58,53.55,53.46,81.9,81.9,114.0,114.0,937.0
2012-10-30,1043.0,2458.0,792.0,689.0,109.4,53.96,81.9,114.0,2012,10,4,1,1048.0,1010.0,875.0,697.0,2460.0,2217.0,799.0,879.0,693.0,732.0,1056.0,1000.4285714285714,886.0666666666667,109.33,111.89,54.1,54.08,81.9,81.9,114.0,114.0,900.0
2012-10-31,1026.0,2419.0,782.0,678.0,109.89,53.8,81.9,114.0,2012,10,4,2,1043.0,1037.0,903.0,722.0,2458.0,2332.0,792.0,861.0,689.0,721.0,1060.7142857142858,1012.4285714285714,897.6,109.4,109.62,53.96,53.51,81.9,81.9,114.0,114.0,826.0
2012-11-01,1000.0,2355.0,770.0,671.0,108.84,53.76,85.9,120.4,2012,11,4,3,1026.0,1109.0,926.0,755.0,2419.0,2587.0,782.0,843.0,678.0,716.0,1059.142857142857,1021.2142857142857,907.7333333333333,109.89,107.53,53.8,53.72,81.9,81.9,114.0,114.0,799.0
2012-11-02,986.0,2304.0,766.0,669.0,106.79,53.75,85.9,120.4,2012,11,4,4,1000.0,1088.0,941.0,774.0,2355.0,2530.0,770.0,825.0,671.0,712.0,1043.5714285714287,1026.5,915.9,108.84,107.66,53.76,53.73,85.9,81.9,120.4,114.0,784.0
2012-11-05,971.0,2261.0,757.0,662.0,105.59,54.6,85.9,120.4,2012,11,4,0,986.0,1051.0,981.0,772.0,2304.0,2432.0,766.0,811.0,669.0,706.0,1029.0,1029.7142857142858,922.9666666666667,106.79,107.64,53.75,53.55,85.9,81.9,120.4,114.0,766.0
2012-11-06,947.0,2186.0,747.0,654.0,109.27,54.42,85.9,120.4,2012,11,4,1,971.0,1049.0,999.0,763.0,2261.0,2451.0,757.0,804.0,662.0,699.0,1017.5714285714286,1029.0,929.6,105.59,108.9,54.6,53.55,85.9,81.9,120.4,114.0,743.0
2012-11-07,916.0,2098.0,737.0,647.0,108.21,54.37,85.9,120.4,2012,11,4,2,947.0,1048.0,989.0,752.0,2186.0,2460.0,747.0,799.0,654.0,693.0,1003.0,1025.2857142857142,935.7333333333333,109.27,109.33,54.42,54.1,85.9,81.9,120.4,114.0,720.0
2012-11-08,916.0,2119.0,726.0,644.0,107.23,54.3,85.9,120.4,2012,11,4,3,916.0,1043.0,1010.0,744.0,2098.0,2458.0,737.0,792.0,647.0,689.0,984.1428571428571,1020.0714285714286,941.2,108.21,109.4,54.37,53.96,85.9,81.9,120.4,114.0,708.0
2012-11-09,940.0,2203.0,722.0,649.0,108.61,54.61,85.9,120.4,2012,11,4,4,916.0,1026.0,1037.0,766.0,2119.0,2419.0,726.0,782.0,644.0,678.0,966.0,1013.3571428571429,946.9333333333333,107.23,109.89,54.3,53.8,85.9,81.9,120.4,114.0,700.0
2012-11-12,965.0,2283.0,720.0,652.0,110.23,54.7675,85.9,120.4,2012,11,4,0,940.0,1000.0,1109.0,777.0,2203.0,2355.0,722.0,770.0,649.0,671.0,953.7142857142857,1006.4285714285714,952.7333333333333,108.61,108.84,54.61,53.76,85.9,85.9,120.4,120.4,699.0
2012-11-13,985.0,2327.0,732.0,653.0,108.82,54.82,85.9,120.4,2012,11,4,1,965.0,986.0,1088.0,778.0,2283.0,2304.0,720.0,766.0,652.0,669.0,948.7142857142857,996.1428571428571,959.0,110.23,106.79,54.7675,53.75,85.9,85.9,120.4,120.4,698.7777777777778
2012-11-14,1011.0,2375.0,774.0,655.0,109.66,54.87,85.9,120.4,2012,11,4,2,985.0,971.0,1051.0,798.0,2327.0,2261.0,732.0,757.0,653.0,662.0,948.5714285714286,988.7857142857143,965.9,108.82,105.59,54.82,54.6,85.9,85.9,120.4,120.4,698.6666666666666
2012-11-15,1024.0,2350.0,846.0,664.0,110.07,54.65,85.9,120.4,2012,11,4,3,1011.0,947.0,1049.0,845.0,2375.0,2186.0,774.0,747.0,655.0,654.0,954.2857142857143,985.9285714285714,973.0,109.66,109.27,54.87,54.42,85.9,85.9,120.4,120.4,698.5555555555555
2012-11-16,1036.0,2347.0,886.0,674.0,106.81,55.16,85.9,120.4,2012,11,4,4,1024.0,916.0,1048.0,875.0,2350.0,2098.0,846.0,737.0,664.0,647.0,965.2857142857143,984.1428571428571,978.9666666666667,110.07,108.21,54.65,54.37,85.9,85.9,120.4,120.4,698.2222222222222
2012-11-19,1054.0,2369.0,902.0,687.0,110.06,55.05,85.9,120.4,2012,11,4,0,1036.0,916.0,1043.0,883.0,2347.0,2119.0,886.0,726.0,674.0,644.0,982.4285714285714,983.2857142857143,984.3333333333334,106.81,107.23,55.16,54.3,85.9,85.9,120.4,120.4,698.0
2012-11-20,1066.0,2367.0,933.0,695.0,110.01,55.1,85.9,120.4,2012,11,4,1,1054.0,940.0,1026.0,875.0,2369.0,2203.0,902.0,722.0,687.0,649.0,1002.1428571428571,984.0714285714286,990.0333333333333,110.06,108.61,55.05,54.61,85.9,85.9,120.4,120.4,700.0
2012-11-21,1073.0,2335.0,963.0,706.0,110.81,55.14,85.9,120.4,2012,11,4,2,1066.0,965.0,1000.0,875.0,2367.0,2283.0,933.0,720.0,695.0,652.0,1020.1428571428571,986.9285714285714,996.4,110.01,110.23,55.1,54.7675,85.9,85.9,120.4,120.4,706.0
2012-11-22,1084.0,2318.0,991.0,716.0,110.475,55.29,85.9,120.4,2012,11,4,3,1073.0,985.0,986.0,903.0,2335.0,2327.0,963.0,732.0,706.0,653.0,1035.5714285714287,992.1428571428571,1003.0,110.81,108.82,55.14,54.82,85.9,85.9,120.4,120.4,712.0
2012-11-23,1090.0,2288.0,1013.0,724.0,110.14,55.44,85.9,120.4,2012,11,4,4,1084.0,1011.0,971.0,926.0,2318.0,2375.0,991.0,774.0,716.0,655.0,1049.7142857142858,999.1428571428571,1009.0333333333333,110.475,109.66,55.29,54.87,85.9,85.9,120.4,120.4,734.0
2012-11-26,1094.0,2277.0,1021.0,732.0,110.18,55.63,85.9,120.4,2012,11,4,0,1090.0,1024.0,947.0,941.0,2288.0,2350.0,1013.0,846.0,724.0,664.0,1061.0,1007.6428571428571,1014.5,110.14,110.07,55.44,54.65,85.9,85.9,120.4,120.4,743.0
2012-11-27,1097.0,2275.0,1023.0,742.0,109.33,55.35,85.9,120.4,2012,11,4,1,1094.0,1036.0,916.0,981.0,2277.0,2347.0,1021.0,886.0,732.0,674.0,1071.0,1018.1428571428571,1019.6,110.18,106.81,55.63,55.16,85.9,85.9,120.4,120.4,751.0
2012-11-28,1104.0,2275.0,1009.0,751.0,108.26,55.7,85.9,120.4,2012,11,4,2,1097.0,1054.0,916.0,999.0,2275.0,2369.0,1023.0,902.0,742.0,687.0,1079.7142857142858,1031.0714285714287,1023.4666666666667,109.33,110.06,55.35,55.05,85.9,85.9,120.4,120.4,760.0
2012-11-29,1097.0,2241.0,994.0,760.0,110.47,54.71,85.9,120.4,2012,11,4,3,1104.0,1066.0,940.0,989.0,2275.0,2367.0,1009.0,933.0,751.0,695.0,1086.857142857143,1044.5,1026.9666666666667,108.26,110.01,55.7,55.1,85.9,85.9,120.4,120.4,762.0
2012-11-30,1086.0,2199.0,980.0,766.0,110.84,54.26,85.9,120.4,2012,11,4,4,1097.0,1073.0,965.0,1010.0,2241.0,2335.0,994.0,963.0,760.0,706.0,1091.2857142857142,1055.7142857142858,1030.5666666666666,110.47,110.81,54.71,55.14,85.9,85.9,120.4,120.4,765.0
2012-12-03,1077.0,2166.0,973.0,772.0,111.27,54.66,92.9,128.5,2012,12,4,0,1086.0,1084.0,985.0,1037.0,2199.0,2318.0,980.0,991.0,766.0,716.0,1093.142857142857,1064.357142857143,1033.1,110.84,110.475,54.26,55.29,85.9,85.9,120.4,120.4,781.0
2012-12-04,1054.0,2095.0,962.0,771.0,109.99,54.73,92.9,128.5,2012,12,4,1,1077.0,1090.0,1011.0,1109.0,2166.0,2288.0,973.0,1013.0,772.0,724.0,1092.142857142857,1070.9285714285713,1034.4333333333334,111.27,110.14,54.66,55.44,92.9,85.9,128.5,120.4,820.0
2012-12-05,1022.0,2000.0,949.0,768.0,108.96,54.46,92.9,128.5,2012,12,4,2,1054.0,1094.0,1024.0,1088.0,2095.0,2277.0,962.0,1021.0,771.0,732.0,1087.0,1074.0,1032.6,109.99,110.18,54.73,55.63,92.9,85.9,128.5,120.4,837.0
2012-12-06,990.0,1897.0,940.0,765.0,108.01,54.31,92.9,128.5,2012,12,4,3,1022.0,1097.0,1036.0,1051.0,2000.0,2275.0,949.0,1023.0,768.0,742.0,1076.7142857142858,1073.857142857143,1030.4,108.96,109.33,54.46,55.35,92.9,85.9,128.5,120.4,838.0
2012-12-07,966.0,1832.0,936.0,760.0,107.16,54.35,92.9,128.5,2012,12,4,4,990.0,1104.0,1054.0,1049.0,1897.0,2275.0,940.0,1009.0,765.0,751.0,1061.4285714285713,1070.5714285714287,1028.3666666666666,108.01,108.26,54.31,55.7,92.9,85.9,128.5,120.4,825.0
2012-12-10,937.0,1762.0,928.0,751.0,108.25,54.42,92.9,128.5,2012,12,4,0,966.0,1097.0,1066.0,1048.0,1832.0,2241.0,936.0,994.0,760.0,760.0,1041.7142857142858,1064.2857142857142,1025.6,107.16,110.47,54.35,54.71,92.9,85.9,128.5,120.4,817.0
2012-12-11,900.0,1652.0,914.0,751.0,107.6,54.31,92.9,128.5,2012,12,4,1,937.0,1086.0,1073.0,1043.0,1762.0,2199.0,928.0,980.0,751.0,766.0,1018.8571428571429,1055.0714285714287,1021.9,108.25,110.84,54.42,54.26,92.9,85.9,128.5,120.4,808.0
2012-12-12,826.0,1446.0,894.0,748.0,110.17,54.23,92.9,128.5,2012,12,4,2,900.0,1077.0,1084.0,1026.0,1652.0,2166.0,914.0,973.0,751.0,772.0,992.2857142857143,1042.7142857142858,1017.1333333333333,107.6,111.27,54.31,54.66,92.9,92.9,128.5,128.5,798.0
2012-12-13,799.0,1407.0,871.0,746.0,110.18,54.36,92.9,128.5,2012,12,4,3,826.0,1054.0,1090.0,1000.0,1446.0,2095.0,894.0,962.0,748.0,771.0,956.4285714285714,1024.2857142857142,1010.4666666666667,110.17,109.99,54.23,54.73,92.9,92.9,128.5,128.5,792.0
2012-12-14,784.0,1440.0,839.0,745.0,109.28,54.49,92.9,128.5,2012,12,4,4,799.0,1022.0,1094.0,986.0,1407.0,2000.0,871.0,949.0,746.0,768.0,920.0,1003.5,1003.7666666666667,110.18,108.96,54.36,54.46,92.9,92.9,128.5,128.5,779.0
2012-12-17,766.0,1403.0,815.0,742.0,109.35,54.68,92.9,128.5,2012,12,4,0,784.0,990.0,1097.0,971.0,1440.0,1897.0,839.0,940.0,745.0,765.0,886.0,981.3571428571429,997.0333333333333,109.28,108.01,54.49,54.31,92.9,92.9,128.5,128.5,767.0
2012-12-18,743.0,1315.0,793.0,738.0,109.96,54.91,92.9,128.5,2012,12,4,1,766.0,966.0,1104.0,947.0,1403.0,1832.0,815.0,936.0,742.0,760.0,854.0,957.7142857142857,990.2,109.35,107.16,54.68,54.35,92.9,92.9,128.5,128.5,760.0
2012-12-19,720.0,1233.0,765.0,738.0,109.95,54.67,92.9,128.5,2012,12,4,2,743.0,937.0,1097.0,916.0,1315.0,1762.0,793.0,928.0,738.0,751.0,822.1428571428571,931.9285714285714,983.4,109.96,108.25,54.91,54.42,92.9,92.9,128.5,128.5,750.0
2012-12-20,708.0,1226.0,734.0,735.0,110.57,54.92,92.9,128.5,2012,12,4,3,720.0,900.0,1086.0,916.0,1233.0,1652.0,765.0,914.0,738.0,751.0,791.1428571428571,905.0,976.8666666666667,109.95,107.6,54.67,54.31,92.9,92.9,128.5,128.5,745.0
2012-12-21,700.0,1228.0,710.0,732.0,109.13,55.06,92.9,128.5,2012,12,4,4,708.0,826.0,1077.0,940.0,1226.0,1446.0,734.0,894.0,735.0,748.0,763.7142857142857,878.0,969.9333333333333,110.57,110.17,54.92,54.23,92.9,92.9,128.5,128.5,739.0
2012-12-24,699.0,1235.0,699.0,733.25,108.44,54.95,92.9,128.5,2012,12,4,0,700.0,799.0,1054.0,965.0,1228.0,1407.0,710.0,871.0,732.0,746.0,745.7142857142857,851.0714285714286,961.9333333333333,109.13,110.18,55.06,54.36,92.9,92.9,128.5,128.5,740.0
2012-12-26,698.7777777777778,1235.4444444444443,695.8888888888889,734.0833333333334,110.72,54.86,92.9,128.5,2012,12,4,2,699.0,784.0,1022.0,985.0,1235.0,1440.0,699.0,839.0,733.25,745.0,731.4285714285714,825.7142857142857,953.0666666666667,108.44,109.28,54.95,54.49,92.9,92.9,128.5,128.5,749.0
2012-12-27,698.6666666666666,1235.6666666666667,694.3333333333334,734.5,110.04,54.94,92.9,128.5,2012,12,4,3,698.7777777777778,766.0,990.0,1011.0,1235.4444444444443,1403.0,695.8888888888889,815.0,734.0833333333334,742.0,719.2539682539682,802.6269841269841,943.5259259259259,110.72,109.35,54.86,54.68,92.9,92.9,128.5,128.5,748.0
2012-12-28,698.5555555555555,1235.888888888889,692.7777777777778,734.9166666666666,110.05,54.77,92.9,128.5,2012,12,4,4,698.6666666666666,743.0,966.0,1024.0,1235.6666666666667,1315.0,694.3333333333334,793.0,734.5,738.0,709.6349206349206,781.8174603174604,933.1148148148148,110.04,109.96,54.94,54.91,92.9,92.9,128.5,128.5,746.0
2012-12-31,698.2222222222222,1236.5555555555557,688.1111111111111,736.1666666666666,110.8,54.86,92.9,128.5,2012,12,4,0,698.5555555555555,720.0,937.0,1036.0,1235.888888888889,1233.0,692.7777777777778,765.0,734.9166666666666,738.0,703.2857142857143,762.7142857142857,922.2666666666667,110.05,109.95,54.77,54.67,92.9,92.9,128.5,128.5,747.0
2013-01-02,698.0,1237.0,685.0,737.0,112.98,54.23,92.8,150.5,2013,1,1,2,698.2222222222222,708.0,900.0,1054.0,1236.5555555555557,1226.0,688.1111111111111,734.0,736.1666666666666,735.0,700.1746031746032,745.6587301587302,911.0074074074074,110.8,110.57,54.86,54.92,92.9,92.9,128.5,128.5,751.0
2013-01-03,700.0,1254.0,675.0,739.0,113.03,54.46,92.8,150.5,2013,1,1,3,698.0,700.0,826.0,1066.0,1237.0,1228.0,685.0,710.0,737.0,732.0,698.7460317460318,731.2301587301588,899.1407407407407,112.98,109.13,54.23,55.06,92.8,92.9,150.5,128.5,748.0
2013-01-04,706.0,1285.0,670.0,739.0,112.58,54.93,92.8,150.5,2013,1,1,4,700.0,699.0,799.0,1073.0,1254.0,1235.0,675.0,699.0,739.0,733.25,698.7460317460318,722.2301587301588,886.9407407407408,113.03,108.44,54.46,54.95,92.8,92.9,150.5,128.5,753.0
2013-01-07,712.0,1319.0,670.0,739.0,112.49,55.2,92.8,150.5,2013,1,1,0,706.0,698.7777777777778,784.0,1084.0,1285.0,1235.4444444444443,670.0,695.8888888888889,739.0,734.0833333333334,699.7460317460318,715.5873015873016,874.7074074074075,112.58,110.72,54.93,54.86,92.8,92.9,150.5,128.5,747.0
2013-01-08,734.0,1386.0,682.0,740.0,113.03,55.02,92.8,150.5,2013,1,1,1,712.0,698.6666666666666,766.0,1090.0,1319.0,1235.6666666666667,670.0,694.3333333333334,739.0,734.5,701.6349206349207,710.4444444444445,862.3074074074074,112.49,110.04,55.2,54.94,92.8,92.9,150.5,128.5,738.0
2013-01-09,743.0,1384.0,717.0,741.0,113.07,54.79,92.8,150.5,2013,1,1,2,734.0,698.5555555555555,743.0,1094.0,1386.0,1235.888888888889,682.0,692.7777777777778,740.0,734.9166666666666,706.6825396825396,708.1587301587302,850.4407407407408,113.03,110.05,55.02,54.77,92.8,92.9,150.5,128.5,735.0
2013-01-10,751.0,1367.0,754.0,743.0,112.97,54.49,92.8,150.5,2013,1,1,3,743.0,698.2222222222222,720.0,1097.0,1384.0,1236.5555555555557,717.0,688.1111111111111,741.0,736.1666666666666,713.0317460317461,708.1587301587302,838.7407407407408,113.07,110.8,54.79,54.86,92.8,92.9,150.5,128.5,737.0
2013-01-11,760.0,1367.0,772.0,745.0,110.3,54.81,92.8,150.5,2013,1,1,4,751.0,698.0,708.0,1104.0,1367.0,1237.0,754.0,685.0,743.0,737.0,720.5714285714286,710.3730158730159,827.2074074074075,112.97,112.98,54.49,54.23,92.8,92.8,150.5,150.5,740.0
2013-01-14,762.0,1370.0,774.0,743.0,111.32,54.5,92.8,150.5,2013,1,1,0,760.0,700.0,700.0,1097.0,1367.0,1254.0,772.0,675.0,745.0,739.0,729.4285714285714,714.0873015873016,815.7407407407408,110.3,113.03,54.81,54.46,92.8,92.8,150.5,150.5,743.0
2013-01-15,765.0,1365.0,768.0,740.0,111.72,54.58,92.8,150.5,2013,1,1,1,762.0,706.0,699.0,1086.0,1370.0,1285.0,774.0,670.0,743.0,739.0,738.2857142857143,718.515873015873,804.5740740740741,111.32,112.58,54.5,54.93,92.8,92.8,150.5,150.5,741.0
2013-01-16,781.0,1431.0,754.0,738.0,110.97,54.66,92.8,150.5,2013,1,1,2,765.0,712.0,698.7777777777778,1077.0,1365.0,1319.0,768.0,670.0,740.0,739.0,746.7142857142857,723.2301587301588,793.8740740740741,111.72,112.49,54.58,55.2,92.8,92.8,150.5,150.5,745.0
2013-01-17,820.0,1573.0,743.0,735.0,111.01,54.35,92.8,150.5,2013,1,1,3,781.0,734.0,698.6666666666666,1054.0,1431.0,1386.0,754.0,682.0,738.0,740.0,756.5714285714286,729.1031746031747,784.0074074074074,110.97,113.03,54.66,55.02,92.8,92.8,150.5,150.5,757.0
2013-01-18,837.0,1605.0,740.0,730.0,111.71,53.82,92.8,150.5,2013,1,1,4,820.0,743.0,698.5555555555555,1022.0,1573.0,1384.0,743.0,717.0,735.0,741.0,768.8571428571429,737.7698412698412,776.2074074074075,111.01,113.07,54.35,54.79,92.8,92.8,150.5,150.5,776.0
2013-01-21,838.0,1604.0,736.0,728.0,112.4675,53.745,92.8,150.5,2013,1,1,0,837.0,751.0,698.2222222222222,990.0,1605.0,1367.0,740.0,754.0,730.0,743.0,782.2857142857143,747.6587301587302,770.0407407407407,111.71,112.97,53.82,54.49,92.8,92.8,150.5,150.5,789.0
2013-01-22,825.0,1577.0,729.0,721.0,112.72,53.72,92.8,150.5,2013,1,1,1,838.0,760.0,698.0,966.0,1604.0,1367.0,736.0,772.0,728.0,745.0,794.7142857142857,757.6428571428571,764.9740740740741,112.4675,110.3,53.745,54.81,92.8,92.8,150.5,150.5,806.0
2013-01-23,817.0,1564.0,727.0,713.0,113.68,53.66,92.8,150.5,2013,1,1,2,825.0,762.0,700.0,937.0,1577.0,1370.0,729.0,774.0,721.0,743.0,804.0,766.7142857142857,760.2740740740741,112.72,111.32,53.72,54.5,92.8,92.8,150.5,150.5,820.0
2013-01-24,808.0,1541.0,723.0,712.0,114.59,53.67,92.8,150.5,2013,1,1,3,817.0,765.0,706.0,900.0,1564.0,1365.0,727.0,768.0,713.0,740.0,811.8571428571429,775.0714285714286,756.2740740740741,113.68,111.72,53.66,54.58,92.8,92.8,150.5,150.5,834.0
2013-01-25,798.0,1520.0,718.0,711.0,113.88,53.78,92.8,150.5,2013,1,1,4,808.0,781.0,712.0,826.0,1541.0,1431.0,723.0,754.0,712.0,738.0,818.0,782.3571428571429,753.2074074074075,114.59,110.97,53.67,54.66,92.8,92.8,150.5,150.5,843.0
2013-01-28,792.0,1507.0,713.0,710.0,113.92,53.97,92.8,150.5,2013,1,1,0,798.0,820.0,734.0,799.0,1520.0,1573.0,718.0,743.0,711.0,735.0,820.4285714285714,788.5,752.2740740740741,113.88,111.01,53.78,54.35,92.8,92.8,150.5,150.5,847.0
2013-01-29,779.0,1491.0,703.0,695.0,115.22,53.64,92.8,150.5,2013,1,1,1,792.0,837.0,743.0,784.0,1507.0,1605.0,713.0,740.0,710.0,730.0,816.4285714285714,792.6428571428571,752.0407407407407,113.92,111.71,53.97,53.82,92.8,92.8,150.5,150.5,865.0
2013-01-30,767.0,1477.0,690.0,688.0,115.42,53.21,92.8,150.5,2013,1,1,2,779.0,838.0,751.0,766.0,1491.0,1604.0,703.0,736.0,695.0,728.0,808.1428571428571,795.2142857142857,751.8740740740741,115.22,112.4675,53.64,53.745,92.8,92.8,150.5,150.5,875.0
2013-01-31,760.0,1468.0,677.0,684.0,115.55,53.32,92.8,150.5,2013,1,1,3,767.0,825.0,760.0,743.0,1477.0,1577.0,690.0,729.0,688.0,721.0,798.0,796.3571428571429,751.9074074074074,115.42,112.72,53.21,53.72,92.8,92.8,150.5,150.5,880.0
2013-02-01,750.0,1454.0,664.0,682.0,115.55,53.16,94.9,154.6,2013,2,1,4,760.0,817.0,762.0,720.0,1468.0,1564.0,677.0,727.0,684.0,713.0,788.7142857142857,796.3571428571429,752.4740740740741,115.55,113.68,53.32,53.66,92.8,92.8,150.5,150.5,892.0
2013-02-04,745.0,1461.0,653.0,681.0,116.06,53.24,94.9,154.6,2013,2,1,0,750.0,808.0,765.0,708.0,1454.0,1541.0,664.0,723.0,682.0,712.0,779.1428571428571,795.5,753.4740740740741,115.55,114.59,53.16,53.67,94.9,92.8,154.6,150.5,899.0
2013-02-05,739.0,1466.0,651.0,677.0,117.03,52.99,94.9,154.6,2013,2,1,1,745.0,798.0,781.0,700.0,1461.0,1520.0,653.0,718.0,681.0,711.0,770.1428571428571,794.0714285714286,754.7074074074075,116.06,113.88,53.24,53.78,94.9,92.8,154.6,150.5,912.0
2013-02-06,740.0,1484.0,657.0,674.0,116.61,53.07,94.9,154.6,2013,2,1,2,739.0,792.0,820.0,699.0,1466.0,1507.0,651.0,713.0,677.0,710.0,761.7142857142857,791.0714285714286,756.0074074074074,117.03,113.92,52.99,53.97,94.9,92.8,154.6,150.5,923.0
2013-02-07,749.0,1481.0,695.0,671.0,117.17,53.22,94.9,154.6,2013,2,1,3,740.0,779.0,837.0,698.7777777777778,1484.0,1491.0,657.0,703.0,674.0,695.0,754.2857142857143,785.3571428571429,757.3740740740741,116.61,115.22,53.07,53.64,94.9,92.8,154.6,150.5,930.0
2013-02-08,748.0,1461.0,723.0,669.0,118.9,53.58,94.9,154.6,2013,2,1,4,749.0,767.0,838.0,698.6666666666666,1481.0,1477.0,695.0,690.0,671.0,688.0,750.0,779.0714285714286,759.0481481481481,117.17,115.42,53.22,53.21,94.9,92.8,154.6,150.5,933.0
2013-02-11,746.0,1453.0,737.0,666.0,118.29,53.95,94.9,154.6,2013,2,1,0,748.0,760.0,825.0,698.5555555555555,1461.0,1468.0,723.0,677.0,669.0,684.0,747.2857142857143,772.6428571428571,760.6925925925926,118.9,115.55,53.58,53.32,94.9,92.8,154.6,150.5,935.0
2013-02-12,747.0,1448.0,749.0,668.0,117.89,53.75,94.9,154.6,2013,2,1,1,746.0,750.0,817.0,698.2222222222222,1453.0,1454.0,737.0,664.0,666.0,682.0,745.2857142857143,767.0,762.2740740740741,118.29,115.55,53.95,53.16,94.9,94.9,154.6,154.6,931.0
2013-02-13,751.0,1448.0,782.0,664.0,118.43,53.79,94.9,154.6,2013,2,1,2,747.0,745.0,808.0,698.0,1448.0,1461.0,749.0,653.0,668.0,681.0,744.8571428571429,762.0,763.9,117.89,116.06,53.75,53.24,94.9,94.9,154.6,154.6,922.0
2013-02-14,748.0,1429.0,808.0,667.0,118.48,53.94,94.9,154.6,2013,2,1,3,751.0,739.0,798.0,700.0,1448.0,1466.0,782.0,651.0,664.0,677.0,745.7142857142857,757.9285714285714,765.6666666666666,118.43,117.03,53.79,52.99,94.9,94.9,154.6,154.6,910.0
2013-02-15,753.0,1434.0,832.0,672.0,117.4,54.28,94.9,154.6,2013,2,1,4,748.0,740.0,792.0,706.0,1429.0,1484.0,808.0,657.0,667.0,674.0,747.0,754.3571428571429,767.2666666666667,118.48,116.61,53.94,53.07,94.9,94.9,154.6,154.6,907.2
2013-02-18,747.0,1408.0,845.0,679.0,117.13,54.265,94.9,154.6,2013,2,1,0,753.0,749.0,779.0,712.0,1434.0,1481.0,832.0,695.0,672.0,671.0,748.8571428571429,751.5714285714286,768.8333333333334,117.4,117.17,54.28,53.22,94.9,94.9,154.6,154.6,898.8
2013-02-19,738.0,1377.0,859.0,687.0,117.04,54.26,94.9,154.6,2013,2,1,1,747.0,748.0,767.0,734.0,1408.0,1461.0,845.0,723.0,679.0,669.0,748.5714285714286,749.2857142857143,770.0,117.13,118.9,54.265,53.58,94.9,94.9,154.6,154.6,896.0
2013-02-20,735.0,1355.0,875.0,695.0,116.23,54.18,94.9,154.6,2013,2,1,2,738.0,746.0,760.0,743.0,1377.0,1453.0,859.0,737.0,687.0,666.0,747.1428571428571,747.2142857142857,770.1333333333333,117.04,118.29,54.26,53.95,94.9,94.9,154.6,154.6,877.0
2013-02-21,737.0,1344.0,892.0,705.0,114.19,54.47,94.9,154.6,2013,2,1,3,735.0,747.0,750.0,751.0,1355.0,1448.0,875.0,749.0,695.0,668.0,745.5714285714286,745.4285714285714,769.8666666666667,116.23,117.89,54.18,53.75,94.9,94.9,154.6,154.6,866.0
2013-02-22,740.0,1335.0,909.0,717.0,113.74,54.28,94.9,154.6,2013,2,1,4,737.0,751.0,745.0,760.0,1344.0,1448.0,892.0,782.0,705.0,664.0,744.1428571428571,744.5,769.4,114.19,118.43,54.47,53.79,94.9,94.9,154.6,154.6,861.0
2013-02-25,743.0,1323.0,922.0,724.0,114.55,53.96,94.9,154.6,2013,2,1,0,740.0,748.0,739.0,762.0,1335.0,1429.0,909.0,808.0,717.0,667.0,742.5714285714286,744.1428571428571,768.7333333333333,113.74,118.48,54.28,53.94,94.9,94.9,154.6,154.6,858.0
2013-02-26,741.0,1291.0,939.0,734.0,112.96,54.14,94.9,154.6,2013,2,1,1,743.0,753.0,740.0,765.0,1323.0,1434.0,922.0,832.0,724.0,672.0,741.8571428571429,744.4285714285714,768.1,114.55,117.4,53.96,54.28,94.9,94.9,154.6,154.6,856.0
2013-02-27,745.0,1264.0,961.0,745.0,112.24,53.72,94.9,154.6,2013,2,1,2,741.0,747.0,749.0,781.0,1291.0,1408.0,939.0,845.0,734.0,679.0,740.1428571428571,744.5,767.3,112.96,117.13,54.14,54.265,94.9,94.9,154.6,154.6,859.0
2013-02-28,757.0,1249.0,990.0,764.0,112.2,54.37,94.9,154.6,2013,2,1,3,745.0,738.0,748.0,820.0,1264.0,1377.0,961.0,859.0,745.0,687.0,739.8571428571429,744.2142857142857,766.1,112.24,117.04,53.72,54.26,94.9,94.9,154.6,154.6,865.0
2013-03-01,776.0,1243.0,1036.0,781.0,110.14,54.9,91.0,139.9,2013,3,1,4,757.0,735.0,746.0,837.0,1249.0,1355.0,990.0,875.0,764.0,695.0,742.5714285714286,744.8571428571429,764.0,112.2,116.23,54.37,54.18,94.9,94.9,154.6,154.6,875.0
2013-03-04,789.0,1239.0,1058.0,801.0,109.9,54.92,91.0,139.9,2013,3,1,0,776.0,737.0,747.0,838.0,1243.0,1344.0,1036.0,892.0,781.0,705.0,748.4285714285714,747.0,761.9666666666667,110.14,114.19,54.9,54.47,91.0,94.9,139.9,154.6,876.0
2013-03-05,806.0,1246.0,1080.0,818.0,110.42,54.87,91.0,139.9,2013,3,1,1,789.0,740.0,751.0,825.0,1239.0,1335.0,1058.0,909.0,801.0,717.0,755.8571428571429,750.0,760.3333333333334,109.9,113.74,54.92,54.28,91.0,94.9,139.9,154.6,880.0
2013-03-06,820.0,1251.0,1090.0,837.0,110.27,54.83,91.0,139.9,2013,3,1,2,806.0,743.0,748.0,817.0,1246.0,1323.0,1080.0,922.0,818.0,724.0,765.2857142857143,753.9285714285714,759.7,110.42,114.55,54.87,53.96,91.0,94.9,139.9,154.6,885.0
2013-03-07,834.0,1260.0,1112.0,852.0,110.42,54.45,91.0,139.9,2013,3,1,3,820.0,741.0,753.0,808.0,1251.0,1291.0,1090.0,939.0,837.0,734.0,776.2857142857143,759.0714285714286,759.8,110.27,112.96,54.83,54.14,91.0,94.9,139.9,154.6,885.0
2013-03-08,843.0,1262.0,1124.0,864.0,108.91,54.32,91.0,139.9,2013,3,1,4,834.0,745.0,747.0,798.0,1260.0,1264.0,1112.0,961.0,852.0,745.0,789.5714285714286,764.8571428571429,760.6666666666666,110.42,112.24,54.45,53.72,91.0,94.9,139.9,154.6,888.0
2013-03-11,847.0,1260.0,1128.0,876.0,108.64,54.38,91.0,139.9,2013,3,1,0,843.0,757.0,738.0,792.0,1262.0,1249.0,1124.0,990.0,864.0,764.0,803.5714285714286,771.7142857142857,762.1666666666666,108.91,112.2,54.32,54.37,91.0,94.9,139.9,154.6,889.0
2013-03-12,865.0,1314.0,1131.0,889.0,108.48,54.19,91.0,139.9,2013,3,1,1,847.0,776.0,735.0,779.0,1260.0,1243.0,1128.0,1036.0,876.0,781.0,816.4285714285714,779.5,764.0,108.64,110.14,54.38,54.9,91.0,91.0,139.9,139.9,885.0
2013-03-13,875.0,1314.0,1138.0,903.0,107.51,54.3,91.0,139.9,2013,3,1,2,865.0,789.0,737.0,767.0,1314.0,1239.0,1131.0,1058.0,889.0,801.0,829.1428571428571,788.7857142857143,766.8666666666667,108.48,109.9,54.19,54.92,91.0,91.0,139.9,139.9,879.0
2013-03-14,880.0,1302.0,1147.0,913.0,108.1,54.22,91.0,139.9,2013,3,1,3,875.0,806.0,740.0,760.0,1314.0,1246.0,1138.0,1080.0,903.0,818.0,841.4285714285714,798.6428571428571,770.4666666666667,107.51,110.42,54.3,54.87,91.0,91.0,139.9,139.9,872.0
2013-03-15,892.0,1299.0,1162.0,925.0,109.32,54.06,91.0,139.9,2013,3,1,4,880.0,820.0,743.0,750.0,1302.0,1251.0,1147.0,1090.0,913.0,837.0,852.0,808.6428571428571,774.4666666666667,108.1,110.27,54.22,54.83,91.0,91.0,139.9,139.9,871.0
2013-03-18,899.0,1295.0,1172.0,937.0,108.54,54.1,91.0,139.9,2013,3,1,0,892.0,834.0,741.0,745.0,1299.0,1260.0,1162.0,1112.0,925.0,852.0,862.2857142857143,819.2857142857143,779.2,109.32,110.42,54.06,54.45,91.0,91.0,139.9,139.9,868.0
2013-03-19,912.0,1290.0,1184.0,950.0,106.91,54.4,91.0,139.9,2013,3,1,1,899.0,843.0,745.0,739.0,1295.0,1262.0,1172.0,1124.0,937.0,864.0,871.5714285714286,830.5714285714286,784.3333333333334,108.54,108.91,54.1,54.32,91.0,91.0,139.9,139.9,863.0
2013-03-20,923.0,1294.0,1190.0,959.0,108.27,54.32,91.0,139.9,2013,3,1,2,912.0,847.0,757.0,740.0,1290.0,1260.0,1184.0,1128.0,950.0,876.0,881.4285714285714,842.5,790.1,106.91,108.64,54.4,54.38,91.0,91.0,139.9,139.9,862.0
2013-03-21,930.0,1290.0,1202.0,968.0,106.41,54.27,91.0,139.9,2013,3,1,3,923.0,865.0,776.0,749.0,1294.0,1314.0,1190.0,1131.0,959.0,889.0,892.2857142857143,854.3571428571429,796.2,108.27,108.48,54.32,54.19,91.0,91.0,139.9,139.9,873.0
2013-03-22,933.0,1284.0,1208.0,978.0,106.51,54.3,91.0,139.9,2013,3,1,4,930.0,875.0,789.0,748.0,1290.0,1314.0,1202.0,1138.0,968.0,903.0,901.5714285714286,865.3571428571429,802.2333333333333,106.41,107.51,54.27,54.3,91.0,91.0,139.9,139.9,878.0
2013-03-25,935.0,1284.0,1210.0,981.0,106.66,54.22,91.0,139.9,2013,3,1,0,933.0,880.0,806.0,746.0,1284.0,1302.0,1208.0,1147.0,978.0,913.0,909.8571428571429,875.6428571428571,808.4,106.51,108.1,54.3,54.22,91.0,91.0,139.9,139.9,886.25
2013-03-26,931.0,1275.0,1204.0,977.0,107.1,54.42,91.0,139.9,2013,3,1,1,935.0,892.0,820.0,747.0,1284.0,1299.0,1210.0,1162.0,981.0,925.0,917.7142857142857,884.8571428571429,814.7,106.66,109.32,54.22,54.06,91.0,91.0,139.9,139.9,889.0
2013-03-27,922.0,1258.0,1191.0,965.0,108.51,54.45,91.0,139.9,2013,3,1,2,931.0,899.0,834.0,751.0,1275.0,1295.0,1204.0,1172.0,977.0,937.0,923.2857142857143,892.7857142857143,820.8333333333334,107.1,108.54,54.42,54.1,91.0,91.0,139.9,139.9,892.0
2013-03-28,910.0,1249.0,1176.0,944.0,108.46,54.44,91.0,139.9,2013,3,1,3,922.0,912.0,843.0,748.0,1258.0,1290.0,1191.0,1184.0,965.0,950.0,926.5714285714286,899.0714285714286,826.5333333333333,108.51,106.91,54.45,54.4,91.0,91.0,139.9,139.9,889.0
2013-03-29,907.2,1245.0,1171.8,941.8,108.535,54.52,91.0,139.9,2013,3,1,4,910.0,923.0,847.0,753.0,1249.0,1294.0,1176.0,1190.0,944.0,959.0,926.2857142857143,903.8571428571429,831.9333333333333,108.46,108.27,54.44,54.32,91.0,91.0,139.9,139.9,884.0
2013-04-01,898.8,1233.0,1159.2,935.2,108.76,54.28,87.8,137.4,2013,4,2,0,907.2,930.0,865.0,747.0,1245.0,1290.0,1171.8,1202.0,941.8,968.0,924.0285714285714,908.1571428571427,837.0733333333334,108.535,106.41,54.52,54.27,91.0,91.0,139.9,139.9,879.0
2013-04-02,896.0,1229.0,1155.0,933.0,109.66,54.43,87.8,137.4,2013,4,2,1,898.8,933.0,875.0,738.0,1233.0,1284.0,1159.2,1208.0,935.2,978.0,919.5714285714286,910.5714285714286,842.1333333333333,108.76,106.51,54.28,54.3,87.8,91.0,137.4,139.9,872.0
2013-04-03,877.0,1209.0,1129.0,924.0,107.82,54.46,87.8,137.4,2013,4,2,2,896.0,935.0,880.0,735.0,1229.0,1284.0,1155.0,1210.0,933.0,981.0,914.2857142857143,912.0714285714286,847.4,109.66,106.66,54.43,54.22,87.8,91.0,137.4,139.9,861.0
2013-04-04,866.0,1209.0,1106.0,915.0,105.09,54.91,87.8,137.4,2013,4,2,3,877.0,931.0,892.0,737.0,1209.0,1275.0,1129.0,1204.0,924.0,977.0,906.0,911.8571428571429,852.1333333333333,107.82,107.1,54.46,54.42,87.8,91.0,137.4,139.9,850.0
2013-04-05,861.0,1215.0,1094.0,912.0,103.98,54.75,87.8,137.4,2013,4,2,4,866.0,922.0,899.0,740.0,1209.0,1258.0,1106.0,1191.0,915.0,965.0,896.7142857142857,910.0,856.4333333333333,105.09,108.51,54.91,54.45,87.8,91.0,137.4,139.9,841.0
2013-04-08,858.0,1223.0,1084.0,907.0,103.16,54.58,87.8,137.4,2013,4,2,0,861.0,910.0,912.0,743.0,1215.0,1249.0,1094.0,1176.0,912.0,944.0,888.0,907.2857142857143,860.4666666666667,103.98,108.46,54.75,54.44,87.8,91.0,137.4,139.9,836.0
2013-04-09,856.0,1236.0,1077.0,902.0,104.08,54.47,87.8,137.4,2013,4,2,1,858.0,907.2,923.0,741.0,1223.0,1245.0,1084.0,1171.8,907.0,941.8,880.5714285714286,903.4285714285714,864.3,103.16,108.535,54.58,54.52,87.8,91.0,137.4,139.9,830.0
2013-04-10,859.0,1250.0,1080.0,900.0,104.8,54.41,87.8,137.4,2013,4,2,2,856.0,898.8,930.0,745.0,1236.0,1233.0,1077.0,1159.2,902.0,935.2,873.2571428571428,898.6428571428571,868.1333333333333,104.08,108.76,54.47,54.28,87.8,87.8,137.4,137.4,829.0
2013-04-11,865.0,1257.0,1095.0,901.0,103.62,54.36,87.8,137.4,2013,4,2,3,859.0,896.0,933.0,757.0,1250.0,1229.0,1080.0,1155.0,900.0,933.0,867.5714285714286,893.5714285714286,871.9333333333333,104.8,109.66,54.41,54.43,87.8,87.8,137.4,137.4,828.0
2013-04-12,875.0,1265.0,1112.0,902.0,100.58,54.62,87.8,137.4,2013,4,2,4,865.0,877.0,935.0,776.0,1257.0,1209.0,1095.0,1129.0,901.0,924.0,863.1428571428571,888.7142857142857,875.5333333333333,103.62,107.82,54.36,54.46,87.8,87.8,137.4,137.4,826.0
2013-04-15,876.0,1257.0,1125.0,902.0,99.32,54.48,87.8,137.4,2013,4,2,0,875.0,866.0,931.0,789.0,1265.0,1209.0,1112.0,1106.0,902.0,915.0,862.8571428571429,884.4285714285714,878.8333333333334,100.58,105.09,54.62,54.91,87.8,87.8,137.4,137.4,822.0
2013-04-16,880.0,1251.0,1143.0,900.0,97.88,54.08,87.8,137.4,2013,4,2,1,876.0,861.0,922.0,806.0,1257.0,1215.0,1125.0,1094.0,902.0,912.0,864.2857142857143,880.5,881.7333333333333,99.32,103.98,54.48,54.75,87.8,87.8,137.4,137.4,818.0
2013-04-17,885.0,1245.0,1167.0,899.0,96.84,54.16,87.8,137.4,2013,4,2,2,880.0,858.0,910.0,820.0,1251.0,1223.0,1143.0,1084.0,900.0,907.0,867.0,877.5,884.2,97.88,103.16,54.08,54.58,87.8,87.8,137.4,137.4,811.0
2013-04-18,885.0,1238.0,1180.0,898.0,97.48,53.95,87.8,137.4,2013,4,2,3,885.0,856.0,907.2,834.0,1245.0,1236.0,1167.0,1077.0,899.0,902.0,870.8571428571429,875.7142857142857,886.3666666666667,96.84,104.08,54.16,54.47,87.8,87.8,137.4,137.4,809.0
2013-04-19,888.0,1234.0,1196.0,902.0,98.94,53.98,87.8,137.4,2013,4,2,4,885.0,859.0,898.8,843.0,1238.0,1250.0,1180.0,1080.0,898.0,900.0,875.0,874.1285714285715,888.0666666666667,97.48,104.8,53.95,54.41,87.8,87.8,137.4,137.4,806.0
2013-04-22,889.0,1230.0,1202.0,902.0,99.07,54.19,87.8,137.4,2013,4,2,0,888.0,865.0,896.0,847.0,1234.0,1257.0,1196.0,1095.0,902.0,901.0,879.1428571428571,873.3571428571429,889.5666666666667,98.94,103.62,53.98,54.36,87.8,87.8,137.4,137.4,805.0
2013-04-23,885.0,1220.0,1193.0,903.0,99.25,54.39,87.8,137.4,2013,4,2,1,889.0,875.0,877.0,865.0,1230.0,1265.0,1202.0,1112.0,902.0,902.0,882.5714285714286,872.8571428571429,890.9666666666667,99.07,100.58,54.19,54.62,87.8,87.8,137.4,137.4,801.0
2013-04-24,879.0,1214.0,1165.0,905.0,100.71,54.22,87.8,137.4,2013,4,2,2,885.0,876.0,866.0,875.0,1220.0,1257.0,1193.0,1125.0,903.0,902.0,884.0,873.4285714285714,891.6333333333333,99.25,99.32,54.39,54.48,87.8,87.8,137.4,137.4,806.0
2013-04-25,872.0,1220.0,1121.0,904.0,101.62,54.11,87.8,137.4,2013,4,2,3,879.0,880.0,861.0,880.0,1214.0,1251.0,1165.0,1143.0,905.0,900.0,884.4285714285714,874.3571428571429,891.7666666666667,100.71,97.88,54.22,54.08,87.8,87.8,137.4,137.4,812.0
2013-04-26,871.0,1246.0,1082.0,900.0,102.39,54.41,87.8,137.4,2013,4,2,4,872.0,885.0,858.0,892.0,1220.0,1245.0,1121.0,1167.0,904.0,899.0,883.2857142857143,875.1428571428571,891.5,101.62,96.84,54.11,54.16,87.8,87.8,137.4,137.4,815.0
2013-04-29,868.0,1260.0,1058.0,895.0,102.88,54.2,87.8,137.4,2013,4,2,0,871.0,885.0,856.0,899.0,1246.0,1238.0,1082.0,1180.0,900.0,898.0,881.2857142857143,876.0714285714286,890.8,102.39,97.48,54.41,53.95,87.8,87.8,137.4,137.4,825.0
2013-04-30,863.0,1273.0,1028.0,888.0,101.53,53.68,87.8,137.4,2013,4,2,1,868.0,888.0,859.0,912.0,1260.0,1234.0,1058.0,1196.0,895.0,902.0,878.8571428571429,876.9285714285714,889.7666666666667,102.88,98.94,54.2,53.98,87.8,87.8,137.4,137.4,847.0
2013-05-01,862.0,1279.0,1018.0,884.0,98.34,53.65,87.7,124.0,2013,5,2,2,863.0,889.0,865.0,923.0,1273.0,1230.0,1028.0,1202.0,888.0,902.0,875.2857142857143,877.2142857142857,888.1333333333333,101.53,99.07,53.68,54.19,87.8,87.8,137.4,137.4,873.0
2013-05-02,873.0,1322.0,1010.0,880.0,100.32,53.79,87.7,124.0,2013,5,2,3,862.0,885.0,875.0,930.0,1279.0,1220.0,1018.0,1193.0,884.0,903.0,871.4285714285714,877.0,886.1,98.34,99.25,53.65,54.39,87.7,87.8,124.0,137.4,900.0
2013-05-03,878.0,1344.0,1006.0,876.0,104.6,53.8,87.7,124.0,2013,5,2,4,873.0,879.0,876.0,933.0,1322.0,1214.0,1010.0,1165.0,880.0,905.0,869.7142857142857,876.8571428571429,884.2,100.32,100.71,53.79,54.22,87.7,87.8,124.0,137.4,925.0
2013-05-06,886.25,1380.75,1000.75,874.5,105.0,54.13,87.7,124.0,2013,5,2,0,878.0,872.0,880.0,935.0,1344.0,1220.0,1006.0,1121.0,876.0,904.0,869.5714285714286,877.0,882.3666666666667,104.6,101.62,53.8,54.11,87.7,87.8,124.0,137.4,962.0
2013-05-07,889.0,1393.0,999.0,874.0,105.18,54.06,87.7,124.0,2013,5,2,1,886.25,871.0,885.0,931.0,1380.75,1246.0,1000.75,1082.0,874.5,900.0,871.6071428571429,877.4464285714286,880.7416666666667,105.0,102.39,54.13,54.41,87.7,87.8,124.0,137.4,995.0
2013-05-08,892.0,1408.0,995.0,872.0,103.79,54.08,87.7,124.0,2013,5,2,2,889.0,868.0,885.0,922.0,1393.0,1260.0,999.0,1058.0,874.0,895.0,874.1785714285714,877.7321428571429,879.3416666666667,105.18,102.88,54.06,54.2,87.7,87.8,124.0,137.4,1012.0
2013-05-09,889.0,1398.0,995.0,869.0,103.59,54.34,87.7,124.0,2013,5,2,3,892.0,863.0,888.0,910.0,1408.0,1273.0,995.0,1028.0,872.0,888.0,877.6071428571429,878.2321428571429,878.3416666666667,103.79,101.53,54.08,53.68,87.7,87.8,124.0,137.4,1027.0
2013-05-10,884.0,1382.0,994.0,866.0,101.31,54.94,87.7,124.0,2013,5,2,4,889.0,862.0,889.0,907.2,1398.0,1279.0,995.0,1018.0,869.0,884.0,881.3214285714286,878.3035714285714,877.6416666666667,103.59,98.34,54.34,53.65,87.7,87.7,124.0,124.0,1062.0
2013-05-13,879.0,1370.0,993.0,861.0,102.17,54.85,87.7,124.0,2013,5,2,0,884.0,873.0,885.0,898.8,1382.0,1322.0,994.0,1010.0,866.0,880.0,884.4642857142857,877.9464285714286,876.8683333333333,101.31,100.32,54.94,53.79,87.7,87.7,124.0,124.0,1090.0
2013-05-14,872.0,1360.0,988.0,857.0,102.7,54.5,87.7,124.0,2013,5,2,1,879.0,878.0,879.0,896.0,1370.0,1344.0,993.0,1006.0,861.0,876.0,885.3214285714286,877.5178571428571,876.2083333333334,102.17,104.6,54.85,53.8,87.7,87.7,124.0,124.0,1125.0
2013-05-15,861.0,1338.0,974.0,854.0,101.57,54.78,87.7,124.0,2013,5,2,2,872.0,886.25,872.0,877.0,1360.0,1380.75,988.0,1000.75,857.0,874.5,884.4642857142857,877.0178571428571,875.4083333333333,102.7,105.0,54.5,54.13,87.7,87.7,124.0,124.0,1151.0
2013-05-16,850.0,1334.0,951.0,853.0,104.27,54.68,87.7,124.0,2013,5,2,3,861.0,889.0,871.0,866.0,1338.0,1393.0,974.0,999.0,854.0,874.0,880.8571428571429,876.2321428571429,874.875,101.57,105.18,54.78,54.06,87.7,87.7,124.0,124.0,1171.0
2013-05-17,841.0,1326.0,930.0,851.0,103.83,55.17,87.7,124.0,2013,5,2,4,850.0,892.0,868.0,861.0,1334.0,1408.0,951.0,995.0,853.0,872.0,875.2857142857143,874.7321428571429,874.3416666666667,104.27,103.79,54.68,54.08,87.7,87.7,124.0,124.0,1179.0
2013-05-20,836.0,1317.0,917.0,852.0,104.55,55.02,87.7,124.0,2013,5,2,0,841.0,889.0,863.0,858.0,1326.0,1398.0,930.0,995.0,851.0,869.0,868.0,872.8035714285714,873.675,103.83,103.59,55.17,54.34,87.7,87.7,124.0,124.0,1170.0
2013-05-21,830.0,1321.0,899.0,851.0,103.1,55.42,87.7,124.0,2013,5,2,1,836.0,884.0,862.0,856.0,1317.0,1382.0,917.0,994.0,852.0,866.0,860.4285714285714,870.875,872.9416666666667,104.55,101.31,55.02,54.94,87.7,87.7,124.0,124.0,1133.0
2013-05-22,829.0,1333.0,880.0,853.0,102.14,55.62,87.7,124.0,2013,5,2,2,830.0,879.0,873.0,859.0,1321.0,1370.0,899.0,993.0,851.0,861.0,852.7142857142857,868.5892857142857,872.075,103.1,102.17,55.42,54.85,87.7,87.7,124.0,124.0,1103.0
2013-05-23,828.0,1339.0,863.0,855.0,100.46,55.7,87.7,124.0,2013,5,2,3,829.0,872.0,878.0,865.0,1333.0,1360.0,880.0,988.0,853.0,857.0,845.5714285714286,865.4464285714286,871.075,102.14,102.7,55.62,54.5,87.7,87.7,124.0,124.0,1099.0
2013-05-24,826.0,1350.0,854.0,857.0,101.24,55.78,87.7,124.0,2013,5,2,4,828.0,861.0,886.25,875.0,1339.0,1338.0,863.0,974.0,855.0,854.0,839.2857142857143,861.875,869.8416666666667,100.46,101.57,55.7,54.78,87.7,87.7,124.0,124.0,1115.0
2013-05-28,822.0,1346.0,838.0,858.0,103.77,56.07,87.7,124.0,2013,5,2,1,826.0,850.0,889.0,876.0,1350.0,1334.0,854.0,951.0,857.0,853.0,834.2857142857143,857.5714285714286,868.2083333333334,101.24,104.27,55.78,54.68,87.7,87.7,124.0,124.0,1120.0
2013-05-29,818.0,1348.0,821.0,859.0,102.14,56.28,87.7,124.0,2013,5,2,2,822.0,841.0,892.0,880.0,1346.0,1326.0,838.0,930.0,858.0,851.0,830.2857142857143,852.7857142857143,866.4083333333333,103.77,103.83,56.07,55.17,87.7,87.7,124.0,124.0,1130.0
2013-05-30,811.0,1339.0,806.0,865.0,101.79,56.5,87.7,124.0,2013,5,2,3,818.0,836.0,889.0,885.0,1348.0,1317.0,821.0,917.0,859.0,852.0,827.0,847.5,864.3416666666667,102.14,104.55,56.28,55.02,87.7,87.7,124.0,124.0,1139.0
2013-05-31,809.0,1336.0,795.0,871.0,100.43,56.5,87.7,124.0,2013,5,2,4,811.0,830.0,884.0,885.0,1339.0,1321.0,806.0,899.0,865.0,851.0,823.4285714285714,841.9285714285714,861.875,101.79,103.1,56.5,55.42,87.7,87.7,124.0,124.0,1149.0
2013-06-03,806.0,1333.0,786.0,873.0,101.63,56.66,82.8,114.8,2013,6,2,0,809.0,829.0,879.0,888.0,1336.0,1333.0,795.0,880.0,871.0,853.0,820.4285714285714,836.5714285714286,859.3416666666667,100.43,102.14,56.5,55.62,87.7,87.7,124.0,124.0,1151.0
2013-06-04,805.0,1338.0,776.0,877.0,102.04,56.43,82.8,114.8,2013,6,2,1,806.0,828.0,872.0,889.0,1333.0,1339.0,786.0,863.0,873.0,855.0,817.1428571428571,831.3571428571429,856.6083333333333,101.63,100.46,56.66,55.7,82.8,87.7,114.8,124.0,1152.0
2013-06-05,801.0,1335.0,768.0,880.0,103.51,56.84,82.8,114.8,2013,6,2,2,805.0,826.0,861.0,885.0,1338.0,1350.0,776.0,854.0,877.0,857.0,813.8571428571429,826.5714285714286,853.8083333333333,102.04,101.24,56.43,55.78,82.8,87.7,114.8,124.0,1151.0
2013-06-06,806.0,1344.0,764.0,885.0,103.37,56.92,82.8,114.8,2013,6,2,3,801.0,822.0,850.0,879.0,1335.0,1346.0,768.0,838.0,880.0,858.0,810.2857142857143,822.2857142857143,851.0083333333333,103.51,103.77,56.84,56.07,82.8,87.7,114.8,124.0,1146.0
2013-06-07,812.0,1352.0,764.0,889.0,104.07,56.57,82.8,114.8,2013,6,2,4,806.0,818.0,841.0,872.0,1344.0,1348.0,764.0,821.0,885.0,859.0,808.0,819.1428571428571,848.575,103.37,102.14,56.92,56.28,82.8,87.7,114.8,124.0,1138.0
2013-06-10,815.0,1359.0,766.0,890.0,103.87,58.13,82.8,114.8,2013,6,2,0,812.0,811.0,836.0,871.0,1352.0,1339.0,764.0,806.0,889.0,865.0,807.1428571428571,817.0714285714286,846.575,104.07,101.79,56.57,56.5,82.8,87.7,114.8,124.0,1135.0
2013-06-11,825.0,1379.0,777.0,892.0,101.5,58.34,82.8,114.8,2013,6,2,1,815.0,809.0,830.0,868.0,1359.0,1336.0,766.0,795.0,890.0,871.0,807.7142857142857,815.5714285714286,844.7083333333334,103.87,100.43,58.13,56.5,82.8,87.7,114.8,124.0,1127.0
2013-06-12,847.0,1427.0,808.0,895.0,103.11,57.82,82.8,114.8,2013,6,2,2,825.0,806.0,829.0,863.0,1379.0,1333.0,777.0,786.0,892.0,873.0,810.0,815.2142857142857,843.275,101.5,101.63,58.34,56.66,82.8,82.8,114.8,114.8,1117.0
2013-06-13,873.0,1484.0,833.0,895.0,103.38,58.07,82.8,114.8,2013,6,2,3,847.0,805.0,828.0,862.0,1427.0,1338.0,808.0,776.0,895.0,877.0,815.8571428571429,816.5,842.7416666666667,103.11,102.04,57.82,56.43,82.8,82.8,114.8,114.8,1092.0
2013-06-14,900.0,1537.0,859.0,900.0,105.1,57.56,82.8,114.8,2013,6,2,4,873.0,801.0,826.0,873.0,1484.0,1335.0,833.0,768.0,895.0,880.0,825.5714285714286,819.7142857142857,843.1083333333333,103.38,103.51,58.07,56.84,82.8,82.8,114.8,114.8,1082.0
2013-06-17,925.0,1588.0,878.0,900.0,105.8,57.97,82.8,114.8,2013,6,2,0,900.0,806.0,822.0,878.0,1537.0,1344.0,859.0,764.0,900.0,885.0,839.7142857142857,825.0,844.0083333333333,105.1,103.37,57.56,56.92,82.8,82.8,114.8,114.8,1075.0
2013-06-18,962.0,1674.0,892.0,903.0,105.21,58.79,82.8,114.8,2013,6,2,1,925.0,812.0,818.0,886.25,1588.0,1352.0,878.0,764.0,900.0,889.0,856.7142857142857,832.3571428571429,845.575,105.8,104.07,57.97,56.57,82.8,82.8,114.8,114.8,1067.0
2013-06-19,995.0,1757.0,909.0,909.0,105.56,58.7,82.8,114.8,2013,6,2,2,962.0,815.0,811.0,889.0,1674.0,1359.0,892.0,766.0,903.0,890.0,878.1428571428571,842.6428571428571,848.1,105.21,103.87,58.79,58.13,82.8,82.8,114.8,114.8,1062.0
2013-06-20,1012.0,1792.0,920.0,916.0,102.72,59.57,82.8,114.8,2013,6,2,3,995.0,825.0,809.0,892.0,1757.0,1379.0,909.0,777.0,909.0,892.0,903.8571428571429,855.7857142857143,851.6333333333333,105.56,101.5,58.7,58.34,82.8,82.8,114.8,114.8,1066.0
2013-06-21,1027.0,1822.0,927.0,923.0,100.36,59.43,82.8,114.8,2013,6,2,4,1012.0,847.0,806.0,889.0,1792.0,1427.0,920.0,808.0,916.0,895.0,930.5714285714286,870.2857142857143,855.6333333333333,102.72,103.11,59.57,57.82,82.8,82.8,114.8,114.8,1065.0
2013-06-24,1062.0,1912.0,937.0,930.0,99.8,59.8,82.8,114.8,2013,6,2,0,1027.0,873.0,805.0,884.0,1822.0,1484.0,927.0,833.0,923.0,895.0,956.2857142857143,886.0714285714286,860.2333333333333,100.36,103.38,59.43,58.07,82.8,82.8,114.8,114.8,1058.0
2013-06-25,1090.0,1959.0,959.0,937.0,101.51,59.66,82.8,114.8,2013,6,2,1,1062.0,900.0,801.0,879.0,1912.0,1537.0,937.0,859.0,930.0,900.0,983.2857142857143,904.4285714285714,866.1666666666666,99.8,105.1,59.8,57.56,82.8,82.8,114.8,114.8,1046.0
2013-06-26,1125.0,2061.0,976.0,944.0,100.62,60.7,82.8,114.8,2013,6,2,2,1090.0,925.0,806.0,872.0,1959.0,1588.0,959.0,878.0,937.0,900.0,1010.4285714285714,925.0714285714286,873.2,101.51,105.8,59.66,57.97,82.8,82.8,114.8,114.8,1024.0
2013-06-27,1151.0,2120.0,994.0,950.0,102.74,60.19,82.8,114.8,2013,6,2,3,1125.0,962.0,812.0,861.0,2061.0,1674.0,976.0,892.0,944.0,903.0,1039.0,947.8571428571429,881.6333333333333,100.62,105.21,60.7,58.79,82.8,82.8,114.8,114.8,1012.0
2013-06-28,1171.0,2165.0,1007.0,954.0,102.49,59.52,82.8,114.8,2013,6,2,4,1151.0,995.0,815.0,850.0,2120.0,1757.0,994.0,909.0,950.0,909.0,1066.0,972.0714285714286,891.3,102.74,105.56,60.19,58.7,82.8,82.8,114.8,114.8,1001.0
2013-07-01,1179.0,2176.0,1014.0,954.0,103.19,59.38,77.3,127.2,2013,7,3,0,1171.0,1012.0,825.0,841.0,2165.0,1792.0,1007.0,920.0,954.0,916.0,1091.142857142857,997.5,902.0,102.49,102.72,59.52,59.57,82.8,82.8,114.8,114.8,996.0
2013-07-02,1170.0,2134.0,1016.0,952.0,103.96,59.54,77.3,127.2,2013,7,3,1,1179.0,1027.0,847.0,836.0,2176.0,1822.0,1014.0,927.0,954.0,923.0,1115.0,1022.7857142857143,913.2666666666667,103.19,100.36,59.38,59.43,77.3,82.8,127.2,114.8,1007.0
2013-07-03,1133.0,2020.0,1017.0,943.0,106.12,60.21,77.3,127.2,2013,7,3,2,1170.0,1062.0,873.0,830.0,2134.0,1912.0,1016.0,937.0,952.0,930.0,1135.4285714285713,1045.857142857143,924.4,103.96,99.8,59.54,59.8,77.3,82.8,127.2,114.8,1060.0
2013-07-04,1103.0,1936.0,1012.0,932.0,106.79,60.22,77.3,127.2,2013,7,3,3,1133.0,1090.0,900.0,829.0,2020.0,1959.0,1017.0,959.0,943.0,937.0,1145.5714285714287,1064.4285714285713,934.5,106.12,101.51,60.21,59.66,77.3,82.8,127.2,114.8,1091.0
2013-07-05,1099.0,1929.0,1008.0,924.0,107.46,60.23,77.3,127.2,2013,7,3,4,1103.0,1125.0,925.0,828.0,1936.0,2061.0,1012.0,976.0,932.0,944.0,1147.4285714285713,1078.9285714285713,943.6333333333333,106.79,100.62,60.22,60.7,77.3,82.8,127.2,114.8,1102.0
2013-07-08,1115.0,1977.0,1002.0,920.0,107.75,60.75,77.3,127.2,2013,7,3,0,1099.0,1151.0,962.0,826.0,1929.0,2120.0,1008.0,994.0,924.0,950.0,1143.7142857142858,1091.357142857143,952.6666666666666,107.46,102.74,60.23,60.19,77.3,82.8,127.2,114.8,1115.0
2013-07-09,1120.0,2012.0,1006.0,911.0,107.9,60.09,77.3,127.2,2013,7,3,1,1115.0,1171.0,995.0,822.0,1977.0,2165.0,1002.0,1007.0,920.0,954.0,1138.5714285714287,1102.2857142857142,962.3,107.75,102.49,60.75,59.52,77.3,82.8,127.2,114.8,1145.0
2013-07-10,1130.0,2037.0,1024.0,904.0,108.43,59.88,77.3,127.2,2013,7,3,2,1120.0,1179.0,1012.0,818.0,2012.0,2176.0,1006.0,1014.0,911.0,954.0,1131.2857142857142,1111.2142857142858,972.2333333333333,107.9,103.19,60.09,59.38,77.3,77.3,127.2,127.2,1156.0
2013-07-11,1139.0,2047.0,1062.0,901.0,108.18,59.82,77.3,127.2,2013,7,3,3,1130.0,1170.0,1027.0,811.0,2037.0,2134.0,1024.0,1016.0,904.0,952.0,1124.2857142857142,1119.642857142857,982.6333333333333,108.43,103.96,59.88,59.54,77.3,77.3,127.2,127.2,1158.0
2013-07-12,1149.0,2058.0,1097.0,897.0,109.03,59.88,77.3,127.2,2013,7,3,4,1139.0,1133.0,1062.0,809.0,2047.0,2020.0,1062.0,1017.0,901.0,943.0,1119.857142857143,1127.642857142857,993.5666666666667,108.18,106.12,59.82,60.21,77.3,77.3,127.2,127.2,1165.0
2013-07-15,1151.0,2052.0,1118.0,894.0,109.05,59.89,77.3,127.2,2013,7,3,0,1149.0,1103.0,1090.0,806.0,2058.0,1936.0,1097.0,1012.0,897.0,932.0,1122.142857142857,1133.857142857143,1004.9,109.03,106.79,59.88,60.22,77.3,77.3,127.2,127.2,1168.0
2013-07-16,1152.0,2044.0,1136.0,895.0,109.29,59.29,77.3,127.2,2013,7,3,1,1151.0,1099.0,1125.0,805.0,2052.0,1929.0,1118.0,1008.0,894.0,924.0,1129.0,1138.2142857142858,1016.4,109.05,107.46,59.89,60.23,77.3,77.3,127.2,127.2,1169.0
2013-07-17,1151.0,2034.0,1153.0,894.0,109.67,59.34,77.3,127.2,2013,7,3,2,1152.0,1115.0,1151.0,801.0,2044.0,1977.0,1136.0,1002.0,895.0,920.0,1136.5714285714287,1140.142857142857,1027.9666666666667,109.29,107.75,59.29,60.75,77.3,77.3,127.2,127.2,1146.0
2013-07-18,1146.0,2006.0,1165.0,897.0,109.71,59.59,77.3,127.2,2013,7,3,3,1151.0,1120.0,1171.0,806.0,2034.0,2012.0,1153.0,1006.0,894.0,911.0,1141.7142857142858,1140.142857142857,1039.6333333333334,109.67,107.9,59.34,60.09,77.3,77.3,127.2,127.2,1136.0
2013-07-19,1138.0,1987.0,1172.0,898.0,109.34,59.37,77.3,127.2,2013,7,3,4,1146.0,1130.0,1179.0,812.0,2006.0,2037.0,1165.0,1024.0,897.0,904.0,1145.4285714285713,1138.357142857143,1050.9666666666667,109.71,108.43,59.59,59.88,77.3,77.3,127.2,127.2,1132.0
2013-07-22,1135.0,1978.0,1170.0,902.0,108.82,59.71,77.3,127.2,2013,7,3,0,1138.0,1139.0,1170.0,815.0,1987.0,2047.0,1172.0,1062.0,898.0,901.0,1146.5714285714287,1135.4285714285713,1061.8333333333333,109.34,108.18,59.37,59.82,77.3,77.3,127.2,127.2,1139.0
2013-07-23,1127.0,1956.0,1159.0,907.0,109.27,59.64,77.3,127.2,2013,7,3,1,1135.0,1149.0,1133.0,825.0,1978.0,2058.0,1170.0,1097.0,902.0,897.0,1146.0,1132.9285714285713,1072.5,108.82,109.03,59.71,59.88,77.3,77.3,127.2,127.2,1168.0
2013-07-24,1117.0,1936.0,1145.0,914.0,108.23,59.14,77.3,127.2,2013,7,3,2,1127.0,1151.0,1103.0,847.0,1956.0,2052.0,1159.0,1118.0,907.0,894.0,1142.857142857143,1132.5,1082.5666666666666,109.27,109.05,59.64,59.89,77.3,77.3,127.2,127.2,1215.0
2013-07-25,1092.0,1890.0,1123.0,917.0,108.1,59.01,77.3,127.2,2013,7,3,3,1117.0,1152.0,1099.0,873.0,1936.0,2044.0,1145.0,1136.0,914.0,895.0,1138.0,1133.5,1091.5666666666666,108.23,109.29,59.14,59.29,77.3,77.3,127.2,127.2,1279.0
2013-07-26,1082.0,1873.0,1104.0,917.0,107.57,59.08,77.3,127.2,2013,7,3,4,1092.0,1151.0,1115.0,900.0,1890.0,2034.0,1123.0,1153.0,917.0,894.0,1129.4285714285713,1133.0,1098.8666666666666,108.1,109.67,59.01,59.34,77.3,77.3,127.2,127.2,1352.0
2013-07-29,1075.0,1864.0,1090.0,919.0,108.1,59.33,77.3,127.2,2013,7,3,0,1082.0,1146.0,1120.0,925.0,1873.0,2006.0,1104.0,1165.0,917.0,897.0,1119.5714285714287,1130.642857142857,1104.9333333333334,107.57,109.71,59.08,59.59,77.3,77.3,127.2,127.2,1478.0
2013-07-30,1067.0,1856.0,1075.0,916.0,107.47,60.8,77.3,127.2,2013,7,3,1,1075.0,1138.0,1130.0,962.0,1864.0,1987.0,1090.0,1172.0,919.0,898.0,1109.4285714285713,1127.4285714285713,1109.9333333333334,108.1,109.34,59.33,59.37,77.3,77.3,127.2,127.2,1541.0
2013-07-31,1062.0,1881.0,1057.0,912.0,107.89,60.77,77.3,127.2,2013,7,3,2,1067.0,1135.0,1139.0,995.0,1856.0,1978.0,1075.0,1170.0,916.0,902.0,1099.2857142857142,1122.9285714285713,1113.4333333333334,107.47,108.82,60.8,59.71,77.3,77.3,127.2,127.2,1628.0
2013-08-01,1066.0,1935.0,1041.0,909.0,109.94,60.45,77.0,137.1,2013,8,3,3,1062.0,1127.0,1149.0,1012.0,1881.0,1956.0,1057.0,1159.0,912.0,907.0,1088.857142857143,1117.4285714285713,1115.6666666666667,107.89,109.27,60.77,59.64,77.3,77.3,127.2,127.2,1621.0
2013-08-02,1065.0,1950.0,1021.0,908.0,109.63,60.88,77.0,137.1,2013,8,3,4,1066.0,1117.0,1151.0,1027.0,1935.0,1936.0,1041.0,1145.0,909.0,914.0,1080.142857142857,1111.5,1117.4666666666667,109.94,108.23,60.45,59.14,77.0,77.3,137.1,127.2,1636.0
2013-08-05,1058.0,1939.0,1009.0,908.0,109.81,60.88,77.0,137.1,2013,8,3,0,1065.0,1092.0,1152.0,1062.0,1950.0,1890.0,1021.0,1123.0,908.0,917.0,1072.7142857142858,1105.357142857143,1118.7333333333333,109.63,108.1,60.88,59.01,77.0,77.3,137.1,127.2,1651.0
2013-08-06,1046.0,1907.0,992.0,907.0,108.77,60.78,77.0,137.1,2013,8,3,1,1058.0,1082.0,1151.0,1090.0,1939.0,1873.0,1009.0,1104.0,908.0,917.0,1067.857142857143,1098.642857142857,1118.6,109.81,107.57,60.88,59.08,77.0,77.3,137.1,127.2,1740.0
2013-08-07,1024.0,1853.0,977.0,911.0,108.39,61.2,77.0,137.1,2013,8,3,2,1046.0,1075.0,1146.0,1125.0,1907.0,1864.0,992.0,1090.0,907.0,919.0,1062.7142857142858,1091.142857142857,1117.1333333333334,108.77,108.1,60.78,59.33,77.0,77.3,137.1,127.2,1822.0
2013-08-08,1012.0,1829.0,962.0,913.0,107.32,60.72,77.0,137.1,2013,8,3,3,1024.0,1067.0,1138.0,1151.0,1853.0,1856.0,977.0,1075.0,911.0,916.0,1055.4285714285713,1082.4285714285713,1113.7666666666667,108.39,107.47,61.2,60.8,77.0,77.3,137.1,127.2,1860.0
2013-08-09,1001.0,1813.0,948.0,911.0,108.49,60.34,77.0,137.1,2013,8,3,4,1012.0,1062.0,1135.0,1171.0,1829.0,1881.0,962.0,1057.0,913.0,912.0,1047.5714285714287,1073.4285714285713,1109.1333333333334,107.32,107.89,60.72,60.77,77.0,77.3,137.1,127.2,1904.0
2013-08-12,996.0,1805.0,940.0,910.0,109.28,61.15,77.0,137.1,2013,8,3,0,1001.0,1066.0,1127.0,1179.0,1813.0,1935.0,948.0,1041.0,911.0,909.0,1038.857142857143,1063.857142857143,1103.4666666666667,108.49,109.94,60.34,60.45,77.0,77.0,137.1,137.1,1947.0
2013-08-13,1007.0,1846.0,933.0,909.0,110.69,61.33,77.0,137.1,2013,8,3,1,996.0,1065.0,1117.0,1170.0,1805.0,1950.0,940.0,1021.0,910.0,908.0,1028.857142857143,1054.5,1097.3666666666666,109.28,109.63,61.15,60.88,77.0,77.0,137.1,137.1,2021.0
2013-08-14,1060.0,2021.0,928.0,910.0,110.26,61.27,77.0,137.1,2013,8,3,2,1007.0,1058.0,1092.0,1133.0,1846.0,1939.0,933.0,1009.0,909.0,908.0,1020.5714285714286,1046.642857142857,1091.9333333333334,110.69,109.81,61.33,60.88,77.0,77.0,137.1,137.1,2127.0
2013-08-15,1091.0,2099.0,926.0,913.0,111.58,61.41,77.0,137.1,2013,8,3,3,1060.0,1046.0,1082.0,1103.0,2021.0,1907.0,928.0,992.0,910.0,907.0,1020.8571428571429,1044.357142857143,1089.5,110.26,108.77,61.27,60.78,77.0,77.0,137.1,137.1,2113.0
2013-08-16,1102.0,2112.0,923.0,916.0,111.82,61.65,77.0,137.1,2013,8,3,4,1091.0,1024.0,1075.0,1099.0,2099.0,1853.0,926.0,977.0,913.0,911.0,1027.2857142857142,1045.0,1089.1,111.58,108.39,61.41,61.2,77.0,77.0,137.1,137.1,2046.0
2013-08-19,1115.0,2140.0,917.0,917.0,111.41,63.13,77.0,137.1,2013,8,3,0,1102.0,1012.0,1067.0,1115.0,2112.0,1829.0,923.0,962.0,916.0,913.0,1038.4285714285713,1046.9285714285713,1089.2,111.82,107.32,61.65,60.72,77.0,77.0,137.1,137.1,2003.0
2013-08-20,1145.0,2218.0,912.0,919.0,110.74,63.21,77.0,137.1,2013,8,3,1,1115.0,1001.0,1062.0,1120.0,2140.0,1813.0,917.0,948.0,917.0,911.0,1053.142857142857,1050.357142857143,1089.2,111.41,108.49,63.13,60.34,77.0,77.0,137.1,137.1,1994.0
2013-08-21,1156.0,2268.0,905.0,920.0,110.82,64.11,77.0,137.1,2013,8,3,2,1145.0,996.0,1066.0,1130.0,2218.0,1805.0,912.0,940.0,919.0,910.0,1073.7142857142858,1056.2857142857142,1090.0333333333333,110.74,109.28,63.21,61.15,77.0,77.0,137.1,137.1,2008.0
2013-08-22,1158.0,2284.0,904.0,925.0,110.51,64.55,77.0,137.1,2013,8,3,3,1156.0,1007.0,1065.0,1139.0,2268.0,1846.0,905.0,933.0,920.0,909.0,1096.5714285714287,1062.7142857142858,1090.9,110.82,110.69,64.11,61.33,77.0,77.0,137.1,137.1,2047.0
2013-08-23,1165.0,2312.0,903.0,927.0,112.12,63.22,77.0,137.1,2013,8,3,4,1158.0,1060.0,1058.0,1149.0,2284.0,2021.0,904.0,928.0,925.0,910.0,1118.142857142857,1069.357142857143,1091.5333333333333,110.51,110.26,64.55,61.27,77.0,77.0,137.1,137.1,2084.0
2013-08-26,1168.0,2329.25,903.75,928.5,112.23,64.26,77.0,137.1,2013,8,3,0,1165.0,1091.0,1046.0,1151.0,2312.0,2099.0,903.0,926.0,927.0,913.0,1133.142857142857,1077.0,1092.0666666666666,112.12,111.58,63.22,61.41,77.0,77.0,137.1,137.1,2115.0
2013-08-27,1169.0,2335.0,904.0,929.0,115.21,66.24,77.0,137.1,2013,8,3,1,1168.0,1102.0,1024.0,1152.0,2329.25,2112.0,903.75,923.0,928.5,916.0,1144.142857142857,1085.7142857142858,1092.6333333333334,112.23,111.82,64.26,61.65,77.0,77.0,137.1,137.1,2146.0
2013-08-28,1146.0,2284.0,901.0,934.0,116.27,68.8,77.0,137.1,2013,8,3,2,1169.0,1115.0,1012.0,1151.0,2335.0,2140.0,904.0,917.0,929.0,917.0,1153.7142857142858,1096.0714285714287,1093.2,115.21,111.41,66.24,63.13,77.0,77.0,137.1,137.1,2125.0
2013-08-29,1136.0,2256.0,904.0,937.0,116.91,66.55,77.0,137.1,2013,8,3,3,1146.0,1145.0,1001.0,1146.0,2284.0,2218.0,901.0,912.0,934.0,919.0,1158.142857142857,1105.642857142857,1093.0333333333333,116.27,110.74,68.8,63.21,77.0,77.0,137.1,137.1,2011.0
2013-08-30,1132.0,2243.0,907.0,939.0,115.97,65.71,77.0,137.1,2013,8,3,4,1136.0,1156.0,996.0,1138.0,2256.0,2268.0,904.0,905.0,937.0,920.0,1156.857142857143,1115.2857142857142,1092.7,116.91,110.82,66.55,64.11,77.0,77.0,137.1,137.1,1985.0
2013-09-02,1139.0,2263.0,912.0,939.0,115.61,67.21,77.6,134.2,2013,9,3,0,1132.0,1158.0,1007.0,1135.0,2243.0,2284.0,907.0,904.0,939.0,925.0,1153.4285714285713,1125.0,1092.5,115.97,110.51,65.71,64.55,77.0,77.0,137.1,137.1,1961.0
2013-09-03,1168.0,2344.0,921.0,939.0,115.49,67.71,77.6,134.2,2013,9,3,1,1139.0,1165.0,1060.0,1127.0,2263.0,2312.0,912.0,903.0,939.0,927.0,1150.7142857142858,1134.4285714285713,1092.6333333333334,115.61,112.12,67.21,63.22,77.6,77.0,134.2,137.1,1963.0
2013-09-04,1215.0,2445.0,933.0,943.0,115.65,67.08,77.6,134.2,2013,9,3,2,1168.0,1168.0,1091.0,1117.0,2344.0,2329.25,921.0,903.75,939.0,928.5,1151.142857142857,1142.142857142857,1094.0,115.49,112.23,67.71,64.26,77.6,77.0,134.2,137.1,1965.0
2013-09-05,1279.0,2660.0,961.0,952.0,115.81,66.01,77.6,134.2,2013,9,3,3,1215.0,1169.0,1102.0,1092.0,2445.0,2335.0,933.0,904.0,943.0,929.0,1157.857142857143,1151.0,1097.2666666666667,115.65,115.21,67.08,66.24,77.6,77.0,134.2,137.1,1960.0
2013-09-06,1352.0,2799.0,1020.0,959.0,117.15,65.23,77.6,134.2,2013,9,3,4,1279.0,1146.0,1115.0,1082.0,2660.0,2284.0,961.0,901.0,952.0,934.0,1173.5714285714287,1163.642857142857,1103.5,115.81,116.27,66.01,68.8,77.6,77.0,134.2,137.1,1901.0
2013-09-09,1478.0,3113.0,1105.0,965.0,115.2,65.24,77.6,134.2,2013,9,3,0,1352.0,1136.0,1145.0,1075.0,2799.0,2256.0,1020.0,904.0,959.0,937.0,1203.0,1180.5714285714287,1112.5,117.15,116.91,65.23,66.55,77.6,77.0,134.2,137.1,1878.0
2013-09-10,1541.0,3255.0,1186.0,958.0,112.1,63.83,77.6,134.2,2013,9,3,1,1478.0,1132.0,1156.0,1067.0,3113.0,2243.0,1105.0,907.0,965.0,939.0,1251.857142857143,1204.357142857143,1125.9333333333334,115.2,115.97,65.24,65.71,77.6,77.0,134.2,137.1,1847.0
2013-09-11,1628.0,3431.0,1241.0,954.0,112.37,63.26,77.6,134.2,2013,9,3,2,1541.0,1139.0,1158.0,1062.0,3255.0,2263.0,1186.0,912.0,958.0,939.0,1310.2857142857142,1231.857142857143,1141.7333333333333,112.1,115.61,63.83,67.21,77.6,77.6,134.2,134.2,1786.0
2013-09-12,1621.0,3397.0,1278.0,946.0,113.11,63.42,77.6,134.2,2013,9,3,3,1628.0,1168.0,1165.0,1066.0,3431.0,2344.0,1241.0,921.0,954.0,939.0,1380.142857142857,1265.4285714285713,1160.6,112.37,115.49,63.26,67.71,77.6,77.6,134.2,134.2,1708.0
2013-09-13,1636.0,3446.0,1306.0,940.0,113.31,63.36,77.6,134.2,2013,9,3,4,1621.0,1215.0,1168.0,1065.0,3397.0,2445.0,1278.0,933.0,946.0,943.0,1444.857142857143,1298.0,1179.1,113.11,115.65,63.42,67.08,77.6,77.6,134.2,134.2,1671.0
2013-09-16,1651.0,3480.0,1321.0,936.0,110.86,62.83,77.6,134.2,2013,9,3,0,1636.0,1279.0,1169.0,1058.0,3446.0,2660.0,1306.0,961.0,940.0,952.0,1505.0,1331.4285714285713,1198.1333333333334,113.31,115.81,63.36,66.01,77.6,77.6,134.2,134.2,1619.0
2013-09-17,1740.0,3691.0,1349.0,934.0,109.05,63.36,77.6,134.2,2013,9,3,1,1651.0,1352.0,1146.0,1046.0,3480.0,2799.0,1321.0,1020.0,936.0,959.0,1558.142857142857,1365.857142857143,1217.9,110.86,117.15,62.83,65.23,77.6,77.6,134.2,134.2,1551.0
2013-09-18,1822.0,3838.0,1385.0,942.0,109.09,63.37,77.6,134.2,2013,9,3,2,1740.0,1478.0,1136.0,1024.0,3691.0,3113.0,1349.0,1105.0,934.0,965.0,1613.5714285714287,1408.2857142857142,1241.0333333333333,109.05,115.2,63.36,65.24,77.6,77.6,134.2,134.2,1484.0
2013-09-19,1860.0,3924.0,1415.0,951.0,110.66,61.76,77.6,134.2,2013,9,3,3,1822.0,1541.0,1132.0,1012.0,3838.0,3255.0,1385.0,1186.0,942.0,958.0,1662.7142857142858,1457.2857142857142,1267.6333333333334,109.09,112.1,63.37,63.83,77.6,77.6,134.2,134.2,1504.0
2013-09-20,1904.0,4018.0,1453.0,964.0,110.22,62.27,77.6,134.2,2013,9,3,4,1860.0,1628.0,1139.0,1001.0,3924.0,3431.0,1415.0,1241.0,951.0,954.0,1708.2857142857142,1509.2857142857142,1295.9,110.66,112.37,61.76,63.26,77.6,77.6,134.2,134.2,1525.0
2013-09-23,1947.0,4111.0,1509.0,971.0,108.56,62.57,77.6,134.2,2013,9,3,0,1904.0,1621.0,1168.0,996.0,4018.0,3397.0,1453.0,1278.0,964.0,946.0,1747.7142857142858,1563.9285714285713,1326.0,110.22,113.11,62.27,63.42,77.6,77.6,134.2,134.2,1552.0
2013-09-24,2021.0,4253.0,1602.0,986.0,107.68,62.72,77.6,134.2,2013,9,3,1,1947.0,1636.0,1215.0,1007.0,4111.0,3446.0,1509.0,1306.0,971.0,940.0,1794.2857142857142,1619.5714285714287,1357.7,108.56,113.31,62.57,63.36,77.6,77.6,134.2,134.2,1600.0
2013-09-25,2127.0,4329.0,1745.0,1012.0,109.46,62.2,77.6,134.2,2013,9,3,2,2021.0,1651.0,1279.0,1060.0,4253.0,3480.0,1602.0,1321.0,986.0,936.0,1849.2857142857142,1677.142857142857,1391.5,107.68,110.86,62.72,62.83,77.6,77.6,134.2,134.2,1602.0
2013-09-26,2113.0,4193.0,1794.0,1046.0,108.86,61.68,77.6,134.2,2013,9,3,3,2127.0,1740.0,1352.0,1091.0,4329.0,3691.0,1745.0,1349.0,1012.0,934.0,1917.2857142857142,1737.7142857142858,1427.0666666666666,109.46,109.05,62.2,63.36,77.6,77.6,134.2,134.2,1593.0
2013-09-27,2046.0,3967.0,1800.0,1069.0,109.45,62.48,77.6,134.2,2013,9,3,4,2113.0,1822.0,1478.0,1102.0,4193.0,3838.0,1794.0,1385.0,1046.0,942.0,1970.5714285714287,1792.0714285714287,1461.1333333333334,108.86,109.09,61.68,63.37,77.6,77.6,134.2,134.2,1581.0
2013-09-30,2003.0,3853.0,1795.0,1079.0,107.85,62.58,77.6,134.2,2013,9,3,0,2046.0,1860.0,1541.0,1115.0,3967.0,3924.0,1800.0,1415.0,1069.0,951.0,2002.5714285714287,1832.642857142857,1492.6,109.45,110.66,62.48,61.76,77.6,77.6,134.2,134.2,1564.0
2013-10-01,1994.0,3816.0,1786.0,1087.0,107.32,62.46,79.4,132.6,2013,10,4,1,2003.0,1904.0,1628.0,1145.0,3853.0,4018.0,1795.0,1453.0,1079.0,964.0,2023.0,1865.642857142857,1522.2,107.85,110.22,62.58,62.27,77.6,77.6,134.2,134.2,1543.0
2013-10-02,2008.0,3810.0,1813.0,1093.0,109.09,62.46,79.4,132.6,2013,10,4,2,1994.0,1947.0,1621.0,1156.0,3816.0,4111.0,1786.0,1509.0,1087.0,971.0,2035.857142857143,1891.7857142857142,1550.5,107.32,108.56,62.46,62.57,79.4,77.6,132.6,134.2,1531.0
2013-10-03,2047.0,3878.0,1862.0,1101.0,109.49,61.97,79.4,132.6,2013,10,4,3,2008.0,2021.0,1636.0,1158.0,3810.0,4253.0,1813.0,1602.0,1093.0,986.0,2044.5714285714287,1919.4285714285713,1578.9,109.09,107.68,62.46,62.72,79.4,77.6,132.6,134.2,1517.0
2013-10-04,2084.0,3943.0,1914.0,1113.0,109.42,61.42,79.4,132.6,2013,10,4,4,2047.0,2127.0,1651.0,1165.0,3878.0,4329.0,1862.0,1745.0,1101.0,1012.0,2048.285714285714,1948.7857142857142,1608.5333333333333,109.49,109.46,61.97,62.2,79.4,77.6,132.6,134.2,1507.0
2013-10-07,2115.0,4020.0,1947.0,1127.0,109.66,61.79,79.4,132.6,2013,10,4,0,2084.0,2113.0,1740.0,1168.0,3943.0,4193.0,1914.0,1794.0,1113.0,1046.0,2042.142857142857,1979.7142857142858,1639.1666666666667,109.42,108.86,61.42,61.68,79.4,77.6,132.6,134.2,1500.0
2013-10-08,2146.0,4085.0,1989.0,1145.0,110.56,61.79,79.4,132.6,2013,10,4,1,2115.0,2046.0,1822.0,1169.0,4020.0,3967.0,1947.0,1800.0,1127.0,1069.0,2042.4285714285713,2006.5,1670.7333333333333,109.66,109.45,61.79,62.48,79.4,77.6,132.6,134.2,1495.0
2013-10-09,2125.0,3959.0,2016.0,1162.0,109.02,61.92,79.4,132.6,2013,10,4,2,2146.0,2003.0,1860.0,1146.0,4085.0,3853.0,1989.0,1795.0,1145.0,1079.0,2056.714285714286,2029.642857142857,1703.3,110.56,107.85,61.79,62.58,79.4,77.6,132.6,134.2,1527.0
2013-10-10,2011.0,3621.0,2027.0,1175.0,111.63,61.3,79.4,132.6,2013,10,4,3,2125.0,1994.0,1904.0,1136.0,3959.0,3816.0,2016.0,1786.0,1162.0,1087.0,2074.1428571428573,2048.5714285714284,1735.9333333333334,109.02,107.32,61.92,62.46,79.4,79.4,132.6,132.6,1499.0
2013-10-11,1985.0,3527.0,2024.0,1182.0,110.65,61.07,79.4,132.6,2013,10,4,4,2011.0,2008.0,1947.0,1132.0,3621.0,3810.0,2027.0,1813.0,1175.0,1093.0,2076.5714285714284,2056.214285714286,1765.1,111.63,109.09,61.3,62.46,79.4,79.4,132.6,132.6,1483.0
2013-10-14,1961.0,3455.0,2020.0,1185.0,110.13,61.6475,79.4,132.6,2013,10,4,0,1985.0,2047.0,2021.0,1139.0,3527.0,3878.0,2024.0,1862.0,1182.0,1101.0,2073.285714285714,2058.9285714285716,1793.5333333333333,110.65,109.49,61.07,61.97,79.4,79.4,132.6,132.6,1492.0
2013-10-15,1963.0,3469.0,2021.0,1186.0,110.67,61.84,79.4,132.6,2013,10,4,1,1961.0,2084.0,2127.0,1168.0,3455.0,3943.0,2020.0,1914.0,1185.0,1113.0,2061.0,2054.6428571428573,1820.9333333333334,110.13,109.42,61.6475,61.42,79.4,79.4,132.6,132.6,1512.0
2013-10-16,1965.0,3478.0,2030.0,1199.0,110.79,61.72,79.4,132.6,2013,10,4,2,1963.0,2115.0,2113.0,1215.0,3469.0,4020.0,2021.0,1947.0,1186.0,1127.0,2043.7142857142858,2042.9285714285713,1847.4333333333334,110.67,109.66,61.84,61.79,79.4,79.4,132.6,132.6,1573.0
2013-10-17,1960.0,3451.0,2059.0,1206.0,109.55,61.13,79.4,132.6,2013,10,4,3,1965.0,2146.0,2046.0,1279.0,3478.0,4085.0,2030.0,1989.0,1199.0,1145.0,2022.2857142857142,2032.357142857143,1872.4333333333334,110.79,110.56,61.72,61.79,79.4,79.4,132.6,132.6,1719.0
2013-10-18,1901.0,3264.0,2060.0,1213.0,109.4,61.26,79.4,132.6,2013,10,4,4,1960.0,2125.0,2003.0,1352.0,3451.0,3959.0,2059.0,2016.0,1206.0,1162.0,1995.7142857142858,2026.2142857142858,1895.1333333333334,109.55,109.02,61.13,61.92,79.4,79.4,132.6,132.6,1821.0
2013-10-21,1878.0,3200.0,2054.0,1221.0,109.47,61.56,79.4,132.6,2013,10,4,0,1901.0,2011.0,1994.0,1478.0,3264.0,3621.0,2060.0,2027.0,1213.0,1175.0,1963.7142857142858,2018.9285714285713,1913.4333333333334,109.4,111.63,61.26,61.3,79.4,79.4,132.6,132.6,1865.0
2013-10-22,1847.0,3110.0,2038.0,1228.0,109.57,61.64,79.4,132.6,2013,10,4,1,1878.0,1985.0,2008.0,1541.0,3200.0,3527.0,2054.0,2024.0,1221.0,1182.0,1944.7142857142858,2010.642857142857,1926.7666666666667,109.47,110.65,61.56,61.07,79.4,79.4,132.6,132.6,1922.0
2013-10-23,1786.0,2943.0,2010.0,1243.0,107.74,61.54,79.4,132.6,2013,10,4,2,1847.0,1961.0,2047.0,1628.0,3110.0,3455.0,2038.0,2020.0,1228.0,1185.0,1925.0,1999.142857142857,1936.9666666666667,109.57,110.13,61.64,61.6475,79.4,79.4,132.6,132.6,1994.0
2013-10-24,1708.0,2775.0,1959.0,1252.0,106.63,61.48,79.4,132.6,2013,10,4,3,1786.0,1963.0,2084.0,1621.0,2943.0,3469.0,2010.0,2021.0,1243.0,1186.0,1900.0,1980.5,1942.2333333333333,107.74,110.67,61.54,61.84,79.4,79.4,132.6,132.6,2145.0
2013-10-25,1671.0,2681.0,1904.0,1258.0,105.7,61.4,79.4,132.6,2013,10,4,4,1708.0,1965.0,2115.0,1636.0,2775.0,3478.0,1959.0,2030.0,1252.0,1199.0,1863.5714285714287,1953.642857142857,1945.1333333333334,106.63,110.79,61.48,61.72,79.4,79.4,132.6,132.6,2176.0
2013-10-28,1619.0,2526.0,1855.0,1260.0,108.29,61.54,79.4,132.6,2013,10,4,0,1671.0,1960.0,2146.0,1651.0,2681.0,3451.0,1904.0,2059.0,1258.0,1206.0,1821.5714285714287,1921.9285714285713,1946.3,105.7,109.55,61.4,61.13,79.4,79.4,132.6,132.6,2183.0
2013-10-29,1551.0,2340.0,1790.0,1266.0,108.04,61.34,79.4,132.6,2013,10,4,1,1619.0,1901.0,2125.0,1740.0,2526.0,3264.0,1855.0,2060.0,1260.0,1213.0,1772.857142857143,1884.2857142857142,1945.2333333333333,108.29,109.4,61.54,61.26,79.4,79.4,132.6,132.6,2237.0
2013-10-30,1484.0,2164.0,1716.0,1268.0,108.41,61.09,79.4,132.6,2013,10,4,2,1551.0,1878.0,2011.0,1822.0,2340.0,3200.0,1790.0,2054.0,1266.0,1221.0,1722.857142857143,1843.2857142857142,1938.9333333333334,108.04,109.47,61.34,61.56,79.4,79.4,132.6,132.6,2299.0
2013-10-31,1504.0,2245.0,1667.0,1269.0,107.53,61.61,79.4,132.6,2013,10,4,3,1484.0,1847.0,1985.0,1860.0,2164.0,3110.0,1716.0,2038.0,1268.0,1228.0,1666.5714285714287,1805.642857142857,1927.6666666666667,108.41,109.57,61.09,61.64,79.4,79.4,132.6,132.6,2337.0
2013-11-01,1525.0,2316.0,1631.0,1273.0,105.78,61.84,82.3,136.3,2013,11,4,4,1504.0,1786.0,1961.0,1904.0,2245.0,2943.0,1667.0,2010.0,1269.0,1243.0,1617.5714285714287,1771.2857142857142,1915.8,107.53,107.74,61.61,61.54,79.4,79.4,132.6,132.6,2330.0
2013-11-04,1552.0,2400.0,1612.0,1280.0,104.85,61.74,82.3,136.3,2013,11,4,0,1525.0,1708.0,1963.0,1947.0,2316.0,2775.0,1631.0,1959.0,1273.0,1252.0,1580.2857142857142,1740.142857142857,1903.1666666666667,105.78,106.63,61.84,61.48,82.3,79.4,136.3,132.6,2292.0
2013-11-05,1600.0,2553.0,1617.0,1285.0,105.01,61.76,82.3,136.3,2013,11,4,1,1552.0,1671.0,1965.0,2021.0,2400.0,2681.0,1612.0,1904.0,1280.0,1258.0,1558.0,1710.7857142857142,1890.0,104.85,105.7,61.74,61.4,82.3,79.4,136.3,132.6,2225.0
2013-11-06,1602.0,2554.0,1614.0,1291.0,105.46,62.48,82.3,136.3,2013,11,4,2,1600.0,1619.0,1960.0,2127.0,2553.0,2526.0,1617.0,1855.0,1285.0,1260.0,1547.857142857143,1684.7142857142858,1875.9666666666667,105.01,108.29,61.76,61.54,82.3,79.4,136.3,132.6,2156.0
2013-11-07,1593.0,2533.0,1594.0,1305.0,103.08,62.41,82.3,136.3,2013,11,4,3,1602.0,1551.0,1901.0,2113.0,2554.0,2340.0,1614.0,1790.0,1291.0,1266.0,1545.4285714285713,1659.142857142857,1858.4666666666667,105.46,108.04,62.48,61.34,82.3,79.4,136.3,132.6,2134.0
2013-11-08,1581.0,2514.0,1565.0,1315.0,104.29,62.48,82.3,136.3,2013,11,4,4,1593.0,1484.0,1878.0,2046.0,2533.0,2164.0,1594.0,1716.0,1305.0,1268.0,1551.4285714285713,1637.142857142857,1841.1333333333334,103.08,108.41,62.41,61.09,82.3,79.4,136.3,132.6,2208.0
2013-11-11,1564.0,2506.0,1542.0,1320.0,105.76,63.4175,82.3,136.3,2013,11,4,0,1581.0,1504.0,1847.0,2003.0,2514.0,2245.0,1565.0,1667.0,1315.0,1269.0,1565.2857142857142,1615.9285714285713,1825.6333333333334,104.29,107.53,62.48,61.61,82.3,79.4,136.3,132.6,2247.0
2013-11-12,1543.0,2473.0,1510.0,1321.0,106.29,63.73,82.3,136.3,2013,11,4,1,1564.0,1525.0,1786.0,1994.0,2506.0,2316.0,1542.0,1631.0,1320.0,1273.0,1573.857142857143,1595.7142857142858,1811.0,105.76,105.78,63.4175,61.84,82.3,82.3,136.3,136.3,2277.0
2013-11-13,1531.0,2455.0,1474.0,1325.0,106.9,63.28,82.3,136.3,2013,11,4,2,1543.0,1552.0,1708.0,2008.0,2473.0,2400.0,1510.0,1612.0,1321.0,1280.0,1576.4285714285713,1578.357142857143,1795.9666666666667,106.29,104.85,63.73,61.74,82.3,82.3,136.3,136.3,2240.555555555556
2013-11-14,1517.0,2397.0,1438.0,1339.0,108.29,63.12,82.3,136.3,2013,11,4,3,1531.0,1600.0,1671.0,2047.0,2455.0,2553.0,1474.0,1617.0,1325.0,1285.0,1573.4285714285713,1565.7142857142858,1780.0666666666666,106.9,105.01,63.28,61.76,82.3,82.3,136.3,136.3,2222.333333333333
2013-11-15,1507.0,2377.0,1409.0,1354.0,108.25,62.97,82.3,136.3,2013,11,4,4,1517.0,1602.0,1619.0,2084.0,2397.0,2554.0,1438.0,1614.0,1339.0,1291.0,1561.5714285714287,1554.7142857142858,1762.4,108.29,105.46,63.12,62.48,82.3,82.3,136.3,136.3,2167.6666666666665
2013-11-18,1500.0,2366.0,1382.0,1360.0,108.8,62.07,82.3,136.3,2013,11,4,0,1507.0,1593.0,1551.0,2115.0,2377.0,2533.0,1409.0,1594.0,1354.0,1305.0,1548.0,1546.7142857142858,1743.1666666666667,108.25,103.08,62.97,62.41,82.3,82.3,136.3,136.3,2149.4444444444443
2013-11-19,1495.0,2366.0,1353.0,1363.0,108.29,62.26,82.3,136.3,2013,11,4,1,1500.0,1581.0,1484.0,2146.0,2366.0,2514.0,1382.0,1565.0,1360.0,1315.0,1534.7142857142858,1543.0714285714287,1722.6666666666667,108.8,104.29,62.07,62.48,82.3,82.3,136.3,136.3,2113.0
2013-11-20,1527.0,2511.0,1346.0,1371.0,108.27,62.34,82.3,136.3,2013,11,4,2,1495.0,1564.0,1504.0,2125.0,2366.0,2506.0,1353.0,1542.0,1363.0,1320.0,1522.4285714285713,1543.857142857143,1700.9666666666667,108.29,105.76,62.26,63.4175,82.3,82.3,136.3,136.3,2036.0
2013-11-21,1499.0,2447.0,1345.0,1378.0,109.9,62.94,82.3,136.3,2013,11,4,3,1527.0,1543.0,1525.0,2011.0,2511.0,2473.0,1346.0,1510.0,1371.0,1321.0,1517.142857142857,1545.5,1681.0333333333333,108.27,106.29,62.34,63.73,82.3,82.3,136.3,136.3,1951.0
2013-11-22,1483.0,2390.0,1362.0,1393.0,111.36,62.72,82.3,136.3,2013,11,4,4,1499.0,1531.0,1552.0,1985.0,2447.0,2455.0,1345.0,1474.0,1378.0,1325.0,1510.857142857143,1543.642857142857,1663.9666666666667,109.9,106.9,62.94,63.28,82.3,82.3,136.3,136.3,1876.0
2013-11-25,1492.0,2391.0,1387.0,1404.0,110.83,62.37,82.3,136.3,2013,11,4,0,1483.0,1517.0,1600.0,1961.0,2390.0,2397.0,1362.0,1438.0,1393.0,1339.0,1504.0,1538.7142857142858,1647.2333333333333,111.36,108.29,62.72,63.12,82.3,82.3,136.3,136.3,1826.0
2013-11-26,1512.0,2399.0,1427.0,1418.0,112.04,62.47,82.3,136.3,2013,11,4,1,1492.0,1507.0,1602.0,1963.0,2391.0,2377.0,1387.0,1409.0,1404.0,1354.0,1500.4285714285713,1531.0,1631.6,110.83,108.25,62.37,62.97,82.3,82.3,136.3,136.3,1706.0
2013-11-27,1573.0,2496.0,1510.0,1441.0,111.32,62.47,82.3,136.3,2013,11,4,2,1512.0,1500.0,1593.0,1965.0,2399.0,2366.0,1427.0,1382.0,1418.0,1360.0,1501.142857142857,1524.5714285714287,1616.5666666666666,112.04,108.8,62.47,62.07,82.3,82.3,136.3,136.3,1512.0
2013-11-28,1719.0,2848.0,1613.0,1458.0,111.195,62.43,82.3,136.3,2013,11,4,3,1573.0,1495.0,1581.0,1960.0,2496.0,2366.0,1510.0,1353.0,1441.0,1363.0,1511.5714285714287,1523.142857142857,1603.5,111.32,108.29,62.47,62.26,82.3,82.3,136.3,136.3,1395.0
2013-11-29,1821.0,3089.0,1665.0,1475.0,111.07,62.39,82.3,136.3,2013,11,4,4,1719.0,1527.0,1564.0,1901.0,2848.0,2511.0,1613.0,1346.0,1458.0,1371.0,1543.5714285714287,1533.0,1595.4666666666667,111.195,108.27,62.43,62.34,82.3,82.3,136.3,136.3,1370.0
2013-12-02,1865.0,3194.0,1695.0,1488.0,111.49,62.3,84.3,135.8,2013,12,4,0,1821.0,1499.0,1543.0,1878.0,3089.0,2447.0,1665.0,1345.0,1475.0,1378.0,1585.5714285714287,1551.357142857143,1592.8,111.07,109.9,62.39,62.94,82.3,82.3,136.3,136.3,1374.0
2013-12-03,1922.0,3316.0,1741.0,1507.0,113.06,62.38,84.3,135.8,2013,12,4,1,1865.0,1483.0,1531.0,1847.0,3194.0,2390.0,1695.0,1362.0,1488.0,1393.0,1637.857142857143,1574.357142857143,1592.3666666666666,111.49,111.36,62.3,62.72,84.3,82.3,135.8,136.3,1398.0
2013-12-04,1994.0,3481.0,1795.0,1522.0,113.27,61.9,84.3,135.8,2013,12,4,2,1922.0,1492.0,1517.0,1786.0,3316.0,2391.0,1741.0,1387.0,1507.0,1404.0,1700.5714285714287,1602.2857142857142,1594.8666666666666,113.06,110.83,62.38,62.37,84.3,82.3,135.8,136.3,1421.0
2013-12-05,2145.0,3843.0,1867.0,1531.0,112.07,61.6,84.3,135.8,2013,12,4,3,1994.0,1512.0,1507.0,1708.0,3481.0,2399.0,1795.0,1427.0,1522.0,1418.0,1772.2857142857142,1636.357142857143,1601.8,113.27,112.04,61.9,62.47,84.3,82.3,135.8,136.3,1428.0
2013-12-06,2176.0,3842.0,1923.0,1552.0,111.5,61.43,84.3,135.8,2013,12,4,4,2145.0,1573.0,1500.0,1671.0,3843.0,2496.0,1867.0,1510.0,1531.0,1441.0,1862.7142857142858,1681.9285714285713,1616.3666666666666,112.07,111.32,61.6,62.47,84.3,82.3,135.8,136.3,1369.0
2013-12-09,2183.0,3831.0,1955.0,1557.0,110.07,60.87,84.3,135.8,2013,12,4,0,2176.0,1719.0,1495.0,1619.0,3842.0,2848.0,1923.0,1613.0,1552.0,1458.0,1948.857142857143,1730.2142857142858,1633.2,111.5,111.195,61.43,62.43,84.3,82.3,135.8,136.3,1322.0
2013-12-10,2237.0,4011.0,1997.0,1554.0,108.91,61.04,84.3,135.8,2013,12,4,1,2183.0,1821.0,1527.0,1551.0,3831.0,3089.0,1955.0,1665.0,1557.0,1475.0,2015.142857142857,1779.357142857143,1652.0,110.07,111.07,60.87,62.39,84.3,82.3,135.8,136.3,1271.0
2013-12-11,2299.0,4210.0,2050.0,1560.0,109.47,61.38,84.3,135.8,2013,12,4,2,2237.0,1865.0,1499.0,1484.0,4011.0,3194.0,1997.0,1695.0,1554.0,1488.0,2074.5714285714284,1830.0714285714287,1674.8666666666666,108.91,111.49,61.04,62.3,84.3,84.3,135.8,135.8,1246.0
2013-12-12,2337.0,4291.0,2085.0,1562.0,108.99,61.85,84.3,135.8,2013,12,4,3,2299.0,1922.0,1483.0,1504.0,4210.0,3316.0,2050.0,1741.0,1560.0,1507.0,2136.5714285714284,1887.2142857142858,1702.0333333333333,109.47,113.06,61.38,62.38,84.3,84.3,135.8,135.8,1217.0
2013-12-13,2330.0,4246.0,2096.0,1553.0,108.08,62.16,84.3,135.8,2013,12,4,4,2337.0,1994.0,1492.0,1525.0,4291.0,3481.0,2085.0,1795.0,1562.0,1522.0,2195.8571428571427,1948.2142857142858,1729.8,108.99,113.27,61.85,61.9,84.3,84.3,135.8,135.8,1177.0
2013-12-16,2292.0,4065.0,2082.0,1546.0,110.3,61.68,84.3,135.8,2013,12,4,0,2330.0,2145.0,1512.0,1552.0,4246.0,3843.0,2096.0,1867.0,1553.0,1531.0,2243.8571428571427,2008.0714285714287,1756.6333333333334,108.08,112.07,62.16,61.6,84.3,84.3,135.8,135.8,1148.0
2013-12-17,2225.0,3818.0,2025.0,1541.0,108.91,61.92,84.3,135.8,2013,12,4,1,2292.0,2176.0,1573.0,1600.0,4065.0,3842.0,2082.0,1923.0,1546.0,1552.0,2264.8571428571427,2063.785714285714,1781.3,110.3,111.5,61.68,61.43,84.3,84.3,135.8,135.8,1127.0
2013-12-18,2156.0,3638.0,1946.0,1517.0,109.56,62.06,84.3,135.8,2013,12,4,2,2225.0,2183.0,1719.0,1602.0,3818.0,3831.0,2025.0,1955.0,1541.0,1557.0,2271.8571428571427,2110.3571428571427,1802.1333333333334,108.91,110.07,61.92,60.87,84.3,84.3,135.8,135.8,1110.0
2013-12-19,2134.0,3596.0,1883.0,1499.0,110.78,62.14,84.3,135.8,2013,12,4,3,2156.0,2237.0,1821.0,1593.0,3638.0,4011.0,1946.0,1997.0,1517.0,1554.0,2268.0,2141.5714285714284,1820.6,109.56,108.91,62.06,61.04,84.3,84.3,135.8,135.8,1093.0
2013-12-20,2208.0,3875.0,1858.0,1482.0,112.15,61.98,84.3,135.8,2013,12,4,4,2134.0,2299.0,1865.0,1581.0,3596.0,4210.0,1883.0,2050.0,1499.0,1560.0,2253.285714285714,2163.9285714285716,1838.6333333333334,110.78,109.47,62.14,61.38,84.3,84.3,135.8,135.8,1084.0
2013-12-23,2247.0,3996.0,1835.0,1468.0,111.58,61.83,84.3,135.8,2013,12,4,0,2208.0,2337.0,1922.0,1564.0,3875.0,4291.0,1858.0,2085.0,1482.0,1562.0,2240.285714285714,2188.4285714285716,1859.5333333333333,112.15,108.99,61.98,61.85,84.3,84.3,135.8,135.8,1086.0
2013-12-24,2277.0,4078.0,1825.0,1453.0,111.57,61.75,84.3,135.8,2013,12,4,1,2247.0,2330.0,1994.0,1543.0,3996.0,4246.0,1835.0,2096.0,1468.0,1553.0,2227.4285714285716,2211.6428571428573,1882.3,111.58,108.08,61.83,62.16,84.3,84.3,135.8,135.8,1092.0
2013-12-26,2240.555555555556,4001.3333333333335,1815.0,1425.6666666666667,111.65,62.15,84.3,135.8,2013,12,4,3,2277.0,2292.0,2145.0,1531.0,4078.0,4065.0,1825.0,2082.0,1453.0,1546.0,2219.8571428571427,2231.8571428571427,1906.7666666666667,111.57,110.3,61.75,61.68,84.3,84.3,135.8,135.8,1091.0
2013-12-27,2222.333333333333,3963.0,1810.0,1412.0,112.06,61.92,84.3,135.8,2013,12,4,4,2240.555555555556,2225.0,2176.0,1517.0,4001.3333333333335,3818.0,1815.0,2025.0,1425.6666666666667,1541.0,2212.507936507937,2238.6825396825398,1930.4185185185186,111.65,108.91,62.15,61.92,84.3,84.3,135.8,135.8,1096.0
2013-12-30,2167.6666666666665,3848.0,1795.0,1371.0,110.47,61.77,84.3,135.8,2013,12,4,0,2222.333333333333,2156.0,2183.0,1507.0,3963.0,3638.0,1810.0,1946.0,1412.0,1517.0,2212.1269841269846,2241.9920634920636,1953.9296296296297,112.06,109.56,61.92,62.06,84.3,84.3,135.8,135.8,1091.0
2013-12-31,2149.4444444444443,3809.6666666666665,1790.0,1357.3333333333333,109.95,61.92,84.3,135.8,2013,12,4,1,2167.6666666666665,2134.0,2237.0,1500.0,3848.0,3596.0,1795.0,1883.0,1371.0,1499.0,2213.793650793651,2240.8968253968255,1975.9518518518519,110.47,110.78,61.77,62.14,84.3,84.3,135.8,135.8,1085.0
2014-01-02,2113.0,3733.0,1780.0,1330.0,107.94,62.31,81.6,128.1,2014,1,1,3,2149.4444444444443,2208.0,2299.0,1495.0,3809.6666666666665,3875.0,1790.0,1858.0,1357.3333333333333,1482.0,2216.0,2234.6428571428573,1997.6,109.95,112.15,61.92,61.98,84.3,84.3,135.8,135.8,1097.0
2014-01-03,2036.0,3531.0,1750.0,1276.0,106.57,62.17,81.6,128.1,2014,1,1,4,2113.0,2247.0,2337.0,1527.0,3733.0,3996.0,1780.0,1835.0,1330.0,1468.0,2202.4285714285716,2221.3571428571427,2018.2,107.94,111.58,62.31,61.83,81.6,84.3,128.1,135.8,1106.0
2014-01-06,1951.0,3287.0,1724.0,1239.0,106.71,62.31,81.6,128.1,2014,1,1,0,2036.0,2277.0,2330.0,1499.0,3531.0,4078.0,1750.0,1825.0,1276.0,1453.0,2172.285714285714,2199.8571428571427,2035.1666666666667,106.57,111.57,62.17,61.75,81.6,84.3,128.1,135.8,1130.0
2014-01-07,1876.0,3017.0,1692.0,1204.0,107.01,62.3,81.6,128.1,2014,1,1,1,1951.0,2240.555555555556,2292.0,1483.0,3287.0,4001.3333333333335,1724.0,1815.0,1239.0,1425.6666666666667,2125.714285714286,2172.785714285714,2050.233333333333,106.71,111.65,62.31,62.15,81.6,84.3,128.1,135.8,1146.0
2014-01-08,1826.0,2818.0,1672.0,1191.0,107.42,62.07,81.6,128.1,2014,1,1,2,1876.0,2222.333333333333,2225.0,1492.0,3017.0,3963.0,1692.0,1810.0,1204.0,1412.0,2073.6349206349205,2143.0714285714284,2063.3333333333335,107.01,112.06,62.3,61.92,81.6,84.3,128.1,135.8,1160.0
2014-01-09,1706.0,2500.0,1645.0,1188.0,107.49,62.07,81.6,128.1,2014,1,1,3,1826.0,2167.6666666666665,2156.0,1512.0,2818.0,3848.0,1672.0,1795.0,1191.0,1371.0,2017.0158730158728,2114.5714285714284,2074.4666666666667,107.42,110.47,62.07,61.77,81.6,84.3,128.1,135.8,1164.0
2014-01-10,1512.0,2101.0,1621.0,1190.0,106.44,61.45,81.6,128.1,2014,1,1,4,1706.0,2149.4444444444443,2134.0,1573.0,2500.0,3809.6666666666665,1645.0,1790.0,1188.0,1357.3333333333333,1951.0634920634918,2082.4285714285716,2080.9333333333334,107.49,109.95,62.07,61.92,81.6,84.3,128.1,135.8,1175.0
2014-01-13,1395.0,1857.0,1598.0,1191.0,108.02,61.52,81.6,128.1,2014,1,1,0,1512.0,2113.0,2208.0,1719.0,2101.0,3733.0,1621.0,1780.0,1190.0,1330.0,1860.0,2038.0,2078.9,106.44,107.94,61.45,62.31,81.6,81.6,128.1,128.1,1174.0
2014-01-14,1370.0,1832.0,1580.0,1189.0,107.12,61.51,81.6,128.1,2014,1,1,1,1395.0,2036.0,2247.0,1821.0,1857.0,3531.0,1598.0,1750.0,1191.0,1276.0,1757.4285714285713,1979.9285714285713,2068.1,108.02,106.57,61.52,62.17,81.6,81.6,128.1,128.1,1197.0
2014-01-15,1374.0,1862.0,1572.0,1182.0,108.09,61.54,81.6,128.1,2014,1,1,2,1370.0,1951.0,2277.0,1865.0,1832.0,3287.0,1580.0,1724.0,1189.0,1239.0,1662.2857142857142,1917.2857142857142,2053.0666666666666,107.12,106.71,61.51,62.31,81.6,81.6,128.1,128.1,1222.0
2014-01-16,1398.0,1929.0,1570.0,1175.0,107.46,61.54,81.6,128.1,2014,1,1,3,1374.0,1876.0,2240.555555555556,1922.0,1862.0,3017.0,1572.0,1692.0,1182.0,1204.0,1579.857142857143,1852.7857142857142,2036.7,108.09,107.01,61.54,62.3,81.6,81.6,128.1,128.1,1250.0
2014-01-17,1421.0,2026.0,1564.0,1165.0,108.45,61.54,81.6,128.1,2014,1,1,4,1398.0,1826.0,2222.333333333333,1994.0,1929.0,2818.0,1570.0,1672.0,1175.0,1191.0,1511.5714285714287,1792.6031746031747,2019.2333333333333,107.46,107.42,61.54,62.07,81.6,81.6,128.1,128.1,1258.0
2014-01-20,1428.0,2082.0,1552.0,1154.0,108.01,61.84,81.6,128.1,2014,1,1,0,1421.0,1706.0,2167.6666666666665,2145.0,2026.0,2500.0,1564.0,1645.0,1165.0,1188.0,1453.7142857142858,1735.3650793650793,2000.1333333333334,108.45,107.49,61.54,62.07,81.6,81.6,128.1,128.1,1276.0
2014-01-21,1369.0,1973.0,1530.0,1141.0,109.17,61.94,81.6,128.1,2014,1,1,1,1428.0,1512.0,2149.4444444444443,2176.0,2082.0,2101.0,1552.0,1621.0,1154.0,1190.0,1414.0,1682.531746031746,1976.2333333333333,108.01,106.44,61.84,61.45,81.6,81.6,128.1,128.1,1325.0
2014-01-22,1322.0,1880.0,1496.0,1130.0,109.69,61.86,81.6,128.1,2014,1,1,2,1369.0,1395.0,2113.0,2183.0,1973.0,1857.0,1530.0,1598.0,1141.0,1191.0,1393.5714285714287,1626.7857142857142,1949.3333333333333,109.17,108.02,61.94,61.52,81.6,81.6,128.1,128.1,1391.0
2014-01-23,1271.0,1775.0,1468.0,1121.0,109.69,62.11,81.6,128.1,2014,1,1,3,1322.0,1370.0,2036.0,2237.0,1880.0,1832.0,1496.0,1580.0,1130.0,1189.0,1383.142857142857,1570.2857142857142,1920.6333333333334,109.69,107.12,61.86,61.51,81.6,81.6,128.1,128.1,1480.0
2014-01-24,1246.0,1723.0,1437.0,1112.0,109.14,62.68,81.6,128.1,2014,1,1,4,1271.0,1374.0,1951.0,2299.0,1775.0,1862.0,1468.0,1572.0,1121.0,1182.0,1369.0,1515.642857142857,1888.4333333333334,109.69,108.09,62.11,61.54,81.6,81.6,128.1,128.1,1543.0
2014-01-27,1217.0,1673.0,1413.0,1098.0,108.72,63.09,81.6,128.1,2014,1,1,0,1246.0,1398.0,1876.0,2337.0,1723.0,1929.0,1437.0,1570.0,1112.0,1175.0,1350.7142857142858,1465.2857142857142,1853.3333333333333,109.14,107.46,62.68,61.54,81.6,81.6,128.1,128.1,1562.0
2014-01-28,1177.0,1577.0,1387.0,1079.0,109.1,62.56,81.6,128.1,2014,1,1,1,1217.0,1421.0,1826.0,2330.0,1673.0,2026.0,1413.0,1564.0,1098.0,1165.0,1324.857142857143,1418.2142857142858,1816.0,108.72,108.45,63.09,61.54,81.6,81.6,128.1,128.1,1580.0
2014-01-29,1148.0,1531.0,1369.0,1056.0,108.83,62.46,81.6,128.1,2014,1,1,2,1177.0,1428.0,1706.0,2292.0,1577.0,2082.0,1387.0,1552.0,1079.0,1154.0,1290.0,1371.857142857143,1777.5666666666666,109.1,108.01,62.56,61.84,81.6,81.6,128.1,128.1,1453.0
2014-01-30,1127.0,1527.0,1347.0,1018.0,109.36,62.56,81.6,128.1,2014,1,1,3,1148.0,1369.0,1512.0,2225.0,1531.0,1973.0,1369.0,1530.0,1056.0,1141.0,1250.0,1332.0,1739.4333333333334,108.83,109.17,62.46,61.94,81.6,81.6,128.1,128.1,1468.0
2014-01-31,1110.0,1524.0,1337.0,996.0,108.16,62.63,81.6,128.1,2014,1,1,4,1127.0,1322.0,1395.0,2156.0,1527.0,1880.0,1347.0,1496.0,1018.0,1130.0,1215.4285714285713,1304.5,1702.8333333333333,109.36,109.69,62.56,61.86,81.6,81.6,128.1,128.1,1477.0
2014-02-03,1093.0,1516.0,1326.0,975.0,106.55,62.63,76.3,121.4,2014,2,1,0,1110.0,1271.0,1370.0,2134.0,1524.0,1775.0,1337.0,1468.0,996.0,1121.0,1185.142857142857,1284.142857142857,1667.9666666666667,108.16,109.69,62.63,62.11,81.6,81.6,128.1,128.1,1481.0
2014-02-04,1084.0,1513.0,1313.0,961.0,107.04,62.27,76.3,121.4,2014,2,1,1,1093.0,1246.0,1374.0,2208.0,1516.0,1723.0,1326.0,1437.0,975.0,1112.0,1159.7142857142858,1264.357142857143,1633.2666666666667,106.55,109.14,62.63,62.68,76.3,81.6,121.4,128.1,1518.0
2014-02-05,1086.0,1544.0,1307.0,948.0,106.81,62.57,76.3,121.4,2014,2,1,2,1084.0,1217.0,1398.0,2247.0,1513.0,1673.0,1313.0,1413.0,961.0,1098.0,1136.5714285714287,1243.642857142857,1595.8,107.04,108.72,62.27,63.09,76.3,81.6,121.4,128.1,1570.0
2014-02-06,1092.0,1575.0,1307.0,937.0,108.15,62.14,76.3,121.4,2014,2,1,3,1086.0,1177.0,1421.0,2277.0,1544.0,1577.0,1307.0,1387.0,948.0,1079.0,1117.857142857143,1221.357142857143,1557.1,106.81,109.1,62.57,62.56,76.3,81.6,121.4,128.1,1621.0
2014-02-07,1091.0,1588.0,1304.0,929.0,110.12,62.09,76.3,121.4,2014,2,1,4,1092.0,1148.0,1428.0,2240.555555555556,1575.0,1531.0,1307.0,1369.0,937.0,1056.0,1105.7142857142858,1197.857142857143,1517.6,108.15,108.83,62.14,62.46,76.3,81.6,121.4,128.1,1599.0
2014-02-10,1096.0,1611.0,1305.0,929.0,110.18,62.44,76.3,121.4,2014,2,1,0,1091.0,1127.0,1369.0,2222.333333333333,1588.0,1527.0,1304.0,1347.0,929.0,1018.0,1097.5714285714287,1173.7857142857142,1479.2814814814815,110.12,109.36,62.09,62.56,76.3,81.6,121.4,128.1,1602.0
2014-02-11,1091.0,1581.0,1322.0,928.0,109.21,62.15,76.3,121.4,2014,2,1,1,1096.0,1110.0,1322.0,2167.6666666666665,1611.0,1524.0,1305.0,1337.0,929.0,996.0,1093.142857142857,1154.2857142857142,1441.737037037037,110.18,108.16,62.44,62.63,76.3,81.6,121.4,128.1,1578.0
2014-02-12,1085.0,1548.0,1324.0,938.0,108.62,61.84,76.3,121.4,2014,2,1,2,1091.0,1093.0,1271.0,2149.4444444444443,1581.0,1516.0,1322.0,1326.0,928.0,975.0,1090.4285714285713,1137.7857142857142,1405.848148148148,109.21,106.55,62.15,62.63,76.3,76.3,121.4,121.4,1496.0
2014-02-13,1097.0,1557.0,1313.0,965.0,108.98,62.23,76.3,121.4,2014,2,1,3,1085.0,1084.0,1246.0,2113.0,1548.0,1513.0,1324.0,1313.0,938.0,961.0,1089.2857142857142,1124.5,1370.3666666666666,108.62,107.04,61.84,62.27,76.3,76.3,121.4,121.4,1412.0
2014-02-14,1106.0,1554.0,1311.0,998.0,108.63,61.87,76.3,121.4,2014,2,1,4,1097.0,1086.0,1217.0,2036.0,1557.0,1544.0,1313.0,1307.0,965.0,948.0,1091.142857142857,1113.857142857143,1336.5,108.98,106.81,62.23,62.57,76.3,76.3,121.4,121.4,1373.0
2014-02-17,1130.0,1625.0,1308.0,1026.0,109.7625,62.1175,76.3,121.4,2014,2,1,0,1106.0,1092.0,1177.0,1951.0,1554.0,1575.0,1311.0,1307.0,998.0,937.0,1094.0,1105.9285714285713,1305.5,108.63,108.15,61.87,62.14,76.3,76.3,121.4,121.4,1362.0
2014-02-18,1146.0,1667.0,1298.0,1049.0,110.14,62.2,76.3,121.4,2014,2,1,1,1130.0,1091.0,1148.0,1876.0,1625.0,1588.0,1308.0,1304.0,1026.0,929.0,1099.4285714285713,1102.5714285714287,1278.1333333333334,109.7625,110.12,62.1175,62.09,76.3,76.3,121.4,121.4,1316.0
2014-02-19,1160.0,1690.0,1282.0,1068.0,110.37,62.32,76.3,121.4,2014,2,1,2,1146.0,1096.0,1127.0,1826.0,1667.0,1611.0,1298.0,1305.0,1049.0,929.0,1107.2857142857142,1102.4285714285713,1253.8,110.14,110.18,62.2,62.44,76.3,76.3,121.4,121.4,1273.0
2014-02-20,1164.0,1680.0,1261.0,1087.0,109.42,62.21,76.3,121.4,2014,2,1,3,1160.0,1091.0,1110.0,1706.0,1690.0,1581.0,1282.0,1322.0,1068.0,928.0,1116.4285714285713,1104.7857142857142,1231.6,110.37,109.21,62.32,62.15,76.3,76.3,121.4,121.4,1235.0
2014-02-21,1175.0,1701.0,1244.0,1098.0,109.03,62.13,76.3,121.4,2014,2,1,4,1164.0,1085.0,1093.0,1512.0,1680.0,1548.0,1261.0,1324.0,1087.0,938.0,1126.857142857143,1108.642857142857,1213.5333333333333,109.42,108.62,62.21,61.84,76.3,76.3,121.4,121.4,1205.0
2014-02-24,1174.0,1707.0,1222.0,1096.0,109.76,62.07,76.3,121.4,2014,2,1,0,1175.0,1097.0,1084.0,1395.0,1701.0,1557.0,1244.0,1313.0,1098.0,965.0,1139.7142857142858,1114.5,1202.3,109.03,108.98,62.13,62.23,76.3,76.3,121.4,121.4,1186.0
2014-02-25,1197.0,1775.0,1187.0,1096.0,109.19,61.96,76.3,121.4,2014,2,1,1,1174.0,1106.0,1086.0,1370.0,1707.0,1554.0,1222.0,1311.0,1096.0,998.0,1150.7142857142858,1120.9285714285713,1194.9333333333334,109.76,108.63,62.07,61.87,76.3,76.3,121.4,121.4,1098.0
2014-02-26,1222.0,1912.0,1154.0,1097.0,109.39,62.11,76.3,121.4,2014,2,1,2,1197.0,1130.0,1092.0,1374.0,1775.0,1625.0,1187.0,1308.0,1096.0,1026.0,1163.7142857142858,1128.857142857143,1189.1666666666667,109.19,109.7625,61.96,62.1175,76.3,76.3,121.4,121.4,1061.0
2014-02-27,1250.0,2049.0,1123.0,1100.0,108.54,62.11,76.3,121.4,2014,2,1,3,1222.0,1146.0,1091.0,1398.0,1912.0,1667.0,1154.0,1298.0,1097.0,1049.0,1176.857142857143,1138.142857142857,1184.1,109.39,110.14,62.11,62.2,76.3,76.3,121.4,121.4,1029.0
2014-02-28,1258.0,2084.0,1099.0,1103.0,108.98,61.78,76.3,121.4,2014,2,1,4,1250.0,1160.0,1096.0,1421.0,2049.0,1690.0,1123.0,1282.0,1100.0,1068.0,1191.7142857142858,1149.5,1179.1666666666667,108.54,110.37,62.11,62.32,76.3,76.3,121.4,121.4,1002.0
2014-03-03,1276.0,2180.0,1080.0,1107.0,111.26,62.17,73.3,111.8,2014,3,1,0,1258.0,1164.0,1091.0,1428.0,2084.0,1680.0,1099.0,1261.0,1103.0,1087.0,1205.7142857142858,1161.0714285714287,1173.7333333333333,108.98,109.42,61.78,62.21,76.3,76.3,121.4,121.4,989.0
2014-03-04,1325.0,2326.0,1062.0,1115.0,109.17,61.91,73.3,111.8,2014,3,1,1,1276.0,1175.0,1085.0,1369.0,2180.0,1701.0,1080.0,1244.0,1107.0,1098.0,1221.7142857142858,1174.2857142857142,1168.6666666666667,111.26,109.03,62.17,62.13,73.3,76.3,111.8,121.4,970.0
2014-03-05,1391.0,2596.0,1053.0,1116.0,108.15,61.75,73.3,111.8,2014,3,1,2,1325.0,1174.0,1097.0,1322.0,2326.0,1707.0,1062.0,1222.0,1115.0,1096.0,1243.142857142857,1191.4285714285713,1167.2,109.17,109.76,61.91,62.07,73.3,76.3,111.8,121.4,936.0
2014-03-06,1480.0,2830.0,1056.0,1122.0,107.99,60.89,73.3,111.8,2014,3,1,3,1391.0,1197.0,1106.0,1271.0,2596.0,1775.0,1053.0,1187.0,1116.0,1096.0,1274.142857142857,1212.4285714285713,1169.5,108.15,109.19,61.75,61.96,73.3,76.3,111.8,121.4,930.0
2014-03-07,1543.0,2980.0,1075.0,1131.0,109.14,61.24,73.3,111.8,2014,3,1,4,1480.0,1222.0,1130.0,1246.0,2830.0,1912.0,1056.0,1154.0,1122.0,1097.0,1314.5714285714287,1239.142857142857,1176.4666666666667,107.99,109.39,60.89,62.11,73.3,76.3,111.8,121.4,931.8
2014-03-10,1562.0,3023.0,1088.0,1137.0,108.27,60.84,73.3,111.8,2014,3,1,0,1543.0,1250.0,1146.0,1217.0,2980.0,2049.0,1075.0,1123.0,1131.0,1100.0,1360.4285714285713,1268.642857142857,1186.3666666666666,109.14,108.54,61.24,62.11,73.3,76.3,111.8,121.4,937.2
2014-03-11,1580.0,3045.0,1104.0,1149.0,108.35,61.01,73.3,111.8,2014,3,1,1,1562.0,1258.0,1160.0,1177.0,3023.0,2084.0,1088.0,1099.0,1137.0,1103.0,1405.0,1298.357142857143,1197.8666666666666,108.27,108.98,60.84,61.78,73.3,76.3,111.8,121.4,939.0
2014-03-12,1453.0,2600.0,1102.0,1159.0,107.88,61.01,73.3,111.8,2014,3,1,2,1580.0,1276.0,1164.0,1148.0,3045.0,2180.0,1104.0,1080.0,1149.0,1107.0,1451.0,1328.357142857143,1211.3,108.35,111.26,61.01,62.17,73.3,73.3,111.8,111.8,956.0
2014-03-13,1468.0,2654.0,1106.0,1173.0,107.48,61.2,73.3,111.8,2014,3,1,3,1453.0,1325.0,1175.0,1127.0,2600.0,2326.0,1102.0,1062.0,1159.0,1115.0,1476.2857142857142,1349.0,1221.4666666666667,107.88,109.17,61.01,61.91,73.3,73.3,111.8,111.8,962.0
2014-03-14,1477.0,2677.0,1113.0,1183.0,108.08,61.19,73.3,111.8,2014,3,1,4,1468.0,1391.0,1174.0,1110.0,2654.0,2596.0,1106.0,1053.0,1173.0,1116.0,1496.7142857142858,1369.9285714285713,1232.8333333333333,107.48,108.15,61.2,61.75,73.3,73.3,111.8,111.8,967.0
2014-03-17,1481.0,2691.0,1116.0,1191.0,106.99,61.08,73.3,111.8,2014,3,1,0,1477.0,1480.0,1197.0,1093.0,2677.0,2830.0,1113.0,1056.0,1183.0,1122.0,1509.0,1391.5714285714287,1245.0666666666666,108.08,107.99,61.19,60.89,73.3,73.3,111.8,111.8,961.0
2014-03-18,1518.0,2818.0,1118.0,1198.0,106.79,61.1,73.3,111.8,2014,3,1,1,1481.0,1543.0,1222.0,1084.0,2691.0,2980.0,1116.0,1075.0,1191.0,1131.0,1509.142857142857,1411.857142857143,1258.0,106.99,109.14,61.08,61.24,73.3,73.3,111.8,111.8,949.0
2014-03-19,1570.0,2982.0,1120.0,1200.0,105.95,60.95,73.3,111.8,2014,3,1,2,1518.0,1562.0,1250.0,1086.0,2818.0,3023.0,1118.0,1088.0,1198.0,1137.0,1505.5714285714287,1433.0,1272.4666666666667,106.79,108.27,61.1,60.84,73.3,73.3,111.8,111.8,943.0
2014-03-20,1621.0,3129.0,1120.0,1205.0,105.73,61.33,73.3,111.8,2014,3,1,3,1570.0,1580.0,1258.0,1092.0,2982.0,3045.0,1120.0,1104.0,1200.0,1149.0,1506.7142857142858,1455.857142857143,1288.6,105.95,108.35,60.95,61.01,73.3,73.3,111.8,111.8,993.0
2014-03-21,1599.0,3036.0,1112.0,1209.0,107.2,60.9,73.3,111.8,2014,3,1,4,1621.0,1453.0,1276.0,1091.0,3129.0,2600.0,1120.0,1102.0,1205.0,1159.0,1512.5714285714287,1481.7857142857142,1306.2333333333333,105.73,107.88,61.33,61.01,73.3,73.3,111.8,111.8,1017.0
2014-03-24,1602.0,3055.0,1107.0,1207.0,106.59,60.78,73.3,111.8,2014,3,1,0,1599.0,1468.0,1325.0,1096.0,3036.0,2654.0,1112.0,1106.0,1209.0,1173.0,1533.4285714285713,1504.857142857143,1323.1666666666667,107.2,107.48,60.9,61.2,73.3,73.3,111.8,111.8,1017.0
2014-03-25,1578.0,2993.0,1088.0,1201.0,107.01,60.27,73.3,111.8,2014,3,1,1,1602.0,1477.0,1391.0,1091.0,3055.0,2677.0,1107.0,1113.0,1207.0,1183.0,1552.5714285714287,1524.642857142857,1340.0333333333333,106.59,108.08,60.78,61.19,73.3,73.3,111.8,111.8,1022.0
2014-03-26,1496.0,2761.0,1062.0,1180.0,105.9,60.13,73.3,111.8,2014,3,1,2,1578.0,1481.0,1480.0,1085.0,2993.0,2691.0,1088.0,1116.0,1201.0,1191.0,1567.0,1538.0,1356.2666666666667,107.01,106.99,60.27,61.08,73.3,73.3,111.8,111.8,1022.0
2014-03-27,1412.0,2579.0,1018.0,1139.0,106.58,60.26,73.3,111.8,2014,3,1,3,1496.0,1518.0,1543.0,1097.0,2761.0,2818.0,1062.0,1118.0,1180.0,1198.0,1569.142857142857,1539.142857142857,1369.9666666666667,105.9,106.79,60.13,61.1,73.3,73.3,111.8,111.8,1008.0
2014-03-28,1373.0,2557.0,978.0,1115.0,106.64,59.89,73.3,111.8,2014,3,1,4,1412.0,1570.0,1562.0,1106.0,2579.0,2982.0,1018.0,1120.0,1139.0,1200.0,1554.0,1529.7857142857142,1380.4666666666667,106.58,105.95,60.26,60.95,73.3,73.3,111.8,111.8,997.0
2014-03-31,1362.0,2573.0,942.0,1090.0,105.95,60.0,73.3,111.8,2014,3,1,0,1373.0,1621.0,1580.0,1130.0,2557.0,3129.0,978.0,1120.0,1115.0,1205.0,1525.857142857143,1516.2857142857142,1389.3666666666666,106.64,105.73,59.89,61.33,73.3,73.3,111.8,111.8,987.0
2014-04-01,1316.0,2505.0,897.0,1068.0,105.7,59.86,72.8,114.6,2014,4,2,1,1362.0,1599.0,1453.0,1146.0,2573.0,3036.0,942.0,1112.0,1090.0,1209.0,1488.857142857143,1500.7142857142858,1397.1,105.95,107.2,60.0,60.9,73.3,73.3,111.8,111.8,982.0
2014-04-02,1273.0,2418.0,867.0,1047.0,103.37,59.9,72.8,114.6,2014,4,2,2,1316.0,1602.0,1468.0,1160.0,2505.0,3055.0,897.0,1107.0,1068.0,1207.0,1448.4285714285713,1490.9285714285713,1402.7666666666667,105.7,106.59,59.86,60.78,72.8,73.3,114.6,111.8,1002.0
2014-04-03,1235.0,2343.0,836.0,1025.0,104.88,60.35,72.8,114.6,2014,4,2,3,1273.0,1578.0,1477.0,1164.0,2418.0,2993.0,867.0,1088.0,1047.0,1201.0,1401.4285714285713,1477.0,1406.5333333333333,103.37,107.01,59.9,60.27,72.8,73.3,114.6,111.8,1021.0
2014-04-04,1205.0,2306.0,822.0,1003.0,106.41,60.08,72.8,114.6,2014,4,2,4,1235.0,1496.0,1481.0,1175.0,2343.0,2761.0,836.0,1062.0,1025.0,1180.0,1352.4285714285713,1459.7142857142858,1408.9,104.88,105.9,60.35,60.13,72.8,73.3,114.6,111.8,1027.0
2014-04-07,1186.0,2293.0,812.0,982.0,104.89,60.11,72.8,114.6,2014,4,2,0,1205.0,1412.0,1518.0,1174.0,2306.0,2579.0,822.0,1018.0,1003.0,1139.0,1310.857142857143,1440.0,1409.9,106.41,106.58,60.08,60.26,72.8,73.3,114.6,111.8,1022.0
2014-04-08,1098.0,2029.0,801.0,965.0,105.83,60.08,72.8,114.6,2014,4,2,1,1186.0,1373.0,1570.0,1197.0,2293.0,2557.0,812.0,978.0,982.0,1115.0,1278.5714285714287,1416.2857142857142,1410.3,104.89,106.64,60.11,59.89,72.8,73.3,114.6,111.8,1010.0
2014-04-09,1061.0,1946.0,794.0,949.0,107.39,60.09,72.8,114.6,2014,4,2,2,1098.0,1362.0,1621.0,1222.0,2029.0,2573.0,801.0,942.0,965.0,1090.0,1239.2857142857142,1382.5714285714287,1407.0,105.83,105.95,60.08,60.0,72.8,73.3,114.6,111.8,988.0
2014-04-10,1029.0,1865.0,787.0,936.0,107.1,60.07,72.8,114.6,2014,4,2,3,1061.0,1316.0,1599.0,1250.0,1946.0,2505.0,794.0,897.0,949.0,1068.0,1196.2857142857142,1342.5714285714287,1401.6333333333334,107.39,105.7,60.09,59.86,72.8,72.8,114.6,114.6,966.0
2014-04-11,1002.0,1789.0,782.0,927.0,107.34,60.18,72.8,114.6,2014,4,2,4,1029.0,1273.0,1602.0,1258.0,1865.0,2418.0,787.0,867.0,936.0,1047.0,1155.2857142857142,1301.857142857143,1394.2666666666667,107.1,103.37,60.07,59.9,72.8,72.8,114.6,114.6,964.0
2014-04-14,989.0,1765.0,778.0,921.0,107.68,60.32,72.8,114.6,2014,4,2,0,1002.0,1235.0,1578.0,1276.0,1789.0,2343.0,782.0,836.0,927.0,1025.0,1116.5714285714287,1259.0,1385.7333333333333,107.34,104.88,60.18,60.35,72.8,72.8,114.6,114.6,970.75
2014-04-15,970.0,1724.0,777.0,916.0,109.1,60.34,72.8,114.6,2014,4,2,1,989.0,1205.0,1496.0,1325.0,1765.0,2306.0,778.0,822.0,921.0,1003.0,1081.4285714285713,1216.9285714285713,1376.1666666666667,107.68,106.41,60.32,60.08,72.8,72.8,114.6,114.6,973.0
2014-04-16,936.0,1613.0,792.0,909.0,109.71,60.22,72.8,114.6,2014,4,2,2,970.0,1186.0,1412.0,1391.0,1724.0,2293.0,777.0,812.0,916.0,982.0,1047.857142857143,1179.357142857143,1364.3333333333333,109.1,104.89,60.34,60.11,72.8,72.8,114.6,114.6,954.0
2014-04-17,930.0,1591.0,812.0,908.0,109.79,60.29,72.8,114.6,2014,4,2,3,936.0,1098.0,1373.0,1480.0,1613.0,2029.0,792.0,801.0,909.0,965.0,1012.1428571428571,1145.357142857143,1349.1666666666667,109.71,105.83,60.22,60.08,72.8,72.8,114.6,114.6,940.0
2014-04-18,931.8,1596.0,815.2,908.2,109.765,60.29,72.8,114.6,2014,4,2,4,930.0,1061.0,1362.0,1543.0,1591.0,1946.0,812.0,794.0,908.0,949.0,988.1428571428571,1113.7142857142858,1330.8333333333333,109.79,107.39,60.29,60.09,72.8,72.8,114.6,114.6,934.0
2014-04-21,937.2,1611.0,824.8,908.8,109.69,60.59,72.8,114.6,2014,4,2,0,931.8,1029.0,1316.0,1562.0,1596.0,1865.0,815.2,787.0,908.2,936.0,969.6857142857143,1082.9857142857143,1310.46,109.765,107.1,60.29,60.07,72.8,72.8,114.6,114.6,934.0
2014-04-22,939.0,1616.0,828.0,909.0,108.54,60.8,72.8,114.6,2014,4,2,1,937.2,1002.0,1273.0,1580.0,1611.0,1789.0,824.8,782.0,908.8,927.0,956.5714285714286,1055.9285714285713,1289.6333333333334,109.69,107.34,60.59,60.18,72.8,72.8,114.6,114.6,948.0
2014-04-23,956.0,1674.0,840.0,911.0,108.48,61.17,72.8,114.6,2014,4,2,2,939.0,989.0,1235.0,1453.0,1616.0,1765.0,828.0,778.0,909.0,921.0,947.5714285714286,1032.0714285714287,1268.2666666666667,108.54,107.68,60.8,60.32,72.8,72.8,114.6,114.6,959.0
2014-04-24,962.0,1692.0,852.0,909.0,109.79,61.11,72.8,114.6,2014,4,2,3,956.0,970.0,1205.0,1468.0,1674.0,1724.0,840.0,777.0,911.0,916.0,942.8571428571429,1012.1428571428571,1251.7,108.48,109.1,61.17,60.34,72.8,72.8,114.6,114.6,977.0
2014-04-25,967.0,1696.0,864.0,912.0,109.53,60.64,72.8,114.6,2014,4,2,4,962.0,936.0,1186.0,1477.0,1692.0,1613.0,852.0,792.0,909.0,909.0,941.7142857142857,994.7857142857143,1234.8333333333333,109.79,109.71,61.11,60.22,72.8,72.8,114.6,114.6,989.0
2014-04-28,961.0,1668.0,868.0,916.0,109.12,60.69,72.8,114.6,2014,4,2,0,967.0,930.0,1098.0,1481.0,1696.0,1591.0,864.0,812.0,912.0,908.0,946.1428571428571,979.1428571428571,1217.8333333333333,109.53,109.79,60.64,60.29,72.8,72.8,114.6,114.6,999.0
2014-04-29,949.0,1613.0,872.0,922.0,109.89,60.23,72.8,114.6,2014,4,2,1,961.0,931.8,1061.0,1518.0,1668.0,1596.0,868.0,815.2,916.0,908.2,950.5714285714286,969.3571428571429,1200.5,109.12,109.765,60.69,60.29,72.8,72.8,114.6,114.6,1004.0
2014-04-30,943.0,1600.0,871.0,919.0,108.63,60.21,72.8,114.6,2014,4,2,2,949.0,937.2,1029.0,1570.0,1613.0,1611.0,872.0,824.8,922.0,908.8,953.0285714285716,961.3571428571429,1181.5333333333333,109.89,109.69,60.23,60.59,72.8,72.8,114.6,114.6,973.0
2014-05-01,993.0,1716.0,871.0,915.0,108.63,60.11,73.7,100.6,2014,5,2,3,943.0,939.0,1002.0,1621.0,1600.0,1616.0,871.0,828.0,919.0,909.0,953.8571428571429,955.2142857142857,1160.6333333333334,108.63,108.54,60.21,60.8,72.8,72.8,114.6,114.6,939.0
2014-05-02,1017.0,1829.0,865.0,915.0,109.48,60.02,73.7,100.6,2014,5,2,4,993.0,956.0,989.0,1599.0,1716.0,1674.0,871.0,840.0,915.0,911.0,961.5714285714286,954.5714285714286,1139.7,108.63,108.48,60.11,61.17,73.7,72.8,100.6,114.6,906.0
2014-05-05,1017.0,1725.5,865.75,916.5,109.48,60.21,73.7,100.6,2014,5,2,0,1017.0,962.0,970.0,1602.0,1829.0,1692.0,865.0,852.0,915.0,909.0,970.2857142857143,956.5714285714286,1120.3,109.48,109.79,60.02,61.11,73.7,72.8,100.6,114.6,880.0
2014-05-06,1022.0,1691.0,866.0,917.0,108.3,59.97,73.7,100.6,2014,5,2,1,1017.0,967.0,936.0,1578.0,1725.5,1696.0,865.75,864.0,916.5,912.0,978.1428571428571,959.9285714285714,1100.8,109.48,109.53,60.21,60.64,73.7,72.8,100.6,114.6,858.0
2014-05-07,1022.0,1681.0,869.0,920.0,108.17,60.01,73.7,100.6,2014,5,2,2,1022.0,961.0,930.0,1496.0,1691.0,1668.0,866.0,868.0,917.0,916.0,986.0,966.0714285714286,1082.2666666666667,108.3,109.12,59.97,60.69,73.7,72.8,100.6,114.6,867.0
2014-05-08,1008.0,1613.0,879.0,918.0,108.19,60.06,73.7,100.6,2014,5,2,3,1022.0,949.0,931.8,1412.0,1681.0,1613.0,869.0,872.0,920.0,922.0,994.7142857142857,972.6428571428571,1066.4666666666667,108.17,109.89,60.01,60.23,73.7,72.8,100.6,114.6,902.0
2014-05-09,997.0,1541.0,898.0,909.0,108.26,60.0,73.7,100.6,2014,5,2,4,1008.0,943.0,937.2,1373.0,1613.0,1600.0,879.0,871.0,918.0,919.0,1003.1428571428571,978.0857142857143,1053.0,108.19,108.63,60.06,60.21,73.7,72.8,100.6,114.6,904.0
2014-05-12,987.0,1483.0,910.0,905.0,108.37,59.48,73.7,100.6,2014,5,2,0,997.0,993.0,939.0,1362.0,1541.0,1716.0,898.0,871.0,909.0,915.0,1010.8571428571429,982.3571428571429,1040.4666666666667,108.26,108.63,60.0,60.11,73.7,73.7,100.6,100.6,886.0
2014-05-13,982.0,1453.0,933.0,904.0,108.78,59.44,73.7,100.6,2014,5,2,1,987.0,1017.0,956.0,1316.0,1483.0,1829.0,910.0,865.0,905.0,915.0,1010.0,985.7857142857143,1027.9666666666667,108.37,109.48,59.48,60.02,73.7,73.7,100.6,100.6,867.0
2014-05-14,1002.0,1496.0,969.0,904.0,109.87,59.49,73.7,100.6,2014,5,2,2,982.0,1017.0,962.0,1273.0,1453.0,1725.5,933.0,865.75,904.0,916.5,1005.0,987.6428571428571,1016.8333333333334,108.78,109.48,59.44,60.21,73.7,73.7,100.6,100.6,846.0
2014-05-15,1021.0,1546.0,1016.0,901.0,109.74,59.38,73.7,100.6,2014,5,2,3,1002.0,1022.0,967.0,1235.0,1496.0,1691.0,969.0,866.0,904.0,917.0,1002.8571428571429,990.5,1007.8,109.87,108.3,59.49,59.97,73.7,73.7,100.6,100.6,824.0
2014-05-16,1027.0,1530.0,1041.0,899.0,110.9,58.62,73.7,100.6,2014,5,2,4,1021.0,1022.0,961.0,1205.0,1546.0,1681.0,1016.0,869.0,901.0,920.0,1002.7142857142857,994.3571428571429,1000.6666666666666,109.74,108.17,59.38,60.01,73.7,73.7,100.6,100.6,831.0
2014-05-19,1022.0,1494.0,1054.0,896.0,110.84,58.38,73.7,100.6,2014,5,2,0,1027.0,1008.0,949.0,1186.0,1530.0,1613.0,1041.0,879.0,899.0,918.0,1003.4285714285714,999.0714285714286,994.7333333333333,110.9,108.19,58.62,60.06,73.7,73.7,100.6,100.6,850.0
2014-05-20,1010.0,1431.0,1061.0,891.0,110.35,58.58,73.7,100.6,2014,5,2,1,1022.0,997.0,943.0,1098.0,1494.0,1541.0,1054.0,898.0,896.0,909.0,1005.4285714285714,1004.2857142857143,989.2666666666667,110.84,108.26,58.38,60.0,73.7,73.7,100.6,100.6,894.0
2014-05-21,988.0,1354.0,1056.0,884.0,111.32,58.66,73.7,100.6,2014,5,2,2,1010.0,987.0,993.0,1061.0,1431.0,1483.0,1061.0,910.0,891.0,905.0,1007.2857142857143,1009.0714285714286,986.3333333333334,110.35,108.37,58.58,59.48,73.7,73.7,100.6,100.6,890.0
2014-05-22,966.0,1302.0,1028.0,872.0,110.89,58.3,73.7,100.6,2014,5,2,3,988.0,982.0,1017.0,1029.0,1354.0,1453.0,1056.0,933.0,884.0,904.0,1007.4285714285714,1008.7142857142857,983.9,111.32,108.78,58.66,59.44,73.7,73.7,100.6,100.6,890.0
2014-05-23,964.0,1358.0,1001.0,866.0,110.19,58.36,73.7,100.6,2014,5,2,4,966.0,1002.0,1017.0,1002.0,1302.0,1496.0,1028.0,969.0,872.0,904.0,1005.1428571428571,1005.0714285714286,981.8,110.89,109.87,58.3,59.49,73.7,73.7,100.6,100.6,893.0
2014-05-26,970.75,1432.25,978.5,857.75,110.01,58.765,73.7,100.6,2014,5,2,0,964.0,1021.0,1022.0,989.0,1358.0,1546.0,1001.0,1016.0,866.0,901.0,999.7142857142857,1001.2857142857143,980.5333333333333,110.19,109.74,58.36,59.38,73.7,73.7,100.6,100.6,888.0
2014-05-27,973.0,1457.0,971.0,855.0,109.81,58.9,73.7,100.6,2014,5,2,1,970.75,1027.0,1022.0,970.0,1432.25,1530.0,978.5,1041.0,857.75,899.0,992.5357142857143,997.625,979.925,110.01,110.9,58.765,58.62,73.7,73.7,100.6,100.6,881.0
2014-05-28,954.0,1405.0,940.0,846.0,109.09,58.94,73.7,100.6,2014,5,2,2,973.0,1022.0,1008.0,936.0,1457.0,1494.0,971.0,1054.0,855.0,896.0,984.8214285714286,994.125,980.025,109.81,110.84,58.9,58.38,73.7,73.7,100.6,100.6,863.0
2014-05-29,940.0,1379.0,904.0,839.0,109.98,58.9,73.7,100.6,2014,5,2,3,954.0,1010.0,997.0,930.0,1405.0,1431.0,940.0,1061.0,846.0,891.0,975.1071428571429,990.2678571428571,980.625,109.09,110.35,58.94,58.58,73.7,73.7,100.6,100.6,836.0
2014-05-30,934.0,1395.0,872.0,830.0,109.21,59.16,73.7,100.6,2014,5,2,4,940.0,988.0,987.0,931.8,1379.0,1354.0,904.0,1056.0,839.0,884.0,965.1071428571429,986.1964285714286,980.9583333333334,109.98,111.32,58.9,58.66,73.7,73.7,100.6,100.6,814.0
2014-06-02,934.0,1429.0,846.0,829.0,109.34,59.15,71.5,92.7,2014,6,2,0,934.0,966.0,982.0,937.2,1395.0,1302.0,872.0,1028.0,830.0,872.0,957.3928571428571,982.4107142857143,981.0316666666666,109.21,110.89,59.16,58.3,73.7,73.7,100.6,100.6,798.0
2014-06-03,948.0,1545.0,816.0,829.0,108.87,59.32,71.5,92.7,2014,6,2,1,934.0,964.0,1002.0,939.0,1429.0,1358.0,846.0,1001.0,829.0,866.0,952.8214285714286,978.9821428571429,980.925,109.34,110.19,59.15,58.36,71.5,73.7,92.7,100.6,782.0
2014-06-04,959.0,1604.0,786.0,821.0,109.07,59.34,71.5,92.7,2014,6,2,2,948.0,970.75,1021.0,956.0,1545.0,1432.25,816.0,978.5,829.0,857.75,950.5357142857143,975.125,981.225,108.87,110.01,59.32,58.765,71.5,73.7,92.7,100.6,755.0
2014-06-05,977.0,1689.0,758.0,811.0,108.43,59.24,71.5,92.7,2014,6,2,3,959.0,973.0,1027.0,962.0,1604.0,1457.0,786.0,971.0,821.0,855.0,948.8571428571429,970.6964285714286,981.325,109.07,109.81,59.34,58.9,71.5,73.7,92.7,100.6,738.0
2014-06-06,989.0,1793.0,727.0,802.0,109.21,59.17,71.5,92.7,2014,6,2,4,977.0,954.0,1022.0,967.0,1689.0,1405.0,758.0,940.0,811.0,846.0,949.4285714285714,967.125,981.825,108.43,109.09,59.24,58.94,71.5,73.7,92.7,100.6,732.0
2014-06-09,999.0,1846.0,713.0,797.0,110.55,59.18,71.5,92.7,2014,6,2,0,989.0,940.0,1010.0,961.0,1793.0,1379.0,727.0,904.0,802.0,839.0,954.4285714285714,964.7678571428571,982.5583333333333,109.21,109.98,59.17,58.9,71.5,73.7,92.7,100.6,724.0
2014-06-10,1004.0,1903.0,699.0,787.0,109.18,59.18,71.5,92.7,2014,6,2,1,999.0,934.0,988.0,949.0,1846.0,1395.0,713.0,872.0,797.0,830.0,962.8571428571429,963.9821428571429,983.825,110.55,109.21,59.18,59.16,71.5,73.7,92.7,100.6,723.0
2014-06-11,973.0,1864.0,678.0,774.0,109.83,59.32,71.5,92.7,2014,6,2,2,1004.0,934.0,966.0,943.0,1903.0,1429.0,699.0,846.0,787.0,829.0,972.8571428571429,965.125,985.6583333333333,109.18,109.34,59.18,59.15,71.5,71.5,92.7,92.7,727.0
2014-06-12,939.0,1792.0,635.0,760.0,112.18,59.19,71.5,92.7,2014,6,2,3,973.0,948.0,964.0,993.0,1864.0,1545.0,678.0,816.0,774.0,829.0,978.4285714285714,965.625,986.6583333333333,109.83,108.87,59.32,59.32,71.5,71.5,92.7,92.7,732.0
2014-06-13,906.0,1730.0,582.0,748.0,113.15,59.64,71.5,92.7,2014,6,2,4,939.0,959.0,970.75,1017.0,1792.0,1604.0,635.0,786.0,760.0,821.0,977.1428571428571,963.8392857142857,984.8583333333333,112.18,109.07,59.19,59.34,71.5,71.5,92.7,92.7,739.0
2014-06-16,880.0,1695.0,542.0,740.0,113.42,60.16,71.5,92.7,2014,6,2,0,906.0,977.0,973.0,1017.0,1730.0,1689.0,582.0,758.0,748.0,811.0,969.5714285714286,959.2142857142857,981.1583333333333,113.15,108.43,59.64,59.24,71.5,71.5,92.7,92.7,743.0
2014-06-17,858.0,1676.0,514.0,724.0,114.02,60.32,71.5,92.7,2014,6,2,1,880.0,989.0,954.0,1022.0,1695.0,1793.0,542.0,727.0,740.0,802.0,955.7142857142857,952.5714285714286,976.5916666666667,113.42,109.21,60.16,59.17,71.5,71.5,92.7,92.7,747.0
2014-06-18,867.0,1767.0,492.0,715.0,114.25,60.28,71.5,92.7,2014,6,2,2,858.0,999.0,940.0,1022.0,1676.0,1846.0,514.0,713.0,724.0,797.0,937.0,945.7142857142857,971.125,114.02,110.55,60.32,59.18,71.5,71.5,92.7,92.7,754.0
2014-06-19,902.0,1919.0,474.0,708.0,115.19,60.09,71.5,92.7,2014,6,2,3,867.0,1004.0,934.0,1008.0,1767.0,1903.0,492.0,699.0,715.0,787.0,918.1428571428571,940.5,965.9583333333334,114.25,109.18,60.28,59.18,71.5,71.5,92.7,92.7,755.0
2014-06-20,904.0,1950.0,461.0,704.0,114.55,60.23,71.5,92.7,2014,6,2,4,902.0,973.0,934.0,997.0,1919.0,1864.0,474.0,678.0,708.0,774.0,903.5714285714286,938.2142857142857,962.425,115.19,109.83,60.09,59.32,71.5,71.5,92.7,92.7,751.0
2014-06-23,886.0,1896.0,452.0,701.0,113.62,60.14,71.5,92.7,2014,6,2,0,904.0,939.0,948.0,987.0,1950.0,1792.0,461.0,635.0,704.0,760.0,893.7142857142857,936.0714285714286,959.325,114.55,112.18,60.23,59.19,71.5,71.5,92.7,92.7,753.0
2014-06-24,867.0,1848.0,446.0,694.0,113.74,60.14,71.5,92.7,2014,6,2,1,886.0,906.0,959.0,982.0,1896.0,1730.0,452.0,582.0,701.0,748.0,886.1428571428571,931.6428571428571,955.9583333333334,113.62,113.15,60.14,59.64,71.5,71.5,92.7,92.7,755.0
2014-06-25,846.0,1799.0,433.0,687.0,112.84,60.11,71.5,92.7,2014,6,2,2,867.0,880.0,977.0,1002.0,1848.0,1695.0,446.0,542.0,694.0,740.0,880.5714285714286,925.0714285714286,952.125,113.74,113.42,60.14,60.16,71.5,71.5,92.7,92.7,759.0
2014-06-26,824.0,1748.0,423.0,679.0,112.61,60.17,71.5,92.7,2014,6,2,3,846.0,858.0,989.0,1021.0,1799.0,1676.0,433.0,514.0,687.0,724.0,875.7142857142857,915.7142857142857,946.925,112.84,114.02,60.11,60.32,71.5,71.5,92.7,92.7,765.0
2014-06-27,831.0,1773.0,419.0,678.0,112.62,60.04,71.5,92.7,2014,6,2,4,824.0,867.0,999.0,1027.0,1748.0,1767.0,423.0,492.0,679.0,715.0,870.8571428571429,903.9285714285714,940.3583333333333,112.61,114.25,60.17,60.28,71.5,71.5,92.7,92.7,777.0
2014-06-30,850.0,1871.0,423.0,675.0,111.03,60.06,71.5,92.7,2014,6,2,0,831.0,902.0,1004.0,1022.0,1773.0,1919.0,419.0,474.0,678.0,708.0,865.7142857142857,891.9285714285714,933.825,112.62,115.19,60.04,60.09,71.5,71.5,92.7,92.7,792.0
2014-07-01,894.0,2045.0,446.0,676.0,110.84,60.05,68.8,96.1,2014,7,3,1,850.0,904.0,973.0,1010.0,1871.0,1950.0,423.0,461.0,675.0,704.0,858.2857142857143,880.9285714285714,928.0916666666667,111.03,114.55,60.06,60.23,71.5,71.5,92.7,92.7,836.0
2014-07-02,890.0,1999.0,485.0,677.0,110.18,59.69,68.8,96.1,2014,7,3,2,894.0,886.0,939.0,988.0,2045.0,1896.0,446.0,452.0,676.0,701.0,856.8571428571429,875.2857142857143,924.225,110.84,113.62,60.05,60.14,68.8,71.5,96.1,92.7,871.0
2014-07-03,890.0,1935.0,557.0,680.0,108.98,59.74,68.8,96.1,2014,7,3,3,890.0,867.0,906.0,966.0,1999.0,1848.0,485.0,446.0,677.0,694.0,857.4285714285714,871.7857142857143,920.9583333333334,110.18,113.74,59.69,60.14,68.8,71.5,96.1,92.7,942.0
2014-07-04,893.0,1864.0,640.0,682.0,108.91,59.80825,68.8,96.1,2014,7,3,4,890.0,846.0,880.0,964.0,1935.0,1799.0,557.0,433.0,680.0,687.0,860.7142857142857,870.6428571428571,918.425,108.98,112.84,59.74,60.11,68.8,71.5,96.1,92.7,1015.0
2014-07-07,888.0,1808.0,680.0,686.0,108.7,60.013,68.8,96.1,2014,7,3,0,893.0,824.0,858.0,970.75,1864.0,1748.0,640.0,423.0,682.0,679.0,867.4285714285714,871.5714285714286,916.0583333333333,108.91,112.61,59.80825,60.17,68.8,71.5,96.1,92.7,1042.0
2014-07-08,881.0,1755.0,704.0,687.0,107.65,59.78,68.8,96.1,2014,7,3,1,888.0,831.0,867.0,973.0,1808.0,1773.0,680.0,419.0,686.0,678.0,876.5714285714286,873.7142857142857,913.3,108.7,112.62,60.013,60.04,68.8,71.5,96.1,92.7,1040.0
2014-07-09,863.0,1648.0,710.0,684.0,106.84,59.75,68.8,96.1,2014,7,3,2,881.0,850.0,902.0,954.0,1755.0,1871.0,704.0,423.0,687.0,675.0,883.7142857142857,874.7142857142857,910.2333333333333,107.65,111.03,59.78,60.06,68.8,71.5,96.1,92.7,1061.0
2014-07-10,836.0,1523.0,702.0,681.0,106.2,60.19,68.8,96.1,2014,7,3,3,863.0,894.0,904.0,940.0,1648.0,2045.0,710.0,446.0,684.0,676.0,885.5714285714286,871.9285714285714,907.2,106.84,110.84,59.75,60.05,68.8,68.8,96.1,96.1,1096.0
2014-07-11,814.0,1465.0,679.0,679.0,105.77,60.08,68.8,96.1,2014,7,3,4,836.0,890.0,886.0,934.0,1523.0,1999.0,702.0,485.0,681.0,677.0,877.2857142857143,867.0714285714286,903.7333333333333,106.2,110.18,60.19,59.69,68.8,68.8,96.1,96.1,1088.0
2014-07-14,798.0,1422.0,666.0,675.0,104.73,60.11,68.8,96.1,2014,7,3,0,814.0,890.0,867.0,934.0,1465.0,1935.0,679.0,557.0,679.0,680.0,866.4285714285714,861.9285714285714,899.7333333333333,105.77,108.98,60.08,59.74,68.8,68.8,96.1,96.1,1074.5
2014-07-15,782.0,1377.0,644.0,671.0,104.73,60.15,68.8,96.1,2014,7,3,1,798.0,893.0,846.0,948.0,1422.0,1864.0,666.0,640.0,675.0,682.0,853.2857142857143,857.0,895.2,104.73,108.91,60.11,59.80825,68.8,68.8,96.1,96.1,1070.0
2014-07-16,755.0,1289.0,621.0,666.0,105.41,60.12,68.8,96.1,2014,7,3,2,782.0,888.0,824.0,959.0,1377.0,1808.0,644.0,680.0,671.0,686.0,837.4285714285714,852.4285714285714,889.6666666666666,104.73,108.7,60.15,60.013,68.8,68.8,96.1,96.1,1063.0
2014-07-17,738.0,1248.0,603.0,660.0,106.04,60.35,68.8,96.1,2014,7,3,3,755.0,881.0,831.0,977.0,1289.0,1755.0,621.0,704.0,666.0,687.0,818.4285714285714,847.5,882.8666666666667,105.41,107.65,60.12,59.78,68.8,68.8,96.1,96.1,1119.0
2014-07-18,732.0,1235.0,586.0,659.0,106.03,60.33,68.8,96.1,2014,7,3,4,738.0,863.0,850.0,989.0,1248.0,1648.0,603.0,710.0,660.0,684.0,798.0,840.8571428571429,874.9,106.04,106.84,60.35,59.75,68.8,68.8,96.1,96.1,1147.0
2014-07-21,724.0,1194.0,576.0,659.0,105.71,60.24,68.8,96.1,2014,7,3,0,732.0,836.0,894.0,999.0,1235.0,1523.0,586.0,702.0,659.0,681.0,779.2857142857143,832.4285714285714,866.3333333333334,106.03,106.2,60.33,60.19,68.8,68.8,96.1,96.1,1151.0
2014-07-22,723.0,1191.0,576.0,661.0,106.48,60.16,68.8,96.1,2014,7,3,1,724.0,814.0,890.0,1004.0,1194.0,1465.0,576.0,679.0,659.0,679.0,763.2857142857143,820.2857142857143,857.1666666666666,105.71,105.77,60.24,60.08,68.8,68.8,96.1,96.1,1149.0
2014-07-23,727.0,1198.0,584.0,661.0,106.85,60.0,68.8,96.1,2014,7,3,2,723.0,798.0,890.0,973.0,1191.0,1422.0,576.0,666.0,661.0,675.0,750.2857142857143,808.3571428571429,847.8,106.48,104.73,60.16,60.11,68.8,68.8,96.1,96.1,1142.0
2014-07-24,732.0,1201.0,596.0,666.0,105.78,60.11,68.8,96.1,2014,7,3,3,727.0,782.0,893.0,939.0,1198.0,1377.0,584.0,644.0,661.0,671.0,740.1428571428571,796.7142857142857,839.6,106.85,104.73,60.0,60.15,68.8,68.8,96.1,96.1,1147.0
2014-07-25,739.0,1193.0,606.0,679.0,106.89,60.04,68.8,96.1,2014,7,3,4,732.0,755.0,888.0,906.0,1201.0,1289.0,596.0,621.0,666.0,666.0,733.0,785.2142857142857,832.7,105.78,105.41,60.11,60.12,68.8,68.8,96.1,96.1,1155.0
2014-07-28,743.0,1187.0,616.0,684.0,106.7,60.13,68.8,96.1,2014,7,3,0,739.0,738.0,881.0,880.0,1193.0,1248.0,606.0,603.0,679.0,660.0,730.7142857142857,774.5714285714286,827.1333333333333,106.89,106.04,60.04,60.35,68.8,68.8,96.1,96.1,1166.0
2014-07-29,747.0,1195.0,624.0,688.0,106.98,60.12,68.8,96.1,2014,7,3,1,743.0,732.0,863.0,858.0,1187.0,1235.0,616.0,586.0,684.0,659.0,731.4285714285714,764.7142857142857,822.5666666666667,106.7,106.03,60.13,60.33,68.8,68.8,96.1,96.1,1197.0
2014-07-30,754.0,1200.0,625.0,704.0,106.47,60.4,68.8,96.1,2014,7,3,2,747.0,724.0,836.0,867.0,1195.0,1194.0,624.0,576.0,688.0,659.0,733.5714285714286,756.4285714285714,818.8666666666667,106.98,105.71,60.12,60.24,68.8,68.8,96.1,96.1,1197.0
2014-07-31,755.0,1195.0,619.0,716.0,104.94,60.55,68.8,96.1,2014,7,3,3,754.0,723.0,814.0,902.0,1200.0,1191.0,625.0,576.0,704.0,661.0,737.8571428571429,750.5714285714286,815.1,106.47,106.48,60.4,60.16,68.8,68.8,96.1,96.1,1186.0
2014-08-01,751.0,1176.0,611.0,728.0,103.45,61.2,68.9,92.6,2014,8,3,4,755.0,727.0,798.0,904.0,1195.0,1198.0,619.0,584.0,716.0,661.0,742.4285714285714,746.3571428571429,810.2,104.94,106.85,60.55,60.0,68.8,68.8,96.1,96.1,1181.0
2014-08-04,753.0,1178.0,610.0,740.0,103.63,60.94,68.9,92.6,2014,8,3,0,751.0,732.0,782.0,886.0,1176.0,1201.0,611.0,596.0,728.0,666.0,745.8571428571429,743.0,805.1,103.45,105.78,61.2,60.11,68.9,68.8,92.6,96.1,1173.0
2014-08-05,755.0,1163.0,609.0,753.0,102.82,61.05,68.9,92.6,2014,8,3,1,753.0,739.0,755.0,867.0,1178.0,1193.0,610.0,606.0,740.0,679.0,748.8571428571429,740.9285714285714,800.6666666666666,103.63,106.89,60.94,60.04,68.9,68.8,92.6,96.1,1150.0
2014-08-06,759.0,1153.0,609.0,767.0,104.17,61.25,68.9,92.6,2014,8,3,2,755.0,743.0,738.0,846.0,1163.0,1187.0,609.0,616.0,753.0,684.0,751.1428571428571,740.9285714285714,796.9333333333333,102.82,106.7,61.05,60.13,68.9,68.8,92.6,96.1,1124.0
2014-08-07,765.0,1150.0,616.0,785.0,104.02,61.2,68.9,92.6,2014,8,3,3,759.0,747.0,732.0,824.0,1153.0,1195.0,609.0,624.0,767.0,688.0,753.4285714285714,742.4285714285714,794.0333333333333,104.17,106.98,61.25,60.12,68.9,68.8,92.6,96.1,1089.0
2014-08-08,777.0,1166.0,624.0,804.0,103.36,61.18,68.9,92.6,2014,8,3,4,765.0,754.0,724.0,831.0,1150.0,1200.0,616.0,625.0,785.0,704.0,756.0,744.7857142857143,792.0666666666667,104.02,106.47,61.2,60.4,68.9,68.8,92.6,96.1,1075.0
2014-08-11,792.0,1197.0,634.0,819.0,103.47,61.17,68.9,92.6,2014,8,3,0,777.0,755.0,723.0,850.0,1166.0,1195.0,624.0,619.0,804.0,716.0,759.2857142857143,748.5714285714286,790.2666666666667,103.36,104.94,61.18,60.55,68.9,68.8,92.6,96.1,1077.0
2014-08-12,836.0,1350.0,651.0,829.0,101.68,61.09,68.9,92.6,2014,8,3,1,792.0,751.0,727.0,894.0,1197.0,1176.0,634.0,611.0,819.0,728.0,764.5714285714286,753.5,788.3333333333334,103.47,103.45,61.17,61.2,68.9,68.9,92.6,92.6,1073.0
2014-08-13,871.0,1546.0,674.0,845.0,102.27,61.22,68.9,92.6,2014,8,3,2,836.0,753.0,732.0,890.0,1350.0,1178.0,651.0,610.0,829.0,740.0,776.7142857142857,761.2857142857143,786.4,101.68,103.63,61.09,60.94,68.9,68.9,92.6,92.6,1056.0
2014-08-14,942.0,1882.0,739.0,861.0,101.15,60.77,68.9,92.6,2014,8,3,3,871.0,755.0,739.0,890.0,1546.0,1163.0,674.0,609.0,845.0,753.0,793.5714285714286,771.2142857142857,785.7666666666667,102.27,102.82,61.22,61.05,68.9,68.9,92.6,92.6,1038.0
2014-08-15,1015.0,2151.0,803.0,877.0,101.13,60.77,68.9,92.6,2014,8,3,4,942.0,759.0,743.0,893.0,1882.0,1153.0,739.0,609.0,861.0,767.0,820.2857142857143,785.7142857142857,787.5,101.15,104.17,60.77,61.25,68.9,68.9,92.6,92.6,1049.0
2014-08-18,1042.0,2254.0,836.0,889.0,99.37,60.77,68.9,92.6,2014,8,3,0,1015.0,765.0,747.0,888.0,2151.0,1150.0,803.0,616.0,877.0,785.0,856.8571428571429,805.1428571428571,791.5666666666667,101.13,104.02,60.77,61.2,68.9,68.9,92.6,92.6,1062.0
2014-08-19,1040.0,2256.0,837.0,902.0,99.74,60.67,68.9,92.6,2014,8,3,1,1042.0,777.0,754.0,881.0,2254.0,1166.0,836.0,624.0,889.0,804.0,896.4285714285714,826.2142857142857,796.7,99.37,103.36,60.77,61.18,68.9,68.9,92.6,92.6,1063.0
2014-08-20,1061.0,2380.0,828.0,912.0,99.92,60.58,68.9,92.6,2014,8,3,2,1040.0,792.0,755.0,863.0,2256.0,1197.0,837.0,634.0,902.0,819.0,934.0,846.6428571428571,802.0,99.74,103.47,60.67,61.17,68.9,68.9,92.6,92.6,1055.0
2014-08-21,1096.0,2578.0,818.0,925.0,100.28,60.56,68.9,92.6,2014,8,3,3,1061.0,836.0,751.0,836.0,2380.0,1350.0,828.0,651.0,912.0,829.0,972.4285714285714,868.5,808.6,99.92,101.68,60.58,61.09,68.9,68.9,92.6,92.6,1041.0
2014-08-22,1088.0,2535.0,812.0,937.0,100.09,60.47,68.9,92.6,2014,8,3,4,1096.0,871.0,753.0,814.0,2578.0,1546.0,818.0,674.0,925.0,845.0,1009.5714285714286,893.1428571428571,817.2666666666667,100.28,102.27,60.56,61.22,68.9,68.9,92.6,92.6,1037.0
2014-08-25,1074.5,2456.25,809.0,942.25,100.49,60.56,68.9,92.6,2014,8,3,0,1088.0,942.0,755.0,798.0,2535.0,1882.0,812.0,739.0,937.0,861.0,1040.5714285714287,917.0714285714286,826.4,100.09,101.15,60.47,60.77,68.9,68.9,92.6,92.6,1029.0
2014-08-26,1070.0,2430.0,808.0,944.0,100.5,60.43,68.9,92.6,2014,8,3,1,1074.5,1015.0,759.0,782.0,2456.25,2151.0,809.0,803.0,942.25,877.0,1059.5,939.8928571428571,835.6166666666667,100.49,101.13,60.56,60.77,68.9,68.9,92.6,92.6,1015.0
2014-08-27,1063.0,2366.0,811.0,952.0,100.4,60.45,68.9,92.6,2014,8,3,2,1070.0,1042.0,765.0,755.0,2430.0,2254.0,808.0,836.0,944.0,889.0,1067.357142857143,962.1071428571429,845.2166666666667,100.5,99.37,60.43,60.77,68.9,68.9,92.6,92.6,991.0
2014-08-28,1119.0,2551.0,842.0,963.0,100.71,60.51,68.9,92.6,2014,8,3,3,1063.0,1040.0,777.0,738.0,2366.0,2256.0,811.0,837.0,952.0,902.0,1070.357142857143,983.3928571428571,855.4833333333333,100.4,99.74,60.45,60.67,68.9,68.9,92.6,92.6,974.0
2014-08-29,1147.0,2627.0,871.0,970.0,101.12,61.51,68.9,92.6,2014,8,3,4,1119.0,1061.0,792.0,732.0,2551.0,2380.0,842.0,828.0,963.0,912.0,1081.642857142857,1007.8214285714286,868.1833333333333,100.71,99.92,60.51,60.58,68.9,68.9,92.6,92.6,963.0
2014-09-01,1151.0,2606.0,888.0,977.0,100.4375,60.895,65.9,82.4,2014,9,3,0,1147.0,1096.0,836.0,724.0,2627.0,2578.0,871.0,818.0,970.0,925.0,1093.9285714285713,1033.1785714285713,882.0166666666667,101.12,100.28,61.51,60.56,68.9,68.9,92.6,92.6,954.0
2014-09-02,1149.0,2568.0,903.0,983.0,100.21,60.69,65.9,82.4,2014,9,3,1,1151.0,1088.0,871.0,723.0,2606.0,2535.0,888.0,812.0,977.0,937.0,1101.7857142857142,1055.6785714285713,896.25,100.4375,100.09,60.895,60.47,65.9,68.9,82.4,92.6,948.0
2014-09-03,1142.0,2489.0,919.0,988.0,100.88,60.41,65.9,82.4,2014,9,3,2,1149.0,1074.5,942.0,727.0,2568.0,2456.25,903.0,809.0,983.0,942.25,1110.5,1075.5357142857142,910.45,100.21,100.49,60.69,60.56,65.9,68.9,82.4,92.6,935.0
2014-09-04,1147.0,2464.0,927.0,993.0,101.21,60.38,65.9,82.4,2014,9,3,3,1142.0,1070.0,1015.0,732.0,2489.0,2430.0,919.0,808.0,988.0,944.0,1120.142857142857,1089.8214285714287,924.2833333333333,100.88,100.5,60.41,60.43,65.9,68.9,82.4,92.6,930.0
2014-09-05,1155.0,2483.0,931.0,997.0,99.51,60.26,65.9,82.4,2014,9,3,4,1147.0,1063.0,1042.0,739.0,2464.0,2366.0,927.0,811.0,993.0,952.0,1131.142857142857,1099.25,938.1166666666667,101.21,100.4,60.38,60.45,65.9,68.9,82.4,92.6,944.0
2014-09-08,1166.0,2519.0,940.0,995.0,99.53,60.29,65.9,82.4,2014,9,3,0,1155.0,1119.0,1040.0,743.0,2483.0,2551.0,931.0,842.0,997.0,963.0,1144.2857142857142,1107.3214285714287,951.9833333333333,99.51,100.71,60.26,60.51,65.9,68.9,82.4,92.6,973.0
2014-09-09,1197.0,2596.0,940.0,1001.0,98.08,60.6,65.9,82.4,2014,9,3,1,1166.0,1147.0,1061.0,747.0,2519.0,2627.0,940.0,871.0,995.0,970.0,1151.0,1116.3214285714287,966.0833333333334,99.53,101.12,60.29,61.51,65.9,68.9,82.4,92.6,1090.0
2014-09-10,1197.0,2602.0,916.0,1003.0,96.26,60.95,65.9,82.4,2014,9,3,2,1197.0,1151.0,1096.0,754.0,2596.0,2606.0,940.0,888.0,1001.0,977.0,1158.142857142857,1126.0357142857142,981.0833333333334,98.08,100.4375,60.6,60.895,65.9,65.9,82.4,82.4,1136.0
2014-09-11,1186.0,2570.0,895.0,1000.0,96.42,60.93,65.9,82.4,2014,9,3,3,1197.0,1149.0,1088.0,755.0,2602.0,2568.0,916.0,903.0,1003.0,983.0,1164.7142857142858,1133.25,995.85,96.26,100.21,60.95,60.69,65.9,65.9,82.4,82.4,1155.0
2014-09-12,1181.0,2546.0,875.0,1006.0,96.31,60.95,65.9,82.4,2014,9,3,4,1186.0,1142.0,1074.5,751.0,2570.0,2489.0,895.0,919.0,1000.0,988.0,1170.0,1140.25,1010.2166666666667,96.42,100.88,60.93,60.41,65.9,65.9,82.4,82.4,1192.0
2014-09-15,1173.0,2523.0,860.0,1016.0,96.43,61.03,65.9,82.4,2014,9,3,0,1181.0,1147.0,1070.0,753.0,2546.0,2464.0,875.0,927.0,1006.0,993.0,1175.5714285714287,1147.857142857143,1024.55,96.31,101.21,60.95,60.38,65.9,65.9,82.4,82.4,1285.0
2014-09-16,1150.0,2442.0,843.0,1028.0,97.39,61.06,65.9,82.4,2014,9,3,1,1173.0,1155.0,1063.0,755.0,2523.0,2483.0,860.0,931.0,1016.0,997.0,1179.2857142857142,1155.2142857142858,1038.55,96.43,99.51,61.03,60.26,65.9,65.9,82.4,82.4,1395.0
2014-09-17,1124.0,2342.0,829.0,1031.0,97.7,60.9,65.9,82.4,2014,9,3,2,1150.0,1166.0,1119.0,759.0,2442.0,2519.0,843.0,940.0,1028.0,995.0,1178.5714285714287,1161.4285714285713,1051.7166666666667,97.39,99.53,61.06,60.29,65.9,65.9,82.4,82.4,1428.0
2014-09-18,1089.0,2192.0,819.0,1030.0,96.82,60.78,65.9,82.4,2014,9,3,3,1124.0,1197.0,1147.0,765.0,2342.0,2596.0,829.0,940.0,1031.0,1001.0,1172.5714285714287,1161.7857142857142,1063.8833333333334,97.7,98.08,60.9,60.6,65.9,65.9,82.4,82.4,1424.0
2014-09-19,1075.0,2112.0,814.0,1029.0,96.75,60.8,65.9,82.4,2014,9,3,4,1089.0,1197.0,1151.0,777.0,2192.0,2602.0,819.0,916.0,1030.0,1003.0,1157.142857142857,1157.642857142857,1074.6833333333334,96.82,96.26,60.78,60.95,65.9,65.9,82.4,82.4,1428.0
2014-09-22,1077.0,2118.0,809.0,1032.0,95.37,60.93,65.9,82.4,2014,9,3,0,1075.0,1186.0,1149.0,792.0,2112.0,2570.0,814.0,895.0,1029.0,1000.0,1139.7142857142858,1152.2142857142858,1084.6166666666666,96.75,96.42,60.8,60.93,65.9,65.9,82.4,82.4,1456.0
2014-09-23,1073.0,2077.0,800.0,1041.0,94.87,61.04,65.9,82.4,2014,9,3,1,1077.0,1181.0,1142.0,836.0,2118.0,2546.0,809.0,875.0,1032.0,1006.0,1124.142857142857,1147.0714285714287,1094.1166666666666,95.37,96.31,60.93,60.95,65.9,65.9,82.4,82.4,1484.0
2014-09-24,1056.0,1967.0,798.0,1045.0,94.53,60.93,65.9,82.4,2014,9,3,2,1073.0,1173.0,1147.0,871.0,2077.0,2523.0,800.0,860.0,1041.0,1016.0,1108.7142857142858,1142.142857142857,1102.0166666666667,94.87,96.43,61.04,61.03,65.9,65.9,82.4,82.4,1464.0
2014-09-25,1038.0,1837.0,799.0,1046.0,95.2,61.33,65.9,82.4,2014,9,3,3,1056.0,1150.0,1155.0,942.0,1967.0,2442.0,798.0,843.0,1045.0,1028.0,1092.0,1135.642857142857,1108.1833333333334,94.53,97.39,60.93,61.06,65.9,65.9,82.4,82.4,1436.0
2014-09-26,1049.0,1852.0,807.0,1053.0,95.08,61.14,65.9,82.4,2014,9,3,4,1038.0,1124.0,1166.0,1015.0,1837.0,2342.0,799.0,829.0,1046.0,1031.0,1076.0,1127.2857142857142,1111.3833333333334,95.2,97.7,61.33,60.9,65.9,65.9,82.4,82.4,1437.0
2014-09-29,1062.0,1922.0,812.0,1054.0,95.7,61.53,65.9,82.4,2014,9,3,0,1049.0,1089.0,1197.0,1042.0,1852.0,2192.0,807.0,819.0,1053.0,1030.0,1065.2857142857142,1118.9285714285713,1112.5166666666667,95.08,96.82,61.14,60.78,65.9,65.9,82.4,82.4,1418.0
2014-09-30,1063.0,1915.0,826.0,1051.0,94.67,61.92,65.9,82.4,2014,9,3,1,1062.0,1075.0,1197.0,1040.0,1922.0,2112.0,812.0,814.0,1054.0,1029.0,1061.4285714285713,1109.2857142857142,1113.1833333333334,95.7,96.75,61.53,60.8,65.9,65.9,82.4,82.4,1370.0
2014-10-01,1055.0,1853.0,854.0,1045.0,94.57,61.71,63.7,81.1,2014,10,4,2,1063.0,1077.0,1186.0,1061.0,1915.0,2118.0,826.0,809.0,1051.0,1032.0,1059.7142857142858,1099.7142857142858,1113.95,94.67,95.37,61.92,60.93,65.9,65.9,82.4,82.4,1327.0
2014-10-02,1041.0,1788.0,878.0,1033.0,91.29,61.61,63.7,81.1,2014,10,4,3,1055.0,1073.0,1181.0,1096.0,1853.0,2077.0,854.0,800.0,1045.0,1041.0,1056.5714285714287,1090.357142857143,1113.75,94.57,94.87,61.71,61.04,63.7,65.9,81.1,82.4,1264.0
2014-10-03,1037.0,1758.0,887.0,1028.0,90.8,61.81,63.7,81.1,2014,10,4,4,1041.0,1056.0,1173.0,1088.0,1788.0,1967.0,878.0,798.0,1033.0,1045.0,1052.0,1080.357142857143,1111.9166666666667,91.29,94.53,61.61,60.93,63.7,65.9,81.1,82.4,1256.0
2014-10-06,1029.0,1735.0,889.0,1017.0,90.65,61.68,63.7,81.1,2014,10,4,0,1037.0,1038.0,1150.0,1074.5,1758.0,1837.0,887.0,799.0,1028.0,1046.0,1049.2857142857142,1070.642857142857,1110.2166666666667,90.8,95.2,61.81,61.33,63.7,65.9,81.1,82.4,1264.0
2014-10-07,1015.0,1698.0,884.0,1007.0,90.9,61.28,63.7,81.1,2014,10,4,1,1029.0,1049.0,1124.0,1070.0,1735.0,1852.0,889.0,807.0,1017.0,1053.0,1048.0,1062.0,1108.7,90.65,95.08,61.68,61.14,63.7,65.9,81.1,82.4,1296.0
2014-10-08,991.0,1632.0,869.0,993.0,90.25,61.38,63.7,81.1,2014,10,4,2,1015.0,1062.0,1089.0,1063.0,1698.0,1922.0,884.0,812.0,1007.0,1054.0,1043.142857142857,1054.2142857142858,1106.8666666666666,90.9,95.7,61.28,61.53,63.7,65.9,81.1,82.4,1306.0
2014-10-09,974.0,1580.0,864.0,980.0,90.47,60.92,63.7,81.1,2014,10,4,3,991.0,1063.0,1075.0,1119.0,1632.0,1915.0,869.0,826.0,993.0,1051.0,1033.0,1047.2142857142858,1104.4666666666667,90.25,94.67,61.38,61.92,63.7,65.9,81.1,82.4,1332.0
2014-10-10,963.0,1544.0,865.0,970.0,88.66,61.27,63.7,81.1,2014,10,4,4,974.0,1055.0,1077.0,1147.0,1580.0,1853.0,864.0,854.0,980.0,1045.0,1020.2857142857143,1040.0,1099.6333333333334,90.47,94.57,60.92,61.71,63.7,63.7,81.1,81.1,1324.0
2014-10-13,954.0,1521.0,868.0,959.0,87.82,61.352500000000006,63.7,81.1,2014,10,4,0,963.0,1041.0,1073.0,1151.0,1544.0,1788.0,865.0,878.0,970.0,1033.0,1007.1428571428571,1031.857142857143,1093.5,88.66,91.29,61.27,61.61,63.7,63.7,81.1,81.1,1317.0
2014-10-14,948.0,1485.0,885.0,952.0,85.91999999999999,61.38,63.7,81.1,2014,10,4,1,954.0,1037.0,1056.0,1149.0,1521.0,1758.0,868.0,887.0,959.0,1028.0,994.7142857142857,1023.3571428571429,1086.9333333333334,87.82,90.8,61.352500000000006,61.81,63.7,63.7,81.1,81.1,1313.0
2014-10-15,935.0,1376.0,909.0,944.0,84.02,61.42,63.7,81.1,2014,10,4,2,948.0,1029.0,1038.0,1142.0,1485.0,1735.0,885.0,889.0,952.0,1017.0,982.0,1015.6428571428571,1080.2333333333333,85.91999999999999,90.65,61.38,61.68,63.7,63.7,81.1,81.1,1239.0
2014-10-16,930.0,1315.0,940.0,933.0,84.02,61.8,63.7,81.1,2014,10,4,3,935.0,1015.0,1049.0,1147.0,1376.0,1698.0,909.0,884.0,944.0,1007.0,968.5714285714286,1008.2857142857143,1073.3333333333333,84.02,90.9,61.42,61.28,63.7,63.7,81.1,81.1,1187.0
2014-10-17,944.0,1362.0,966.0,923.0,85.27,61.46,63.7,81.1,2014,10,4,4,930.0,991.0,1062.0,1155.0,1315.0,1632.0,940.0,869.0,933.0,993.0,956.4285714285714,999.7857142857143,1066.1,84.02,90.25,61.8,61.38,63.7,63.7,81.1,81.1,1153.0
2014-10-20,973.0,1512.0,995.0,916.0,84.42,61.2,63.7,81.1,2014,10,4,0,944.0,974.0,1063.0,1166.0,1362.0,1580.0,966.0,864.0,923.0,980.0,949.7142857142857,991.3571428571429,1059.0666666666666,85.27,90.47,61.46,60.92,63.7,63.7,81.1,81.1,1137.0
2014-10-21,1090.0,2003.0,1032.0,911.0,85.17,61.14,63.7,81.1,2014,10,4,1,973.0,963.0,1055.0,1197.0,1512.0,1544.0,995.0,865.0,916.0,970.0,949.5714285714286,984.9285714285714,1052.6333333333334,84.42,88.66,61.2,61.27,63.7,63.7,81.1,81.1,1119.0
2014-10-22,1136.0,2186.0,1066.0,907.0,86.38,61.18,63.7,81.1,2014,10,4,2,1090.0,954.0,1041.0,1197.0,2003.0,1521.0,1032.0,868.0,911.0,959.0,967.7142857142857,987.4285714285714,1049.0666666666666,85.17,87.82,61.14,61.352500000000006,63.7,63.7,81.1,81.1,1079.0
2014-10-23,1155.0,2258.0,1099.0,906.0,85.94,61.16,63.7,81.1,2014,10,4,3,1136.0,948.0,1037.0,1186.0,2186.0,1485.0,1066.0,885.0,907.0,952.0,993.7142857142857,994.2142857142857,1047.0333333333333,86.38,85.91999999999999,61.18,61.38,63.7,63.7,81.1,81.1,1019.0
2014-10-24,1192.0,2422.0,1121.0,900.0,86.0,61.16,63.7,81.1,2014,10,4,4,1155.0,935.0,1029.0,1181.0,2258.0,1376.0,1099.0,909.0,906.0,944.0,1023.2857142857143,1002.6428571428571,1046.0,85.94,84.02,61.16,61.42,63.7,63.7,81.1,81.1,982.0
2014-10-27,1285.0,2852.0,1137.0,899.0,85.64,61.28,63.7,81.1,2014,10,4,0,1192.0,930.0,1015.0,1173.0,2422.0,1315.0,1121.0,940.0,900.0,933.0,1060.0,1014.2857142857143,1046.3666666666666,86.0,84.02,61.16,61.8,63.7,63.7,81.1,81.1,952.0
2014-10-28,1395.0,3436.0,1172.0,898.0,85.57,61.17,63.7,81.1,2014,10,4,1,1285.0,944.0,991.0,1150.0,2852.0,1362.0,1137.0,966.0,899.0,923.0,1110.7142857142858,1033.5714285714287,1050.1,85.64,85.27,61.28,61.46,63.7,63.7,81.1,81.1,933.0
2014-10-29,1428.0,3560.0,1202.0,896.0,86.91,61.2,63.7,81.1,2014,10,4,2,1395.0,973.0,974.0,1124.0,3436.0,1512.0,1172.0,995.0,898.0,916.0,1175.142857142857,1062.4285714285713,1058.2666666666667,85.57,84.42,61.17,61.2,63.7,63.7,81.1,81.1,911.0
2014-10-30,1424.0,3534.0,1222.0,891.0,85.5,61.42,63.7,81.1,2014,10,4,3,1428.0,1090.0,963.0,1089.0,3560.0,2003.0,1202.0,1032.0,896.0,911.0,1240.142857142857,1094.857142857143,1068.4,86.91,85.17,61.2,61.14,63.7,63.7,81.1,81.1,887.0
2014-10-31,1428.0,3552.0,1233.0,892.0,84.17,61.44,63.7,81.1,2014,10,4,4,1424.0,1136.0,954.0,1075.0,3534.0,2186.0,1222.0,1066.0,891.0,907.0,1287.857142857143,1127.7857142857142,1079.5666666666666,85.5,86.38,61.42,61.18,63.7,63.7,81.1,81.1,863.0
2014-11-03,1456.0,3640.0,1241.0,889.0,84.9,61.38,62.6,73.7,2014,11,4,0,1428.0,1155.0,948.0,1077.0,3552.0,2258.0,1233.0,1099.0,892.0,906.0,1329.5714285714287,1161.642857142857,1091.3333333333333,84.17,85.94,61.44,61.16,63.7,63.7,81.1,81.1,845.0
2014-11-04,1484.0,3781.0,1238.0,888.0,82.12,61.38,62.6,73.7,2014,11,4,1,1456.0,1192.0,935.0,1073.0,3640.0,2422.0,1241.0,1121.0,889.0,900.0,1372.5714285714287,1197.9285714285713,1103.9666666666667,84.9,86.0,61.38,61.16,62.6,63.7,73.7,81.1,838.0
2014-11-05,1464.0,3702.0,1224.0,888.0,82.88,61.49,62.6,73.7,2014,11,4,2,1484.0,1285.0,930.0,1056.0,3781.0,2852.0,1238.0,1137.0,888.0,899.0,1414.2857142857142,1237.142857142857,1117.6666666666667,82.12,85.64,61.38,61.28,62.6,63.7,73.7,81.1,827.0
2014-11-06,1436.0,3612.0,1205.0,886.0,82.08,61.45,62.6,73.7,2014,11,4,3,1464.0,1395.0,944.0,1038.0,3702.0,3436.0,1224.0,1172.0,888.0,898.0,1439.857142857143,1275.2857142857142,1131.2666666666667,82.88,85.57,61.49,61.17,62.6,63.7,73.7,81.1,814.0
2014-11-07,1437.0,3661.0,1183.0,881.0,83.2,61.5,62.6,73.7,2014,11,4,4,1436.0,1428.0,973.0,1049.0,3612.0,3560.0,1205.0,1202.0,886.0,896.0,1445.7142857142858,1310.4285714285713,1144.5333333333333,82.08,86.91,61.45,61.2,62.6,63.7,73.7,81.1,803.0
2014-11-10,1418.0,3613.0,1168.0,879.0,82.9,61.52,62.6,73.7,2014,11,4,0,1437.0,1424.0,1090.0,1062.0,3661.0,3534.0,1183.0,1222.0,881.0,891.0,1447.0,1343.5714285714287,1157.4666666666667,83.2,85.5,61.5,61.42,62.6,63.7,73.7,81.1,794.0
2014-11-11,1370.0,3419.0,1150.0,876.0,80.94,61.46,62.6,73.7,2014,11,4,1,1418.0,1428.0,1136.0,1063.0,3613.0,3552.0,1168.0,1233.0,879.0,892.0,1446.142857142857,1367.0,1169.3333333333333,82.9,84.17,61.52,61.44,62.6,63.7,73.7,81.1,788.0
2014-11-12,1327.0,3229.0,1133.0,873.0,80.42,61.4,62.6,73.7,2014,11,4,2,1370.0,1456.0,1155.0,1055.0,3419.0,3640.0,1150.0,1241.0,876.0,889.0,1437.857142857143,1383.7142857142858,1179.5666666666666,80.94,84.9,61.46,61.38,62.6,62.6,73.7,73.7,782.0
2014-11-13,1264.0,2972.0,1112.0,873.0,77.74,61.55,62.6,73.7,2014,11,4,3,1327.0,1484.0,1192.0,1041.0,3229.0,3781.0,1133.0,1238.0,873.0,888.0,1419.4285714285713,1396.0,1188.6333333333334,80.42,82.12,61.4,61.38,62.6,62.6,73.7,73.7,779.5555555555555
2014-11-14,1256.0,2931.0,1089.0,875.0,77.51,61.7,62.6,73.7,2014,11,4,4,1264.0,1464.0,1285.0,1037.0,2972.0,3702.0,1112.0,1224.0,873.0,888.0,1388.0,1401.142857142857,1196.0666666666666,77.74,82.88,61.55,61.49,62.6,62.6,73.7,73.7,775.8888888888889
2014-11-17,1264.0,2971.0,1069.0,875.0,76.86,61.82,62.6,73.7,2014,11,4,0,1256.0,1436.0,1395.0,1029.0,2931.0,3612.0,1089.0,1205.0,875.0,886.0,1358.2857142857142,1399.0714285714287,1203.3666666666666,77.51,82.08,61.7,61.45,62.6,62.6,73.7,73.7,774.6666666666666
2014-11-18,1296.0,3106.0,1061.0,881.0,77.23,61.72,62.6,73.7,2014,11,4,1,1264.0,1437.0,1428.0,1015.0,2971.0,3661.0,1069.0,1183.0,875.0,881.0,1333.7142857142858,1389.7142857142858,1211.2,76.86,83.2,61.82,61.5,62.6,62.6,73.7,73.7,773.4444444444445
2014-11-19,1306.0,3127.0,1055.0,904.0,77.21,61.98,62.6,73.7,2014,11,4,2,1296.0,1418.0,1424.0,991.0,3106.0,3613.0,1061.0,1168.0,881.0,879.0,1313.5714285714287,1380.2857142857142,1220.5666666666666,77.23,82.9,61.72,61.52,62.6,62.6,73.7,73.7,771.0
2014-11-20,1332.0,3130.0,1053.0,926.0,77.61,61.92,62.6,73.7,2014,11,4,3,1306.0,1370.0,1428.0,974.0,3127.0,3419.0,1055.0,1150.0,904.0,876.0,1297.5714285714287,1371.857142857143,1231.0666666666666,77.21,80.94,61.98,61.46,62.6,62.6,73.7,73.7,761.0
2014-11-21,1324.0,3038.0,1055.0,942.0,79.2,61.76,62.6,73.7,2014,11,4,4,1332.0,1327.0,1456.0,963.0,3130.0,3229.0,1053.0,1133.0,926.0,873.0,1292.142857142857,1365.0,1243.0,77.61,80.42,61.92,61.4,62.6,62.6,73.7,73.7,758.0
2014-11-24,1317.0,2975.0,1059.0,956.0,79.62,61.85,62.6,73.7,2014,11,4,0,1324.0,1264.0,1484.0,954.0,3038.0,2972.0,1055.0,1112.0,942.0,873.0,1291.7142857142858,1355.5714285714287,1255.0333333333333,79.2,77.74,61.76,61.55,62.6,62.6,73.7,73.7,744.0
2014-11-25,1313.0,2963.0,1064.0,970.0,77.62,61.89,62.6,73.7,2014,11,4,1,1317.0,1256.0,1464.0,948.0,2975.0,2931.0,1059.0,1089.0,956.0,875.0,1299.2857142857142,1343.642857142857,1267.1333333333334,79.62,77.51,61.85,61.7,62.6,62.6,73.7,73.7,724.0
2014-11-26,1239.0,2612.0,1073.0,980.0,77.39,61.78,62.6,73.7,2014,11,4,2,1313.0,1264.0,1436.0,935.0,2963.0,2971.0,1064.0,1069.0,970.0,875.0,1307.4285714285713,1332.857142857143,1279.3,77.62,76.86,61.89,61.82,62.6,62.6,73.7,73.7,709.0
2014-11-27,1187.0,2347.0,1099.0,984.0,74.64,61.99,62.6,73.7,2014,11,4,3,1239.0,1296.0,1437.0,930.0,2612.0,3106.0,1073.0,1061.0,980.0,881.0,1303.857142857143,1318.7857142857142,1289.4333333333334,77.39,77.23,61.78,61.72,62.6,62.6,73.7,73.7,723.0
2014-11-28,1153.0,2151.0,1120.0,986.0,71.89,62.2,62.6,73.7,2014,11,4,4,1187.0,1306.0,1418.0,944.0,2347.0,3127.0,1099.0,1055.0,984.0,904.0,1288.2857142857142,1300.9285714285713,1298.0,74.64,77.21,61.99,61.98,62.6,62.6,73.7,73.7,762.0
2014-12-01,1137.0,2025.0,1124.0,989.0,70.87,61.94,62.4,68.4,2014,12,4,0,1153.0,1332.0,1370.0,973.0,2151.0,3130.0,1120.0,1053.0,986.0,926.0,1266.4285714285713,1282.0,1304.9666666666667,71.89,77.61,62.2,61.92,62.6,62.6,73.7,73.7,757.0
2014-12-02,1119.0,1898.0,1119.0,987.0,71.13,61.8,62.4,68.4,2014,12,4,1,1137.0,1324.0,1327.0,1090.0,2025.0,3038.0,1124.0,1055.0,989.0,942.0,1238.5714285714287,1265.357142857143,1310.4333333333334,70.87,79.2,61.94,61.76,62.4,62.6,68.4,73.7,749.0
2014-12-03,1079.0,1677.0,1108.0,984.0,70.13,61.85,62.4,68.4,2014,12,4,2,1119.0,1317.0,1264.0,1136.0,1898.0,2975.0,1119.0,1059.0,987.0,956.0,1209.2857142857142,1250.5,1311.4,71.13,79.62,61.8,61.85,62.4,62.6,68.4,73.7,741.0
2014-12-04,1019.0,1452.0,1097.0,980.0,68.48,61.78,62.4,68.4,2014,12,4,3,1079.0,1313.0,1256.0,1155.0,1677.0,2963.0,1108.0,1064.0,984.0,970.0,1175.2857142857142,1237.2857142857142,1309.5,70.13,77.62,61.85,61.89,62.4,62.6,68.4,73.7,739.0
2014-12-05,982.0,1282.0,1088.0,971.0,68.0,61.9,62.4,68.4,2014,12,4,4,1019.0,1239.0,1264.0,1192.0,1452.0,2612.0,1097.0,1073.0,980.0,980.0,1133.2857142857142,1220.357142857143,1304.9666666666667,68.48,77.39,61.78,61.78,62.4,62.6,68.4,73.7,753.0
2014-12-08,952.0,1165.0,1081.0,969.0,65.64,61.82,62.4,68.4,2014,12,4,0,982.0,1187.0,1296.0,1285.0,1282.0,2347.0,1088.0,1099.0,971.0,984.0,1096.5714285714287,1200.2142857142858,1297.9666666666667,68.0,74.64,61.9,61.99,62.4,62.6,68.4,73.7,770.0
2014-12-09,933.0,1075.0,1066.0,966.0,66.11,61.87,62.4,68.4,2014,12,4,1,952.0,1153.0,1306.0,1395.0,1165.0,2151.0,1081.0,1120.0,969.0,986.0,1063.0,1175.642857142857,1286.8666666666666,65.64,71.89,61.82,62.2,62.4,62.6,68.4,73.7,751.0
2014-12-10,911.0,979.0,1047.0,960.0,63.32,62.1,62.4,68.4,2014,12,4,2,933.0,1137.0,1332.0,1428.0,1075.0,2025.0,1066.0,1124.0,966.0,989.0,1031.5714285714287,1149.0,1271.4666666666667,66.11,70.87,61.87,61.94,62.4,62.4,68.4,68.4,720.0
2014-12-11,887.0,879.0,1026.0,953.0,63.65,62.46,62.4,68.4,2014,12,4,3,911.0,1119.0,1324.0,1424.0,979.0,1898.0,1047.0,1119.0,960.0,987.0,999.2857142857143,1118.9285714285713,1254.2333333333333,63.32,71.13,62.1,61.8,62.4,62.4,68.4,68.4,703.0
2014-12-12,863.0,763.0,1001.0,950.0,61.67,62.52,62.4,68.4,2014,12,4,4,887.0,1079.0,1317.0,1428.0,879.0,1677.0,1026.0,1108.0,953.0,984.0,966.1428571428571,1087.7142857142858,1236.3333333333333,63.65,70.13,62.46,61.85,62.4,62.4,68.4,68.4,688.0
2014-12-15,845.0,659.0,980.0,947.0,61.09,63.16,62.4,68.4,2014,12,4,0,863.0,1019.0,1313.0,1456.0,763.0,1452.0,1001.0,1097.0,950.0,980.0,935.2857142857143,1055.2857142857142,1217.5,61.67,68.48,62.52,61.78,62.4,62.4,68.4,68.4,666.0
2014-12-16,838.0,617.0,961.0,942.0,60.26,63.65,62.4,68.4,2014,12,4,1,845.0,982.0,1239.0,1484.0,659.0,1282.0,980.0,1088.0,947.0,971.0,910.4285714285714,1021.8571428571429,1197.1333333333334,61.09,68.0,63.16,61.9,62.4,62.4,68.4,68.4,632.0
2014-12-17,827.0,571.0,945.0,932.0,59.84,63.52,62.4,68.4,2014,12,4,2,838.0,952.0,1187.0,1464.0,617.0,1165.0,961.0,1081.0,942.0,969.0,889.8571428571429,993.2142857142857,1175.6,60.26,65.64,63.65,61.82,62.4,62.4,68.4,68.4,608.0
2014-12-18,814.0,517.0,929.0,925.0,58.81,62.98,62.4,68.4,2014,12,4,3,827.0,933.0,1153.0,1436.0,571.0,1075.0,945.0,1066.0,932.0,966.0,872.0,967.5,1154.3666666666666,59.84,66.11,63.52,61.87,62.4,62.4,68.4,68.4,590.0
2014-12-19,803.0,488.0,907.0,917.0,58.87,63.24,62.4,68.4,2014,12,4,4,814.0,911.0,1137.0,1437.0,517.0,979.0,929.0,1047.0,925.0,960.0,855.0,943.2857142857143,1133.6333333333334,58.81,63.32,62.98,62.1,62.4,62.4,68.4,68.4,577.0
2014-12-22,794.0,480.0,891.0,906.0,58.31,63.22,62.4,68.4,2014,12,4,0,803.0,887.0,1119.0,1418.0,488.0,879.0,907.0,1026.0,917.0,953.0,839.5714285714286,919.4285714285714,1112.5,58.87,63.65,63.24,62.46,62.4,62.4,68.4,68.4,569.0
2014-12-23,788.0,472.0,872.0,897.0,59.07,63.4,62.4,68.4,2014,12,4,1,794.0,863.0,1079.0,1370.0,480.0,763.0,891.0,1001.0,906.0,950.0,826.2857142857143,896.2142857142857,1091.7,58.31,61.67,63.22,62.52,62.4,62.4,68.4,68.4,564.0
2014-12-24,782.0,474.0,856.0,887.0,58.67,63.55,62.4,68.4,2014,12,4,2,788.0,845.0,1019.0,1327.0,472.0,659.0,872.0,980.0,897.0,947.0,815.5714285714286,875.4285714285714,1072.3,59.07,61.09,63.4,63.16,62.4,62.4,68.4,68.4,559.0
2014-12-26,779.5555555555555,470.0,849.5555555555555,886.3333333333334,58.72,63.598,62.4,68.4,2014,12,4,4,782.0,838.0,982.0,1264.0,474.0,617.0,856.0,961.0,887.0,942.0,806.5714285714286,858.5,1054.1333333333334,58.67,60.26,63.55,63.65,62.4,62.4,68.4,68.4,554.0
2014-12-29,775.8888888888889,464.0,839.8888888888889,885.3333333333334,57.86,63.67,62.4,68.4,2014,12,4,0,779.5555555555555,827.0,952.0,1256.0,470.0,571.0,849.5555555555555,945.0,886.3333333333334,932.0,798.2222222222221,844.0396825396825,1037.9851851851852,58.72,59.84,63.598,63.52,62.4,62.4,68.4,68.4,556.0
2014-12-30,774.6666666666666,462.0,836.6666666666666,885.0,55.6,63.38,62.4,68.4,2014,12,4,1,775.8888888888889,814.0,933.0,1264.0,464.0,517.0,839.8888888888889,929.0,885.3333333333334,925.0,790.9206349206349,831.4603174603174,1021.9814814814815,57.86,58.81,63.67,62.98,62.4,62.4,68.4,68.4,553.0
2014-12-31,773.4444444444445,460.0,833.4444444444445,884.6666666666666,55.27,63.04,62.4,68.4,2014,12,4,2,774.6666666666666,803.0,911.0,1296.0,462.0,488.0,836.6666666666666,907.0,885.0,917.0,785.3015873015873,820.1507936507936,1005.6703703703703,55.6,58.87,63.38,63.24,62.4,62.4,68.4,68.4,540.0
2015-01-02,771.0,456.0,827.0,884.0,55.38,63.27,61.4,68.2,2015,1,1,4,773.4444444444445,794.0,887.0,1306.0,460.0,480.0,833.4444444444445,891.0,884.6666666666666,906.0,781.0793650793651,810.3253968253968,988.2518518518518,55.27,58.31,63.04,63.22,62.4,62.4,68.4,68.4,530.0
2015-01-05,761.0,442.0,811.0,873.0,51.08,63.34,61.4,68.2,2015,1,1,0,771.0,788.0,863.0,1332.0,456.0,472.0,827.0,872.0,884.0,897.0,777.7936507936507,802.0396825396825,970.4185185185185,55.38,59.07,63.27,63.4,61.4,62.4,68.2,68.4,522.0
2015-01-06,758.0,432.0,794.0,861.0,50.12,63.57,61.4,68.2,2015,1,1,1,761.0,782.0,845.0,1324.0,442.0,474.0,811.0,856.0,873.0,887.0,773.9365079365078,794.7539682539682,951.3851851851852,51.08,58.67,63.34,63.55,61.4,62.4,68.2,68.4,516.0
2015-01-07,744.0,397.0,780.0,843.0,49.06,63.27,61.4,68.2,2015,1,1,2,758.0,779.5555555555555,838.0,1317.0,432.0,470.0,794.0,849.5555555555555,861.0,886.3333333333334,770.5079365079364,788.5396825396825,932.5185185185185,50.12,58.72,63.57,63.598,61.4,62.4,68.2,68.4,509.0
2015-01-08,724.0,335.0,776.0,820.0,49.43,62.67,61.4,68.2,2015,1,1,3,744.0,775.8888888888889,827.0,1313.0,397.0,464.0,780.0,839.8888888888889,843.0,885.3333333333334,765.4285714285714,781.8253968253968,913.4185185185185,49.06,57.86,63.27,63.67,61.4,62.4,68.2,68.4,509.6
2015-01-09,709.0,311.0,764.0,800.0,47.64,62.34,61.4,68.2,2015,1,1,4,724.0,774.6666666666666,814.0,1239.0,335.0,462.0,776.0,836.6666666666666,820.0,885.0,758.0158730158729,774.4682539682539,893.7851851851851,49.43,55.6,62.67,63.38,61.4,62.4,68.2,68.4,510.2
2015-01-12,723.0,373.0,762.0,778.0,46.9,62.09,61.4,68.2,2015,1,1,0,709.0,773.4444444444445,803.0,1187.0,311.0,460.0,764.0,833.4444444444445,800.0,884.6666666666666,748.6349206349206,766.9682539682539,876.1185185185185,47.64,55.27,62.34,63.04,61.4,62.4,68.2,68.4,512.0
2015-01-13,762.0,537.0,766.0,763.0,45.13,61.97,61.4,68.2,2015,1,1,1,723.0,771.0,794.0,1153.0,373.0,456.0,762.0,827.0,778.0,884.0,741.4285714285714,761.2539682539682,860.6518518518518,46.9,55.38,62.09,63.27,61.4,61.4,68.2,68.2,516.0
2015-01-14,757.0,557.0,766.0,752.0,45.82,62.09,61.4,68.2,2015,1,1,2,762.0,761.0,788.0,1137.0,537.0,442.0,766.0,811.0,763.0,873.0,740.1428571428571,758.9682539682539,847.6185185185185,45.13,51.08,61.97,63.34,61.4,61.4,68.2,68.2,524.0
2015-01-15,749.0,585.0,766.0,735.0,47.66,62.06,61.4,68.2,2015,1,1,3,757.0,758.0,782.0,1119.0,557.0,432.0,766.0,794.0,752.0,861.0,739.5714285714286,756.7539682539682,834.9518518518519,45.82,50.12,62.09,63.57,61.4,61.4,68.2,68.2,533.0
2015-01-16,741.0,620.0,759.0,716.0,47.38,61.87,61.4,68.2,2015,1,1,4,749.0,744.0,779.5555555555555,1079.0,585.0,397.0,766.0,780.0,735.0,843.0,738.2857142857143,754.3968253968253,822.6185185185185,47.66,49.06,62.06,63.27,61.4,61.4,68.2,68.2,540.0
2015-01-19,739.0,662.0,751.0,699.0,46.712500000000006,61.6975,61.4,68.2,2015,1,1,0,741.0,724.0,775.8888888888889,1019.0,620.0,335.0,759.0,776.0,716.0,820.0,737.8571428571429,751.6428571428571,811.3518518518518,47.38,49.43,61.87,62.67,61.4,61.4,68.2,68.2,548.0
2015-01-20,753.0,752.0,741.0,684.0,46.49,61.64,61.4,68.2,2015,1,1,1,739.0,709.0,774.6666666666666,982.0,662.0,311.0,751.0,764.0,699.0,800.0,740.0,749.0079365079365,802.0185185185185,46.712500000000006,47.64,61.6975,62.34,61.4,61.4,68.2,68.2,553.0
2015-01-21,770.0,971.0,725.0,673.0,46.5,61.55,61.4,68.2,2015,1,1,2,753.0,723.0,773.4444444444445,952.0,752.0,373.0,741.0,762.0,684.0,778.0,746.2857142857143,747.4603174603174,794.3851851851852,46.49,46.9,61.64,62.09,61.4,61.4,68.2,68.2,559.0
2015-01-22,751.0,965.0,704.0,659.0,46.09,61.32,61.4,68.2,2015,1,1,3,770.0,762.0,771.0,933.0,971.0,537.0,725.0,766.0,673.0,763.0,753.0,747.2142857142857,788.3185185185185,46.5,45.13,61.55,61.97,61.4,61.4,68.2,68.2,561.0
2015-01-23,720.0,887.0,685.0,650.0,46.69,61.46,61.4,68.2,2015,1,1,4,751.0,757.0,761.0,911.0,965.0,557.0,704.0,766.0,659.0,752.0,751.4285714285714,745.7857142857143,782.2518518518518,46.09,45.82,61.32,62.09,61.4,61.4,68.2,68.2,565.0
2015-01-26,703.0,857.0,669.0,642.0,46.07,61.46,61.4,68.2,2015,1,1,0,720.0,749.0,758.0,887.0,887.0,585.0,685.0,766.0,650.0,735.0,746.1428571428571,742.8571428571429,775.8851851851852,46.69,47.66,61.46,62.06,61.4,61.4,68.2,68.2,568.0
2015-01-27,688.0,831.0,648.0,632.0,46.55,61.34,61.4,68.2,2015,1,1,1,703.0,741.0,744.0,863.0,857.0,620.0,669.0,759.0,642.0,716.0,739.5714285714286,738.9285714285714,769.7518518518518,46.07,47.38,61.46,61.87,61.4,61.4,68.2,68.2,568.0
2015-01-28,666.0,785.0,620.0,618.0,47.07,61.34,61.4,68.2,2015,1,1,2,688.0,739.0,724.0,845.0,831.0,662.0,648.0,751.0,632.0,699.0,732.0,734.9285714285714,763.9185185185185,46.55,46.712500000000006,61.34,61.6975,61.4,61.4,68.2,68.2,565.0
2015-01-29,632.0,725.0,550.0,599.0,46.61,61.94,61.4,68.2,2015,1,1,3,666.0,753.0,709.0,838.0,785.0,752.0,620.0,741.0,618.0,684.0,721.5714285714286,730.7857142857143,757.9518518518519,47.07,46.49,61.34,61.64,61.4,61.4,68.2,68.2,560.0
2015-01-30,608.0,679.0,508.0,585.0,47.52,62.01,61.4,68.2,2015,1,1,4,632.0,770.0,723.0,827.0,725.0,971.0,550.0,725.0,599.0,673.0,704.2857142857143,725.2857142857143,751.0851851851852,46.61,46.5,61.94,61.55,61.4,61.4,68.2,68.2,562.0
2015-02-02,590.0,665.0,480.0,567.0,51.74,61.68,69.1,62.8,2015,2,1,0,608.0,751.0,762.0,814.0,679.0,965.0,508.0,704.0,585.0,659.0,681.1428571428571,717.0714285714286,743.7851851851851,47.52,46.09,62.01,61.32,61.4,61.4,68.2,68.2,564.0
2015-02-03,577.0,663.0,454.0,556.0,54.41,61.67,69.1,62.8,2015,2,1,1,590.0,720.0,757.0,803.0,665.0,887.0,480.0,685.0,567.0,650.0,658.1428571428571,704.7857142857143,736.3185185185185,51.74,46.69,61.68,61.46,69.1,61.4,62.8,68.2,568.0
2015-02-04,569.0,669.0,437.0,545.0,55.07,61.73,69.1,62.8,2015,2,1,2,577.0,703.0,749.0,794.0,663.0,857.0,454.0,669.0,556.0,642.0,637.7142857142857,691.9285714285714,728.7851851851851,54.41,46.07,61.67,61.46,69.1,61.4,62.8,68.2,571.0
2015-02-05,564.0,680.0,428.0,538.0,55.98,61.73,69.1,62.8,2015,2,1,3,569.0,688.0,741.0,788.0,669.0,831.0,437.0,648.0,545.0,632.0,618.5714285714286,679.0714285714286,721.2851851851851,55.07,46.55,61.73,61.34,69.1,61.4,62.8,68.2,584.0
2015-02-06,559.0,689.0,430.0,530.0,55.88,61.7,69.1,62.8,2015,2,1,4,564.0,666.0,739.0,782.0,680.0,785.0,428.0,620.0,538.0,618.0,600.8571428571429,666.4285714285714,713.8185185185185,55.98,47.07,61.73,61.34,69.1,61.4,62.8,68.2,591.0
2015-02-09,554.0,687.0,434.0,523.0,57.0,62.1,69.1,62.8,2015,2,1,0,559.0,632.0,753.0,779.5555555555555,689.0,725.0,430.0,550.0,530.0,599.0,585.5714285714286,653.5714285714286,706.3851851851852,55.88,46.61,61.7,61.94,69.1,61.4,62.8,68.2,594.0
2015-02-10,556.0,711.0,446.0,516.0,55.79,62.33,69.1,62.8,2015,2,1,1,554.0,608.0,770.0,775.8888888888889,687.0,679.0,434.0,508.0,523.0,585.0,574.4285714285714,639.3571428571429,698.8666666666667,57.0,47.52,62.1,62.01,69.1,61.4,62.8,68.2,597.0
2015-02-11,553.0,700.0,469.0,508.0,53.48,62.41,69.1,62.8,2015,2,1,2,556.0,590.0,751.0,774.6666666666666,711.0,665.0,446.0,480.0,516.0,567.0,567.0,624.0714285714286,691.537037037037,55.79,51.74,62.33,61.68,69.1,69.1,62.8,62.8,598.0
2015-02-12,540.0,652.0,489.0,496.0,56.23,62.3,69.1,62.8,2015,2,1,3,553.0,577.0,720.0,773.4444444444445,700.0,663.0,469.0,454.0,508.0,556.0,561.7142857142857,609.9285714285714,684.1481481481482,53.48,54.41,62.41,61.67,69.1,69.1,62.8,62.8,598.0
2015-02-13,530.0,630.0,499.0,486.0,60.33,62.04,69.1,62.8,2015,2,1,4,540.0,569.0,703.0,771.0,652.0,669.0,489.0,437.0,496.0,545.0,556.4285714285714,597.0714285714286,676.3666666666667,56.23,55.07,62.3,61.73,69.1,69.1,62.8,62.8,596.0
2015-02-16,522.0,614.0,505.0,480.0,61.57,62.115,69.1,62.8,2015,2,1,0,530.0,564.0,688.0,761.0,630.0,680.0,499.0,428.0,486.0,538.0,550.8571428571429,584.7142857142857,668.3333333333334,60.33,55.98,62.04,61.73,69.1,69.1,62.8,62.8,599.0
2015-02-17,516.0,589.0,508.0,480.0,60.78,62.14,69.1,62.8,2015,2,1,1,522.0,559.0,666.0,758.0,614.0,689.0,505.0,430.0,480.0,530.0,544.8571428571429,572.8571428571429,660.3666666666667,61.57,55.88,62.115,61.7,69.1,69.1,62.8,62.8,602.0
2015-02-18,509.0,564.0,514.0,478.0,60.72,62.25,69.1,62.8,2015,2,1,2,516.0,554.0,632.0,744.0,589.0,687.0,508.0,434.0,480.0,523.0,538.7142857142857,562.1428571428571,652.3,60.78,57.0,62.14,62.1,69.1,69.1,62.8,62.8,596.0
2015-02-19,509.6,539.0,516.0,483.0,58.78,62.08,69.1,62.8,2015,2,1,3,509.0,556.0,608.0,724.0,564.0,711.0,514.0,446.0,478.0,516.0,532.2857142857143,553.3571428571429,644.4666666666667,60.72,55.79,62.25,62.33,69.1,69.1,62.8,62.8,588.0
2015-02-20,510.2,542.0,514.0,490.0,60.99,62.19,69.1,62.8,2015,2,1,4,509.6,553.0,590.0,709.0,539.0,700.0,516.0,469.0,483.0,508.0,525.6571428571428,546.3285714285714,637.3199999999999,58.78,53.48,62.08,62.41,69.1,69.1,62.8,62.8,587.0
2015-02-23,512.0,543.0,512.0,492.0,59.78,62.15,69.1,62.8,2015,2,1,0,510.2,540.0,577.0,723.0,542.0,652.0,514.0,489.0,490.0,496.0,519.5428571428571,540.6285714285715,630.6933333333333,60.99,56.23,62.19,62.3,69.1,69.1,62.8,62.8,584.0
2015-02-24,516.0,534.0,514.0,490.0,60.33,62.07,69.1,62.8,2015,2,1,1,512.0,530.0,569.0,762.0,543.0,630.0,512.0,499.0,492.0,486.0,515.5428571428572,535.9857142857143,623.66,59.78,60.33,62.15,62.04,69.1,69.1,62.8,62.8,583.0
2015-02-25,524.0,529.0,519.0,496.0,59.77,61.84,69.1,62.8,2015,2,1,2,516.0,522.0,564.0,757.0,534.0,614.0,514.0,505.0,490.0,480.0,513.5428571428572,532.2,615.4599999999999,60.33,61.57,62.07,62.115,69.1,69.1,62.8,62.8,580.0
2015-02-26,533.0,525.0,531.0,506.0,61.39,61.74,69.1,62.8,2015,2,1,3,524.0,516.0,559.0,749.0,529.0,589.0,519.0,508.0,496.0,480.0,513.8285714285714,529.3428571428572,607.6933333333333,59.77,60.78,61.84,62.14,69.1,69.1,62.8,62.8,580.0
2015-02-27,540.0,521.0,540.0,515.0,61.89,61.67,69.1,62.8,2015,2,1,4,533.0,509.0,554.0,741.0,525.0,564.0,531.0,514.0,506.0,478.0,516.2571428571429,527.4857142857143,600.4933333333333,61.39,60.72,61.74,62.25,69.1,69.1,62.8,62.8,580.0
2015-03-02,548.0,516.0,551.0,528.0,60.75,61.87,64.8,58.1,2015,3,1,0,540.0,509.6,556.0,739.0,521.0,539.0,540.0,516.0,515.0,483.0,520.6857142857143,526.4857142857143,593.7933333333333,61.89,58.78,61.67,62.08,69.1,69.1,62.8,62.8,578.0
2015-03-03,553.0,490.0,564.0,541.0,61.18,61.76,64.8,58.1,2015,3,1,1,548.0,510.2,553.0,753.0,516.0,542.0,551.0,514.0,528.0,490.0,526.1714285714286,525.9142857142857,587.4266666666666,60.75,60.99,61.87,62.19,64.8,69.1,58.1,62.8,581.0
2015-03-04,559.0,478.0,576.0,550.0,59.18,62.3,64.8,58.1,2015,3,1,2,553.0,512.0,540.0,770.0,490.0,543.0,564.0,512.0,541.0,492.0,532.2857142857143,525.9142857142857,580.76,61.18,59.78,61.76,62.15,64.8,69.1,58.1,62.8,586.0
2015-03-05,561.0,464.0,583.0,560.0,60.33,62.26,64.8,58.1,2015,3,1,3,559.0,516.0,530.0,751.0,478.0,534.0,576.0,514.0,550.0,490.0,539.0,527.2714285714286,573.7266666666667,59.18,60.33,62.3,62.07,64.8,69.1,58.1,62.8,593.0
2015-03-06,565.0,470.0,587.0,566.0,59.15,62.45,64.8,58.1,2015,3,1,4,561.0,524.0,522.0,720.0,464.0,529.0,583.0,519.0,560.0,496.0,545.4285714285714,529.4857142857143,567.3933333333333,60.33,59.77,62.26,61.84,64.8,69.1,58.1,62.8,597.0
2015-03-09,568.0,468.0,590.0,573.0,58.67,62.67,64.8,58.1,2015,3,1,0,565.0,533.0,516.0,703.0,470.0,525.0,587.0,531.0,566.0,506.0,551.2857142857143,532.5571428571428,562.2266666666667,59.15,61.39,62.45,61.74,64.8,69.1,58.1,62.8,598.0
2015-03-10,568.0,457.0,591.0,580.0,55.95,62.71,64.8,58.1,2015,3,1,1,568.0,540.0,509.0,688.0,468.0,521.0,590.0,540.0,573.0,515.0,556.2857142857143,536.2714285714286,557.7266666666667,58.67,61.89,62.67,61.67,64.8,69.1,58.1,62.8,601.0
2015-03-11,565.0,431.0,588.0,589.0,56.46,62.76,64.8,58.1,2015,3,1,2,568.0,548.0,509.6,666.0,457.0,516.0,591.0,551.0,580.0,528.0,560.2857142857143,540.4857142857143,553.7266666666667,55.95,60.75,62.71,61.87,64.8,64.8,58.1,58.1,600.0
2015-03-12,560.0,394.0,586.0,596.0,56.66,62.44,64.8,58.1,2015,3,1,3,565.0,553.0,510.2,632.0,431.0,490.0,588.0,564.0,589.0,541.0,562.7142857142857,544.4428571428572,550.36,56.46,61.18,62.76,61.76,64.8,64.8,58.1,58.1,599.0
2015-03-13,562.0,378.0,585.0,606.0,54.8,63.06,64.8,58.1,2015,3,1,4,560.0,559.0,512.0,608.0,394.0,478.0,586.0,576.0,596.0,550.0,563.7142857142857,548.0,547.9599999999999,56.66,59.18,62.44,62.3,64.8,64.8,58.1,58.1,600.0
2015-03-16,564.0,372.0,588.0,611.0,52.0,62.8,64.8,58.1,2015,3,1,0,562.0,561.0,516.0,590.0,378.0,464.0,585.0,583.0,606.0,560.0,564.1428571428571,551.5714285714286,546.4266666666666,54.8,60.33,63.06,62.26,64.8,64.8,58.1,58.1,600.0
2015-03-17,568.0,366.0,595.0,616.0,52.17,62.64,64.8,58.1,2015,3,1,1,564.0,565.0,524.0,577.0,372.0,470.0,588.0,587.0,611.0,566.0,564.5714285714286,555.0,545.5600000000001,52.0,59.15,62.8,62.45,64.8,64.8,58.1,58.1,601.0
2015-03-18,571.0,357.0,604.0,623.0,52.59,62.69,64.8,58.1,2015,3,1,2,568.0,568.0,533.0,569.0,366.0,468.0,595.0,590.0,616.0,573.0,565.0,558.1428571428571,545.26,52.17,58.67,62.64,62.67,64.8,64.8,58.1,58.1,595.0
2015-03-19,584.0,407.0,613.0,627.0,52.96,62.56,64.8,58.1,2015,3,1,3,571.0,568.0,540.0,564.0,357.0,457.0,604.0,591.0,623.0,580.0,565.4285714285714,560.8571428571429,545.3266666666667,52.59,55.95,62.69,62.71,64.8,64.8,58.1,58.1,591.0
2015-03-20,591.0,423.0,617.0,635.0,53.88,62.47,64.8,58.1,2015,3,1,4,584.0,565.0,548.0,559.0,407.0,431.0,613.0,588.0,627.0,589.0,567.7142857142857,564.0,545.9933333333333,52.96,56.46,62.56,62.76,64.8,64.8,58.1,58.1,587.0
2015-03-23,594.0,435.0,617.0,640.0,53.82,62.22,64.8,58.1,2015,3,1,0,591.0,560.0,553.0,554.0,423.0,394.0,617.0,586.0,635.0,596.0,571.4285714285714,567.0714285714286,547.06,53.88,56.66,62.47,62.44,64.8,64.8,58.1,58.1,581.75
2015-03-24,597.0,448.0,609.0,645.0,53.61,62.4,64.8,58.1,2015,3,1,1,594.0,562.0,559.0,556.0,435.0,378.0,617.0,585.0,640.0,606.0,576.2857142857143,570.0,548.3933333333333,53.82,54.8,62.22,63.06,64.8,64.8,58.1,58.1,580.0
2015-03-25,598.0,455.0,602.0,648.0,54.18,62.35,64.8,58.1,2015,3,1,2,597.0,564.0,561.0,553.0,448.0,372.0,609.0,588.0,645.0,611.0,581.2857142857143,572.7142857142857,549.76,53.61,52.0,62.4,62.8,64.8,64.8,58.1,58.1,575.0
2015-03-26,598.0,456.0,599.0,648.0,57.02,62.83,64.8,58.1,2015,3,1,3,598.0,568.0,565.0,540.0,455.0,366.0,602.0,595.0,648.0,616.0,586.1428571428571,575.3571428571429,551.26,54.18,52.17,62.35,62.64,64.8,64.8,58.1,58.1,573.0
2015-03-27,596.0,456.0,597.0,647.0,56.44,62.5,64.8,58.1,2015,3,1,4,598.0,571.0,568.0,530.0,456.0,357.0,599.0,604.0,648.0,623.0,590.4285714285714,577.7142857142857,553.1933333333333,57.02,52.59,62.83,62.69,64.8,64.8,58.1,58.1,574.0
2015-03-30,599.0,460.0,600.0,649.0,53.99,62.52,64.8,58.1,2015,3,1,0,596.0,584.0,568.0,522.0,456.0,407.0,597.0,613.0,647.0,627.0,594.0,579.7142857142857,555.3933333333333,56.44,52.96,62.5,62.56,64.8,64.8,58.1,58.1,578.0
2015-03-31,602.0,475.0,598.0,650.0,53.69,62.31,64.8,58.1,2015,3,1,1,599.0,591.0,565.0,516.0,460.0,423.0,600.0,617.0,649.0,635.0,596.1428571428571,581.9285714285714,557.9599999999999,53.99,53.88,62.52,62.47,64.8,64.8,58.1,58.1,589.0
2015-04-01,596.0,463.0,596.0,646.0,55.73,62.14,56.2,52.3,2015,4,2,2,602.0,594.0,560.0,509.0,475.0,435.0,598.0,617.0,650.0,640.0,597.7142857142857,584.5714285714286,560.8266666666666,53.69,53.82,62.31,62.22,64.8,64.8,58.1,58.1,634.0
2015-04-02,588.0,454.0,589.0,636.0,55.73,62.13,56.2,52.3,2015,4,2,3,596.0,597.0,562.0,509.6,463.0,448.0,596.0,609.0,646.0,645.0,598.0,587.1428571428571,563.7266666666667,55.73,53.61,62.14,62.4,56.2,64.8,52.3,58.1,637.0
2015-04-03,587.0,452.8,588.0,635.0,55.73,61.99,56.2,52.3,2015,4,2,4,588.0,598.0,564.0,510.2,454.0,455.0,589.0,602.0,636.0,648.0,596.7142857142857,589.0,566.3399999999999,55.73,54.18,62.13,62.35,56.2,64.8,52.3,58.1,634.0
2015-04-06,584.0,449.2,585.0,632.0,55.73,62.16,56.2,52.3,2015,4,2,0,587.0,598.0,568.0,512.0,452.8,456.0,588.0,599.0,635.0,648.0,595.1428571428571,590.6428571428571,568.9,55.73,57.02,61.99,62.83,56.2,64.8,52.3,58.1,630.0
2015-04-07,583.0,448.0,584.0,631.0,57.55,62.23,56.2,52.3,2015,4,2,1,584.0,596.0,571.0,516.0,449.2,456.0,585.0,597.0,632.0,647.0,593.1428571428571,591.7857142857143,571.3,55.73,56.44,62.16,62.5,56.2,64.8,52.3,58.1,620.0
2015-04-08,580.0,450.0,585.0,624.0,56.42,62.22,56.2,52.3,2015,4,2,2,583.0,599.0,584.0,524.0,448.0,460.0,584.0,600.0,631.0,649.0,591.2857142857143,592.6428571428571,573.5333333333333,57.55,53.99,62.23,62.52,56.2,64.8,52.3,58.1,606.0
2015-04-09,580.0,461.0,591.0,617.0,56.04,62.18,56.2,52.3,2015,4,2,3,580.0,602.0,591.0,533.0,450.0,475.0,585.0,598.0,624.0,650.0,588.5714285714286,592.3571428571429,575.4,56.42,53.69,62.22,62.31,56.2,64.8,52.3,58.1,592.0
2015-04-10,580.0,466.0,600.0,613.0,56.82,62.21,56.2,52.3,2015,4,2,4,580.0,596.0,594.0,540.0,461.0,463.0,591.0,596.0,617.0,646.0,585.4285714285714,591.5714285714286,576.9666666666667,56.04,55.73,62.18,62.14,56.2,56.2,52.3,52.3,586.0
2015-04-13,578.0,460.0,609.0,609.0,57.14,62.38,56.2,52.3,2015,4,2,0,580.0,588.0,597.0,548.0,466.0,454.0,600.0,589.0,613.0,636.0,583.1428571428571,590.5714285714286,578.3,56.82,55.73,62.21,62.13,56.2,56.2,52.3,52.3,584.0
2015-04-14,581.0,470.0,619.0,608.0,57.69,62.25,56.2,52.3,2015,4,2,1,578.0,587.0,598.0,553.0,460.0,452.8,609.0,588.0,609.0,635.0,581.7142857142857,589.2142857142857,579.3,57.14,55.73,62.38,61.99,56.2,56.2,52.3,52.3,587.0
2015-04-15,586.0,494.0,626.0,608.0,59.32,62.34,56.2,52.3,2015,4,2,2,581.0,584.0,598.0,559.0,470.0,449.2,619.0,585.0,608.0,632.0,580.8571428571429,588.0,580.2333333333333,57.69,55.73,62.25,62.16,56.2,56.2,52.3,52.3,588.0
2015-04-16,593.0,521.0,636.0,612.0,60.13,62.28,56.2,52.3,2015,4,2,3,586.0,583.0,596.0,561.0,494.0,448.0,626.0,584.0,608.0,631.0,581.1428571428571,587.1428571428571,581.1333333333333,59.32,57.55,62.34,62.23,56.2,56.2,52.3,52.3,589.0
2015-04-17,597.0,532.0,642.0,619.0,61.31,62.48,56.2,52.3,2015,4,2,4,593.0,580.0,599.0,565.0,521.0,450.0,636.0,585.0,612.0,624.0,582.5714285714286,586.9285714285714,582.2,60.13,56.42,62.28,62.22,56.2,56.2,52.3,52.3,589.0
2015-04-20,598.0,537.0,646.0,618.0,61.2,63.07,56.2,52.3,2015,4,2,0,597.0,580.0,602.0,568.0,532.0,461.0,642.0,591.0,619.0,617.0,585.0,586.7857142857143,583.2666666666667,61.31,56.04,62.48,62.18,56.2,56.2,52.3,52.3,591.0
2015-04-21,601.0,549.0,659.0,619.0,60.12,62.92,56.2,52.3,2015,4,2,1,598.0,580.0,596.0,568.0,537.0,466.0,646.0,600.0,618.0,613.0,587.5714285714286,586.5,584.2666666666667,61.2,56.82,63.07,62.21,56.2,56.2,52.3,52.3,598.0
2015-04-22,600.0,544.0,669.0,620.0,60.12,62.96,56.2,52.3,2015,4,2,2,601.0,578.0,588.0,565.0,549.0,460.0,659.0,609.0,619.0,609.0,590.5714285714286,586.8571428571429,585.3666666666667,60.12,57.14,62.92,62.38,56.2,56.2,52.3,52.3,603.0
2015-04-23,599.0,543.0,680.0,621.0,62.66,63.27,56.2,52.3,2015,4,2,3,600.0,581.0,587.0,560.0,544.0,470.0,669.0,619.0,620.0,608.0,593.7142857142857,587.7142857142857,586.5333333333333,60.12,57.69,62.96,62.25,56.2,56.2,52.3,52.3,610.0
2015-04-24,600.0,545.0,685.0,624.0,62.96,63.55,56.2,52.3,2015,4,2,4,599.0,586.0,584.0,562.0,543.0,494.0,680.0,626.0,621.0,608.0,596.2857142857143,588.5714285714286,587.8333333333334,62.66,59.32,63.27,62.34,56.2,56.2,52.3,52.3,610.0
2015-04-27,600.0,546.0,687.0,626.0,62.86,63.34,56.2,52.3,2015,4,2,0,600.0,593.0,583.0,564.0,545.0,521.0,685.0,636.0,624.0,612.0,598.2857142857143,589.7142857142857,589.1,62.96,60.13,63.55,62.28,56.2,56.2,52.3,52.3,612.0
2015-04-28,601.0,551.0,685.0,628.0,62.61,63.05,56.2,52.3,2015,4,2,1,600.0,597.0,580.0,568.0,546.0,532.0,687.0,642.0,626.0,619.0,599.2857142857143,590.9285714285714,590.3,62.86,61.31,63.34,62.48,56.2,56.2,52.3,52.3,618.0
2015-04-29,595.0,558.0,673.0,627.0,63.97,63.38,56.2,52.3,2015,4,2,2,601.0,598.0,580.0,571.0,551.0,537.0,685.0,646.0,628.0,618.0,599.8571428571429,592.4285714285714,591.4,62.61,61.2,63.05,63.07,56.2,56.2,52.3,52.3,629.0
2015-04-30,591.0,565.0,658.0,625.0,63.9,63.58,56.2,52.3,2015,4,2,3,595.0,601.0,580.0,584.0,558.0,549.0,673.0,659.0,627.0,619.0,599.4285714285714,593.5,592.2,63.97,60.12,63.38,62.92,56.2,56.2,52.3,52.3,642.0
2015-05-01,587.0,574.0,647.0,621.0,64.13,63.63,61.2,60.3,2015,5,2,4,591.0,600.0,578.0,591.0,565.0,544.0,658.0,669.0,625.0,620.0,598.0,594.2857142857143,592.4333333333333,63.9,60.12,63.58,62.96,56.2,56.2,52.3,52.3,656.0
2015-05-04,581.75,571.75,636.5,618.75,64.62,63.64,61.2,60.3,2015,5,2,0,587.0,599.0,581.0,594.0,574.0,543.0,647.0,680.0,621.0,621.0,596.1428571428571,594.9285714285714,592.3,64.13,62.66,63.63,63.27,61.2,56.2,60.3,52.3,681.0
2015-05-05,580.0,571.0,633.0,618.0,65.44,63.31,61.2,60.3,2015,5,2,1,581.75,600.0,586.0,597.0,571.75,545.0,636.5,685.0,618.75,624.0,593.6785714285714,594.9821428571429,591.8916666666667,64.62,62.96,63.64,63.55,61.2,56.2,60.3,52.3,725.0
2015-05-06,575.0,574.0,618.0,618.0,66.22,63.57,61.2,60.3,2015,5,2,2,580.0,600.0,593.0,598.0,571.0,546.0,633.0,687.0,618.0,626.0,590.8214285714286,594.5535714285714,591.325,65.44,62.86,63.31,63.34,61.2,56.2,60.3,52.3,773.0
2015-05-07,573.0,594.0,603.0,618.0,64.93,64.08,61.2,60.3,2015,5,2,3,575.0,601.0,597.0,598.0,574.0,551.0,618.0,685.0,618.0,628.0,587.25,593.2678571428571,590.5583333333333,66.22,62.61,63.57,63.05,61.2,56.2,60.3,52.3,779.0
2015-05-08,574.0,616.0,594.0,618.0,63.82,63.73,61.2,60.3,2015,5,2,4,573.0,595.0,598.0,596.0,594.0,558.0,603.0,673.0,618.0,627.0,583.25,591.5535714285714,589.725,64.93,63.97,64.08,63.38,61.2,56.2,60.3,52.3,779.0
2015-05-11,578.0,660.0,586.0,617.0,62.82,63.96,61.2,60.3,2015,5,2,0,574.0,591.0,601.0,599.0,616.0,565.0,594.0,658.0,618.0,625.0,580.25,589.8392857142857,588.9916666666667,63.82,63.9,63.73,63.58,61.2,56.2,60.3,52.3,790.0
2015-05-12,589.0,731.0,583.0,619.0,65.09,64.19,61.2,60.3,2015,5,2,1,578.0,587.0,600.0,602.0,660.0,574.0,586.0,647.0,617.0,621.0,578.3928571428571,588.1964285714286,588.2916666666666,62.82,64.13,63.96,63.63,61.2,61.2,60.3,60.3,829.0
2015-05-13,634.0,942.0,584.0,624.0,66.33,63.88,61.2,60.3,2015,5,2,2,589.0,581.75,599.0,596.0,731.0,571.75,583.0,636.5,619.0,618.75,578.6785714285714,587.4107142857143,587.8583333333333,65.09,64.62,64.19,63.64,61.2,61.2,60.3,60.3,829.0
2015-05-14,637.0,972.0,580.0,626.0,65.58,63.47,61.2,60.3,2015,5,2,3,634.0,580.0,600.0,588.0,942.0,571.0,584.0,633.0,624.0,618.0,586.1428571428571,589.9107142857143,589.125,66.33,65.44,63.88,63.31,61.2,61.2,60.3,60.3,823.0
2015-05-15,634.0,954.0,579.0,628.0,64.69,63.36,61.2,60.3,2015,5,2,4,637.0,575.0,600.0,587.0,972.0,574.0,580.0,618.0,626.0,618.0,594.2857142857143,592.5535714285714,590.7583333333333,65.58,66.22,63.47,63.57,61.2,61.2,60.3,60.3,813.0
2015-05-18,630.0,950.0,578.0,626.0,65.15,63.66,61.2,60.3,2015,5,2,0,634.0,573.0,601.0,584.0,954.0,594.0,579.0,603.0,628.0,618.0,602.7142857142857,594.9821428571429,592.325,64.69,64.93,63.36,64.08,61.2,61.2,60.3,60.3,800.0
2015-05-19,620.0,923.0,574.0,625.0,63.48,63.8,61.2,60.3,2015,5,2,1,630.0,574.0,595.0,583.0,950.0,616.0,578.0,594.0,626.0,618.0,610.8571428571429,597.0535714285714,593.8583333333333,65.15,63.82,63.66,63.73,61.2,61.2,60.3,60.3,794.0
2015-05-20,606.0,889.0,565.0,623.0,63.52,63.75,61.2,60.3,2015,5,2,2,620.0,578.0,591.0,580.0,923.0,660.0,574.0,586.0,625.0,617.0,617.4285714285714,598.8392857142857,595.0916666666667,63.48,62.82,63.8,63.96,61.2,61.2,60.3,60.3,794.0
2015-05-21,592.0,844.0,556.0,624.0,64.7,63.51,61.2,60.3,2015,5,2,3,606.0,589.0,587.0,580.0,889.0,731.0,565.0,583.0,623.0,619.0,621.4285714285714,599.9107142857143,595.9583333333334,63.52,65.09,63.75,64.19,61.2,61.2,60.3,60.3,805.0
2015-05-22,586.0,816.0,549.0,627.0,64.7,63.43,61.2,60.3,2015,5,2,4,592.0,634.0,581.75,580.0,844.0,942.0,556.0,584.0,624.0,624.0,621.8571428571429,600.2678571428571,596.3583333333333,64.7,66.33,63.51,63.88,61.2,61.2,60.3,60.3,815.0
2015-05-26,584.0,806.0,540.0,631.0,61.65,63.87,61.2,60.3,2015,5,2,1,586.0,637.0,580.0,578.0,816.0,972.0,549.0,580.0,627.0,626.0,615.0,600.5714285714286,596.5583333333333,64.7,65.58,63.43,63.47,61.2,61.2,60.3,60.3,830.0
2015-05-27,587.0,823.0,530.0,635.0,61.35,63.92,61.2,60.3,2015,5,2,2,584.0,634.0,575.0,581.0,806.0,954.0,540.0,579.0,631.0,628.0,607.4285714285714,600.8571428571429,596.7583333333333,61.65,64.69,63.87,63.36,61.2,61.2,60.3,60.3,840.0
2015-05-28,588.0,817.0,525.0,642.0,60.12,63.83,61.2,60.3,2015,5,2,3,587.0,630.0,573.0,586.0,823.0,950.0,530.0,578.0,635.0,626.0,600.7142857142857,601.7142857142857,596.9583333333334,61.35,65.15,63.92,63.66,61.2,61.2,60.3,60.3,853.0
2015-05-29,589.0,810.0,524.0,647.0,63.16,63.71,61.2,60.3,2015,5,2,4,588.0,620.0,574.0,593.0,817.0,923.0,525.0,574.0,642.0,625.0,594.7142857142857,602.7857142857143,597.025,60.12,63.48,63.83,63.8,61.2,61.2,60.3,60.3,874.0
2015-06-01,589.0,804.0,522.0,652.0,62.87,63.59,59.0,62.6,2015,6,2,0,589.0,606.0,578.0,597.0,810.0,889.0,524.0,565.0,647.0,623.0,590.2857142857143,603.8571428571429,596.8916666666667,63.16,63.52,63.71,63.75,61.2,61.2,60.3,60.3,900.0
2015-06-02,591.0,821.0,528.0,653.0,63.14,63.72,59.0,62.6,2015,6,2,1,589.0,592.0,589.0,598.0,804.0,844.0,522.0,556.0,652.0,624.0,587.8571428571429,604.6428571428571,596.625,62.87,64.7,63.59,63.51,59.0,61.2,62.6,60.3,915.0
2015-06-03,598.0,821.0,544.0,654.0,62.78,63.99,59.0,62.6,2015,6,2,2,591.0,586.0,634.0,601.0,821.0,816.0,528.0,549.0,653.0,627.0,587.7142857142857,604.7857142857143,596.3916666666667,63.14,64.7,63.72,63.43,59.0,61.2,62.6,60.3,951.0
2015-06-04,603.0,818.0,570.0,654.0,60.34,63.96,59.0,62.6,2015,6,2,3,598.0,584.0,637.0,600.0,821.0,806.0,544.0,540.0,654.0,631.0,589.4285714285714,602.2142857142857,596.2916666666666,62.78,61.65,63.99,63.87,59.0,61.2,62.6,60.3,1009.0
2015-06-05,610.0,865.0,596.0,656.0,60.36,63.76,59.0,62.6,2015,6,2,4,603.0,587.0,634.0,599.0,818.0,823.0,570.0,530.0,654.0,635.0,592.1428571428571,599.7857142857143,596.3916666666667,60.34,61.35,63.96,63.92,59.0,61.2,62.6,60.3,1048.0
2015-06-08,610.0,856.0,608.0,655.0,61.33,64.03,59.0,62.6,2015,6,2,0,610.0,588.0,630.0,600.0,865.0,817.0,596.0,525.0,656.0,642.0,595.4285714285714,598.0714285714286,596.7583333333333,60.36,60.12,63.76,63.83,59.0,61.2,62.6,60.3,1067.0
2015-06-09,612.0,834.0,630.0,654.0,63.23,63.96,59.0,62.6,2015,6,2,1,610.0,589.0,620.0,600.0,856.0,810.0,608.0,524.0,655.0,647.0,598.5714285714286,596.6428571428571,597.0916666666667,61.33,63.16,64.03,63.71,59.0,61.2,62.6,60.3,1113.0
2015-06-10,618.0,816.0,662.0,661.0,64.68,63.81,59.0,62.6,2015,6,2,2,612.0,589.0,606.0,601.0,834.0,804.0,630.0,522.0,654.0,652.0,601.8571428571429,596.0714285714286,597.4916666666667,63.23,62.87,63.96,63.59,59.0,59.0,62.6,62.6,1118.0
2015-06-11,629.0,810.0,696.0,669.0,63.76,63.93,59.0,62.6,2015,6,2,3,618.0,591.0,592.0,595.0,816.0,821.0,662.0,528.0,661.0,653.0,606.0,596.9285714285714,598.0583333333333,64.68,63.14,63.81,63.72,59.0,59.0,62.6,62.6,1102.0
2015-06-12,642.0,820.0,719.0,678.0,63.19,64.02,59.0,62.6,2015,6,2,4,629.0,598.0,586.0,591.0,810.0,821.0,696.0,544.0,669.0,654.0,611.4285714285714,599.5714285714286,599.1916666666667,63.76,62.78,63.93,63.99,59.0,59.0,62.6,62.6,1086.0
2015-06-15,656.0,840.0,742.0,685.0,60.99,64.03,59.0,62.6,2015,6,2,0,642.0,603.0,584.0,587.0,820.0,818.0,719.0,570.0,678.0,654.0,617.7142857142857,603.5714285714286,600.8916666666667,63.19,60.34,64.02,63.96,59.0,59.0,62.6,62.6,1090.0
2015-06-16,681.0,904.0,772.0,695.0,60.75,64.21,59.0,62.6,2015,6,2,1,656.0,610.0,587.0,581.75,840.0,865.0,742.0,596.0,685.0,656.0,625.2857142857143,608.7142857142857,603.1916666666667,60.99,60.36,64.03,63.76,59.0,59.0,62.6,62.6,1094.0
2015-06-17,725.0,1045.0,817.0,706.0,60.75,64.14,59.0,62.6,2015,6,2,2,681.0,610.0,588.0,580.0,904.0,856.0,772.0,608.0,695.0,655.0,635.4285714285714,615.4285714285714,606.5,60.75,61.33,64.21,64.03,59.0,59.0,62.6,62.6,1104.0
2015-06-18,773.0,1234.0,847.0,715.0,61.37,63.62,59.0,62.6,2015,6,2,3,725.0,612.0,589.0,575.0,1045.0,834.0,817.0,630.0,706.0,654.0,651.8571428571429,625.2142857142857,611.3333333333334,60.75,63.23,64.14,63.96,59.0,59.0,62.6,62.6,1100.0
2015-06-19,779.0,1241.0,851.0,721.0,59.41,63.43,59.0,62.6,2015,6,2,4,773.0,618.0,589.0,573.0,1234.0,816.0,847.0,662.0,715.0,661.0,674.8571428571429,638.3571428571429,617.9333333333333,61.37,64.68,63.62,63.81,59.0,59.0,62.6,62.6,1131.0
2015-06-22,779.0,1248.0,845.0,722.0,60.54,63.51,59.0,62.6,2015,6,2,0,779.0,629.0,591.0,574.0,1241.0,810.0,851.0,696.0,721.0,669.0,697.8571428571429,651.9285714285714,624.8,59.41,63.76,63.43,63.93,59.0,59.0,62.6,62.6,1151.0
2015-06-23,790.0,1300.0,834.0,721.0,61.67,63.57,59.0,62.6,2015,6,2,1,779.0,642.0,598.0,578.0,1248.0,820.0,845.0,719.0,722.0,678.0,719.2857142857143,665.3571428571429,631.6333333333333,60.54,63.19,63.51,64.02,59.0,59.0,62.6,62.6,1200.0
2015-06-24,829.0,1428.0,829.0,723.0,61.63,63.54,59.0,62.6,2015,6,2,2,790.0,656.0,603.0,589.0,1300.0,840.0,834.0,742.0,721.0,685.0,740.4285714285714,679.0714285714286,638.7,61.67,60.99,63.57,64.03,59.0,59.0,62.6,62.6,1222.0
2015-06-25,829.0,1432.0,827.0,723.0,60.24,63.5,59.0,62.6,2015,6,2,3,829.0,681.0,610.0,634.0,1428.0,904.0,829.0,772.0,723.0,695.0,765.1428571428571,695.2142857142857,646.7,61.63,60.75,63.54,64.21,59.0,59.0,62.6,62.6,1201.0
2015-06-26,823.0,1393.0,833.0,723.0,60.14,63.54,59.0,62.6,2015,6,2,4,829.0,725.0,610.0,637.0,1432.0,1045.0,827.0,817.0,723.0,706.0,786.2857142857143,710.8571428571429,653.2,60.24,60.75,63.5,64.14,59.0,59.0,62.6,62.6,1200.0
2015-06-29,813.0,1346.0,838.0,722.0,59.03,63.73,59.0,62.6,2015,6,2,0,823.0,773.0,612.0,634.0,1393.0,1234.0,833.0,847.0,723.0,715.0,800.2857142857143,726.0714285714286,659.4,60.14,61.37,63.54,63.62,59.0,59.0,62.6,62.6,1197.0
2015-06-30,800.0,1292.0,845.0,715.0,60.31,63.59,59.0,62.6,2015,6,2,1,813.0,779.0,618.0,630.0,1346.0,1241.0,838.0,851.0,722.0,721.0,806.0,740.4285714285714,665.3666666666667,59.03,59.41,63.73,63.43,59.0,59.0,62.6,62.6,1162.0
2015-07-01,794.0,1251.0,858.0,713.0,61.65,63.55,59.9,52.4,2015,7,3,2,800.0,779.0,629.0,620.0,1292.0,1248.0,845.0,845.0,715.0,722.0,809.0,753.4285714285714,671.0333333333333,60.31,60.54,63.59,63.51,59.0,59.0,62.6,62.6,1093.0
2015-07-02,794.0,1226.0,883.0,712.0,61.73,63.36,59.9,52.4,2015,7,3,3,794.0,790.0,642.0,606.0,1251.0,1300.0,858.0,834.0,713.0,721.0,811.1428571428571,765.2142857142857,676.8333333333334,61.65,61.67,63.55,63.57,59.9,59.0,52.4,62.6,1046.0
2015-07-03,805.0,1249.0,908.0,716.0,59.06,63.33,59.9,52.4,2015,7,3,4,794.0,829.0,656.0,592.0,1226.0,1428.0,883.0,829.0,712.0,723.0,811.7142857142857,776.0714285714286,683.1,61.73,61.63,63.36,63.54,59.9,59.0,52.4,62.6,1055.0
2015-07-06,815.0,1266.0,927.0,723.0,57.19,63.24,59.9,52.4,2015,7,3,0,805.0,829.0,681.0,586.0,1249.0,1432.0,908.0,827.0,716.0,723.0,808.2857142857143,786.7142857142857,690.2,59.06,60.24,63.33,63.5,59.9,59.0,52.4,62.6,1063.0
2015-07-07,830.0,1285.0,945.0,742.0,54.72,63.51,59.9,52.4,2015,7,3,1,815.0,823.0,725.0,584.0,1266.0,1393.0,927.0,833.0,723.0,723.0,806.2857142857143,796.2857142857143,697.8333333333334,57.19,60.14,63.24,63.54,59.9,59.0,52.4,62.6,1046.0
2015-07-08,840.0,1278.0,973.0,750.0,55.7,63.47,59.9,52.4,2015,7,3,2,830.0,813.0,773.0,587.0,1285.0,1346.0,945.0,838.0,742.0,722.0,807.2857142857143,803.7857142857143,706.0333333333333,54.72,59.03,63.51,63.73,59.9,59.0,52.4,62.6,1031.0
2015-07-09,853.0,1279.0,1016.0,759.0,57.83,63.31,59.9,52.4,2015,7,3,3,840.0,800.0,779.0,588.0,1278.0,1292.0,973.0,845.0,750.0,715.0,811.1428571428571,808.5714285714286,714.4666666666667,55.7,60.31,63.47,63.59,59.9,59.0,52.4,62.6,1014.0
2015-07-10,874.0,1318.0,1052.0,767.0,57.72,63.33,59.9,52.4,2015,7,3,4,853.0,794.0,779.0,589.0,1279.0,1251.0,1016.0,858.0,759.0,713.0,818.7142857142857,813.8571428571429,723.3,57.83,61.65,63.31,63.55,59.9,59.9,52.4,52.4,994.0
2015-07-13,900.0,1389.0,1076.0,774.0,57.63,63.43,59.9,52.4,2015,7,3,0,874.0,794.0,790.0,589.0,1318.0,1226.0,1052.0,883.0,767.0,712.0,830.1428571428571,820.6428571428571,732.8,57.72,61.73,63.33,63.36,59.9,59.9,52.4,52.4,968.0
2015-07-14,915.0,1394.0,1096.0,784.0,57.2,63.27,59.9,52.4,2015,7,3,1,900.0,805.0,829.0,591.0,1389.0,1249.0,1076.0,908.0,774.0,716.0,845.2857142857143,828.5,743.1666666666666,57.63,59.06,63.43,63.33,59.9,59.9,52.4,52.4,942.0
2015-07-15,951.0,1462.0,1122.0,801.0,57.34,63.48,59.9,52.4,2015,7,3,2,915.0,815.0,829.0,598.0,1394.0,1266.0,1096.0,927.0,784.0,723.0,861.0,834.6428571428571,753.9666666666667,57.2,57.19,63.27,63.24,59.9,59.9,52.4,52.4,918.0
2015-07-16,1009.0,1611.0,1149.0,823.0,57.31,63.43,59.9,52.4,2015,7,3,3,951.0,830.0,823.0,603.0,1462.0,1285.0,1122.0,945.0,801.0,742.0,880.4285714285714,843.3571428571429,765.7333333333333,57.34,54.72,63.48,63.51,59.9,59.9,52.4,52.4,905.0
2015-07-17,1048.0,1712.0,1162.0,846.0,56.38,63.45,59.9,52.4,2015,7,3,4,1009.0,840.0,813.0,610.0,1611.0,1278.0,1149.0,973.0,823.0,750.0,906.0,856.6428571428571,779.2666666666667,57.31,55.7,63.43,63.47,59.9,59.9,52.4,52.4,903.0
2015-07-20,1067.0,1763.0,1170.0,862.0,56.42,63.61,59.9,52.4,2015,7,3,0,1048.0,853.0,800.0,610.0,1712.0,1279.0,1162.0,1016.0,846.0,759.0,935.7142857142857,873.4285714285714,793.8666666666667,56.38,57.83,63.45,63.31,59.9,59.9,52.4,52.4,909.0
2015-07-21,1113.0,1935.0,1179.0,875.0,55.94,63.57,59.9,52.4,2015,7,3,1,1067.0,874.0,794.0,612.0,1763.0,1318.0,1170.0,1052.0,862.0,767.0,966.2857142857143,892.5,809.1,56.42,57.72,63.61,63.33,59.9,59.9,52.4,52.4,911.0
2015-07-22,1118.0,1952.0,1179.0,889.0,56.36,63.6,59.9,52.4,2015,7,3,2,1113.0,900.0,794.0,618.0,1935.0,1389.0,1179.0,1076.0,875.0,774.0,1000.4285714285714,915.2857142857143,825.8,55.94,57.63,63.57,63.43,59.9,59.9,52.4,52.4,906.0
2015-07-23,1102.0,1924.0,1161.0,896.0,55.76,63.86,59.9,52.4,2015,7,3,3,1118.0,915.0,805.0,629.0,1952.0,1394.0,1179.0,1096.0,889.0,784.0,1031.5714285714287,938.4285714285714,842.4666666666667,56.36,57.2,63.6,63.27,59.9,59.9,52.4,52.4,891.0
2015-07-24,1086.0,1896.0,1137.0,899.0,54.29,64.04,59.9,52.4,2015,7,3,4,1102.0,951.0,815.0,642.0,1924.0,1462.0,1161.0,1122.0,896.0,801.0,1058.2857142857142,959.6428571428571,858.2333333333333,55.76,57.34,63.86,63.48,59.9,59.9,52.4,52.4,875.0
2015-07-27,1090.0,1935.0,1115.0,903.0,54.07,64.24,59.9,52.4,2015,7,3,0,1086.0,1009.0,830.0,656.0,1896.0,1611.0,1137.0,1149.0,899.0,823.0,1077.5714285714287,979.0,873.0333333333333,54.29,57.31,64.04,63.43,59.9,59.9,52.4,52.4,876.0
2015-07-28,1094.0,1990.0,1095.0,903.0,54.3,63.76,59.9,52.4,2015,7,3,1,1090.0,1048.0,840.0,681.0,1935.0,1712.0,1115.0,1162.0,903.0,846.0,1089.142857142857,997.5714285714286,887.5,54.07,56.38,64.24,63.45,59.9,59.9,52.4,52.4,873.0
2015-07-29,1104.0,2103.0,1069.0,898.0,54.73,63.83,59.9,52.4,2015,7,3,2,1094.0,1067.0,853.0,725.0,1990.0,1763.0,1095.0,1170.0,903.0,862.0,1095.7142857142858,1015.7142857142857,901.2666666666667,54.3,56.42,63.76,63.61,59.9,59.9,52.4,52.4,855.0
2015-07-30,1100.0,2116.0,1044.0,892.0,54.29,64.09,59.9,52.4,2015,7,3,3,1104.0,1113.0,874.0,773.0,2103.0,1935.0,1069.0,1179.0,898.0,875.0,1101.0,1033.642857142857,913.9,54.73,55.94,63.83,63.57,59.9,59.9,52.4,52.4,830.0
2015-07-31,1131.0,2209.0,1023.0,899.0,53.29,63.87,59.9,52.4,2015,7,3,4,1100.0,1118.0,900.0,779.0,2116.0,1952.0,1044.0,1179.0,892.0,889.0,1099.142857142857,1049.7857142857142,924.8,54.29,56.36,64.09,63.6,59.9,59.9,52.4,52.4,818.0
2015-08-03,1151.0,2308.0,1006.0,900.0,49.49,63.99,59.1,56.2,2015,8,3,0,1131.0,1102.0,915.0,779.0,2209.0,1924.0,1023.0,1161.0,899.0,896.0,1101.0,1066.2857142857142,936.5333333333333,53.29,55.76,63.87,63.86,59.9,59.9,52.4,52.4,805.0
2015-08-04,1200.0,2512.0,1001.0,899.0,49.08,63.71,59.1,56.2,2015,8,3,1,1151.0,1086.0,951.0,790.0,2308.0,1896.0,1006.0,1137.0,900.0,899.0,1108.0,1083.142857142857,948.9333333333333,49.49,54.29,63.99,64.04,59.1,59.9,56.2,52.4,802.0
2015-08-05,1222.0,2604.0,1005.0,901.0,49.04,63.73,59.1,56.2,2015,8,3,2,1200.0,1090.0,1009.0,829.0,2512.0,1935.0,1001.0,1115.0,899.0,903.0,1124.2857142857142,1100.9285714285713,962.6,49.08,54.07,63.71,64.24,59.1,59.9,56.2,52.4,814.0
2015-08-06,1201.0,2514.0,1013.0,904.0,47.8,63.67,59.1,56.2,2015,8,3,3,1222.0,1094.0,1048.0,829.0,2604.0,1990.0,1005.0,1095.0,901.0,903.0,1143.142857142857,1116.142857142857,975.7,49.04,54.3,63.73,63.76,59.1,59.9,56.2,52.4,883.0
2015-08-07,1200.0,2512.0,1021.0,904.0,47.54,63.74,59.1,56.2,2015,8,3,4,1201.0,1104.0,1067.0,823.0,2514.0,2103.0,1013.0,1069.0,904.0,898.0,1158.4285714285713,1127.0714285714287,988.1,47.8,54.73,63.67,63.83,59.1,59.9,56.2,52.4,960.0
2015-08-10,1197.0,2499.0,1028.0,901.0,48.3,63.77,59.1,56.2,2015,8,3,0,1200.0,1100.0,1113.0,813.0,2512.0,2116.0,1021.0,1044.0,904.0,892.0,1172.142857142857,1136.5714285714287,1000.6666666666666,47.54,54.29,63.74,64.09,59.1,59.9,56.2,52.4,978.0
2015-08-11,1162.0,2367.0,1043.0,900.0,47.33,64.33,59.1,56.2,2015,8,3,1,1197.0,1131.0,1118.0,800.0,2499.0,2209.0,1028.0,1023.0,901.0,899.0,1186.0,1142.5714285714287,1013.4666666666667,48.3,53.29,63.77,63.87,59.1,59.9,56.2,52.4,923.0
2015-08-12,1093.0,2107.0,1053.0,899.0,48.29,64.8,59.1,56.2,2015,8,3,2,1162.0,1151.0,1102.0,794.0,2367.0,2308.0,1043.0,1006.0,900.0,900.0,1190.4285714285713,1145.7142857142858,1025.5333333333333,47.33,49.49,64.33,63.99,59.1,59.1,56.2,56.2,917.0
2015-08-13,1046.0,1875.0,1054.0,901.0,48.01,65.27,59.1,56.2,2015,8,3,3,1093.0,1200.0,1086.0,794.0,2107.0,2512.0,1053.0,1001.0,899.0,899.0,1182.142857142857,1145.0714285714287,1035.5,48.29,49.08,64.8,63.71,59.1,59.1,56.2,56.2,922.0
2015-08-14,1055.0,1884.0,1057.0,905.0,47.79,65.02,59.1,56.2,2015,8,3,4,1046.0,1222.0,1090.0,805.0,1875.0,2604.0,1054.0,1005.0,901.0,901.0,1160.142857142857,1142.2142857142858,1043.9,48.01,49.04,65.27,63.73,59.1,59.1,56.2,56.2,943.0
2015-08-17,1063.0,1913.0,1057.0,908.0,47.77,65.39,59.1,56.2,2015,8,3,0,1055.0,1201.0,1094.0,815.0,1884.0,2514.0,1057.0,1013.0,905.0,904.0,1136.2857142857142,1139.7142857142858,1052.2333333333333,47.79,47.8,65.02,63.67,59.1,59.1,56.2,56.2,943.0
2015-08-18,1046.0,1838.0,1052.0,915.0,47.0,65.44,59.1,56.2,2015,8,3,1,1063.0,1200.0,1104.0,830.0,1913.0,2512.0,1057.0,1021.0,908.0,904.0,1116.5714285714287,1137.5,1060.5,47.77,47.54,65.39,63.74,59.1,59.1,56.2,56.2,926.0
2015-08-19,1031.0,1773.0,1049.0,920.0,45.75,65.17,59.1,56.2,2015,8,3,2,1046.0,1197.0,1100.0,840.0,1838.0,2499.0,1052.0,1028.0,915.0,901.0,1094.5714285714287,1133.357142857143,1067.7,47.0,48.3,65.44,63.77,59.1,59.1,56.2,56.2,900.0
2015-08-20,1014.0,1679.0,1052.0,924.0,45.63,65.49,59.1,56.2,2015,8,3,3,1031.0,1162.0,1131.0,853.0,1773.0,2367.0,1049.0,1043.0,920.0,900.0,1070.857142857143,1128.4285714285713,1074.0666666666666,45.75,47.33,65.17,64.33,59.1,59.1,56.2,56.2,888.0
2015-08-21,994.0,1559.0,1054.0,930.0,43.84,66.02,59.1,56.2,2015,8,3,4,1014.0,1093.0,1151.0,874.0,1679.0,2107.0,1052.0,1053.0,924.0,899.0,1049.7142857142858,1120.0714285714287,1079.4333333333334,45.63,48.29,65.49,64.8,59.1,59.1,56.2,56.2,889.0
2015-08-24,968.0,1403.0,1052.0,933.0,41.59,66.8,59.1,56.2,2015,8,3,0,994.0,1046.0,1200.0,900.0,1559.0,1875.0,1054.0,1054.0,930.0,901.0,1035.5714285714287,1108.857142857143,1083.4333333333334,43.84,48.01,66.02,65.27,59.1,59.1,56.2,56.2,881.0
2015-08-25,942.0,1248.0,1047.0,934.0,41.86,66.07,59.1,56.2,2015,8,3,1,968.0,1055.0,1222.0,915.0,1403.0,1884.0,1052.0,1057.0,933.0,905.0,1024.4285714285713,1092.2857142857142,1085.7,41.59,47.79,66.8,65.02,59.1,59.1,56.2,56.2,869.0
2015-08-26,918.0,1089.0,1031.0,933.0,41.76,66.11,59.1,56.2,2015,8,3,2,942.0,1063.0,1201.0,951.0,1248.0,1913.0,1047.0,1057.0,934.0,908.0,1008.2857142857143,1072.2857142857142,1086.6,41.86,47.77,66.07,65.39,59.1,59.1,56.2,56.2,841.0
2015-08-27,905.0,1051.0,1000.0,931.0,44.46,65.99,59.1,56.2,2015,8,3,3,918.0,1046.0,1200.0,1009.0,1089.0,1838.0,1031.0,1052.0,933.0,915.0,987.5714285714286,1052.0714285714287,1085.5,41.76,47.0,66.11,65.44,59.1,59.1,56.2,56.2,817.0
2015-08-28,903.0,1071.0,974.0,925.0,47.97,66.14,59.1,56.2,2015,8,3,4,905.0,1031.0,1197.0,1048.0,1051.0,1773.0,1000.0,1049.0,931.0,920.0,967.4285714285714,1031.0,1082.0333333333333,44.46,45.75,65.99,65.17,59.1,59.1,56.2,56.2,809.0
2015-08-31,909.0,1149.75,955.25,915.25,48.5925,66.39,59.1,56.2,2015,8,3,0,903.0,1014.0,1162.0,1067.0,1071.0,1679.0,974.0,1052.0,925.0,924.0,949.1428571428571,1010.0,1077.2,47.97,45.63,66.14,65.49,59.1,59.1,56.2,56.2,809.0
2015-09-01,911.0,1176.0,949.0,912.0,48.8,66.34,57.7,57.0,2015,9,3,1,909.0,994.0,1093.0,1113.0,1149.75,1559.0,955.25,1054.0,915.25,930.0,934.1428571428571,991.9285714285714,1071.9333333333334,48.5925,43.84,66.39,66.02,59.1,59.1,56.2,56.2,804.0
2015-09-02,906.0,1194.0,912.0,896.0,47.67,66.16,57.7,57.0,2015,9,3,2,911.0,968.0,1046.0,1118.0,1176.0,1403.0,949.0,1052.0,912.0,933.0,922.2857142857143,978.9285714285714,1065.2,48.8,41.59,66.34,66.8,57.7,59.1,57.0,56.2,787.0
2015-09-03,891.0,1195.0,870.0,882.0,50.41,66.07,57.7,57.0,2015,9,3,3,906.0,942.0,1055.0,1102.0,1194.0,1248.0,912.0,1047.0,896.0,934.0,913.4285714285714,968.9285714285714,1058.1333333333334,47.67,41.86,66.16,66.07,57.7,59.1,57.0,56.2,766.0
2015-09-04,875.0,1187.0,837.0,870.0,48.59,66.7,57.7,57.0,2015,9,3,4,891.0,918.0,1063.0,1086.0,1195.0,1089.0,870.0,1031.0,882.0,933.0,906.1428571428571,957.2142857142857,1051.1,50.41,41.76,66.07,66.11,57.7,59.1,57.0,56.2,754.0
2015-09-07,876.0,1243.0,812.0,857.0,46.42,66.445,57.7,57.0,2015,9,3,0,875.0,905.0,1046.0,1090.0,1187.0,1051.0,837.0,1000.0,870.0,931.0,900.0,943.7857142857143,1044.0666666666666,48.59,44.46,66.7,65.99,57.7,59.1,57.0,56.2,747.0
2015-09-08,873.0,1286.0,793.0,848.0,48.88,66.36,57.7,57.0,2015,9,3,1,876.0,903.0,1031.0,1094.0,1243.0,1071.0,812.0,974.0,857.0,925.0,895.8571428571429,931.6428571428571,1036.9333333333334,46.42,47.97,66.445,66.14,57.7,59.1,57.0,56.2,762.0
2015-09-09,855.0,1256.0,776.0,838.0,48.04,66.47,57.7,57.0,2015,9,3,2,873.0,909.0,1014.0,1104.0,1286.0,1149.75,793.0,955.25,848.0,915.25,891.5714285714286,920.3571428571429,1029.5666666666666,48.88,48.5925,66.36,66.39,57.7,59.1,57.0,56.2,780.0
2015-09-10,830.0,1202.0,751.0,824.0,47.77,66.46,57.7,57.0,2015,9,3,3,855.0,911.0,994.0,1100.0,1256.0,1176.0,776.0,949.0,838.0,912.0,883.8571428571429,909.0,1021.2666666666667,48.04,48.8,66.47,66.34,57.7,57.7,57.0,57.0,786.0
2015-09-11,818.0,1198.0,735.0,810.0,46.87,66.39,57.7,57.0,2015,9,3,4,830.0,906.0,968.0,1131.0,1202.0,1194.0,751.0,912.0,824.0,896.0,872.2857142857143,897.2857142857143,1012.2666666666667,47.77,47.67,66.46,66.16,57.7,57.7,57.0,57.0,774.0
2015-09-14,805.0,1185.0,723.0,799.0,45.87,66.32,57.7,57.0,2015,9,3,0,818.0,891.0,942.0,1151.0,1198.0,1195.0,735.0,870.0,810.0,882.0,859.7142857142857,886.5714285714286,1001.8333333333334,46.87,50.41,66.39,66.07,57.7,57.7,57.0,57.0,759.0
2015-09-15,802.0,1196.0,720.0,789.0,45.91,66.36,57.7,57.0,2015,9,3,1,805.0,875.0,918.0,1200.0,1185.0,1187.0,723.0,837.0,799.0,870.0,847.4285714285714,876.7857142857143,990.3,45.87,48.59,66.32,66.7,57.7,57.7,57.0,57.0,739.0
2015-09-16,814.0,1264.0,716.0,783.0,49.35,66.45,57.7,57.0,2015,9,3,2,802.0,876.0,905.0,1222.0,1196.0,1243.0,720.0,812.0,789.0,857.0,837.0,868.5,977.0333333333333,45.91,46.42,66.36,66.445,57.7,57.7,57.0,57.0,736.0
2015-09-17,883.0,1637.0,727.0,772.0,48.27,66.12,57.7,57.0,2015,9,3,3,814.0,873.0,903.0,1201.0,1264.0,1286.0,716.0,793.0,783.0,848.0,828.1428571428571,862.0,963.4333333333333,49.35,48.88,66.45,66.36,57.7,57.7,57.0,57.0,728.0
2015-09-18,960.0,1995.0,753.0,762.0,47.28,65.7,57.7,57.0,2015,9,3,4,883.0,855.0,909.0,1200.0,1637.0,1256.0,727.0,776.0,772.0,838.0,829.5714285714286,860.5714285714286,952.8333333333334,48.27,48.04,66.12,66.47,57.7,57.7,57.0,57.0,721.0
2015-09-21,978.0,2096.0,769.0,757.0,47.64,65.66,57.7,57.0,2015,9,3,0,960.0,830.0,911.0,1197.0,1995.0,1202.0,753.0,751.0,762.0,824.0,844.5714285714286,864.2142857142857,944.8333333333334,47.28,47.77,65.7,66.46,57.7,57.7,57.0,57.0,706.0
2015-09-22,923.0,1873.0,769.0,749.0,46.69,65.85,57.7,57.0,2015,9,3,1,978.0,818.0,906.0,1162.0,2096.0,1198.0,769.0,735.0,757.0,810.0,865.7142857142857,869.0,937.5333333333333,47.64,46.87,65.66,66.39,57.7,57.7,57.0,57.0,680.0
2015-09-23,917.0,1872.0,761.0,742.0,48.0,66.05,57.7,57.0,2015,9,3,2,923.0,805.0,891.0,1093.0,1873.0,1185.0,769.0,723.0,749.0,799.0,880.7142857142857,870.2142857142857,929.5666666666667,46.69,45.87,65.85,66.32,57.7,57.7,57.0,57.0,657.0
2015-09-24,922.0,1911.0,751.0,738.0,47.06,66.32,57.7,57.0,2015,9,3,3,917.0,802.0,875.0,1046.0,1872.0,1196.0,761.0,720.0,742.0,789.0,896.7142857142857,872.0714285714286,923.7,48.0,45.91,66.05,66.36,57.7,57.7,57.0,57.0,640.0
2015-09-25,943.0,2024.0,744.0,733.0,47.28,66.12,57.7,57.0,2015,9,3,4,922.0,814.0,876.0,1055.0,1911.0,1264.0,751.0,716.0,738.0,783.0,913.8571428571429,875.4285714285714,919.5666666666667,47.06,49.35,66.32,66.45,57.7,57.7,57.0,57.0,631.0
2015-09-28,943.0,2075.0,738.0,724.0,46.04,66.2,57.7,57.0,2015,9,3,0,943.0,883.0,873.0,1063.0,2024.0,1637.0,744.0,727.0,733.0,772.0,932.2857142857143,880.2142857142857,915.8333333333334,47.28,48.27,66.12,66.12,57.7,57.7,57.0,57.0,628.0
2015-09-29,926.0,2031.0,725.0,713.0,47.58,65.9,57.7,57.0,2015,9,3,1,943.0,960.0,855.0,1046.0,2075.0,1995.0,738.0,753.0,724.0,762.0,940.8571428571429,885.2142857142857,911.8333333333334,46.04,47.28,66.2,65.7,57.7,57.7,57.0,57.0,622.0
2015-09-30,900.0,1936.0,712.0,703.0,47.29,65.5,57.7,57.0,2015,9,3,2,926.0,978.0,830.0,1031.0,2031.0,2096.0,725.0,769.0,713.0,757.0,936.0,890.2857142857143,907.8333333333334,47.58,47.64,65.9,65.66,57.7,57.7,57.0,57.0,599.0
2015-10-01,888.0,1911.0,704.0,695.0,47.48,65.57,54.3,53.1,2015,10,4,3,900.0,923.0,818.0,1014.0,1936.0,1873.0,712.0,769.0,703.0,749.0,924.8571428571429,895.2857142857143,903.4666666666667,47.29,46.69,65.5,65.85,57.7,57.7,57.0,57.0,579.0
2015-10-02,889.0,1931.0,701.0,691.0,46.55,65.35,54.3,53.1,2015,10,4,4,888.0,917.0,805.0,994.0,1911.0,1872.0,704.0,761.0,695.0,742.0,919.8571428571429,900.2857142857143,899.2666666666667,47.48,48.0,65.57,66.05,54.3,57.7,53.1,57.0,560.0
2015-10-05,881.0,1901.0,699.0,688.0,49.45,65.12,54.3,53.1,2015,10,4,0,889.0,922.0,802.0,968.0,1931.0,1911.0,701.0,751.0,691.0,738.0,915.8571428571429,906.2857142857143,895.7666666666667,46.55,47.06,65.35,66.32,54.3,57.7,53.1,57.0,550.0
2015-10-06,869.0,1860.0,700.0,681.0,51.34,65.18,54.3,53.1,2015,10,4,1,881.0,943.0,814.0,942.0,1901.0,2024.0,699.0,744.0,688.0,733.0,910.0,911.9285714285714,892.8666666666667,49.45,47.28,65.12,66.12,54.3,57.7,53.1,57.0,537.0
2015-10-07,841.0,1742.0,709.0,676.0,51.66,64.86,54.3,53.1,2015,10,4,2,869.0,943.0,883.0,918.0,1860.0,2075.0,700.0,738.0,681.0,724.0,899.4285714285714,915.8571428571429,890.4333333333333,51.34,46.04,65.18,66.2,54.3,57.7,53.1,57.0,519.0
2015-10-08,817.0,1598.0,736.0,672.0,52.13,64.97,54.3,53.1,2015,10,4,3,841.0,926.0,960.0,905.0,1742.0,2031.0,709.0,725.0,676.0,713.0,884.8571428571429,912.8571428571429,887.8666666666667,51.66,47.58,64.86,65.9,54.3,57.7,53.1,57.0,504.0
2015-10-09,809.0,1549.0,761.0,669.0,52.08,64.76,54.3,53.1,2015,10,4,4,817.0,900.0,978.0,903.0,1598.0,1936.0,736.0,712.0,672.0,703.0,869.2857142857143,902.6428571428571,884.9333333333333,52.13,47.29,64.97,65.5,54.3,57.7,53.1,57.0,498.0
2015-10-12,809.0,1551.0,768.0,666.0,50.95,64.985,54.3,53.1,2015,10,4,0,809.0,888.0,923.0,909.0,1549.0,1911.0,761.0,704.0,669.0,695.0,856.2857142857143,890.5714285714286,881.8,52.08,47.48,64.76,65.57,54.3,54.3,53.1,53.1,516.0
2015-10-13,804.0,1531.0,770.0,664.0,48.94,65.06,54.3,53.1,2015,10,4,1,809.0,889.0,917.0,911.0,1551.0,1931.0,768.0,701.0,666.0,691.0,845.0,882.4285714285714,878.4666666666667,50.95,46.55,64.985,65.35,54.3,54.3,53.1,53.1,528.0
2015-10-14,787.0,1457.0,761.0,662.0,48.25,64.87,54.3,53.1,2015,10,4,2,804.0,881.0,922.0,906.0,1531.0,1901.0,770.0,699.0,664.0,688.0,832.8571428571429,874.3571428571429,874.9,48.94,49.45,65.06,65.12,54.3,54.3,53.1,53.1,546.0
2015-10-15,766.0,1368.0,742.0,661.0,47.87,64.77,54.3,53.1,2015,10,4,3,787.0,869.0,943.0,891.0,1457.0,1860.0,761.0,700.0,662.0,681.0,819.4285714285714,864.7142857142857,870.9333333333333,48.25,51.34,64.87,65.18,54.3,54.3,53.1,53.1,562.0
2015-10-16,754.0,1318.0,722.0,658.0,48.96,64.7,54.3,53.1,2015,10,4,4,766.0,841.0,943.0,875.0,1368.0,1742.0,742.0,709.0,661.0,676.0,804.7142857142857,852.0714285714286,866.7666666666667,47.87,51.66,64.77,64.86,54.3,54.3,53.1,53.1,581.0
2015-10-19,747.0,1312.0,710.0,656.0,47.51,64.9,54.3,53.1,2015,10,4,0,754.0,817.0,926.0,876.0,1318.0,1598.0,722.0,736.0,658.0,672.0,792.2857142857143,838.5714285714286,862.7333333333333,48.96,52.13,64.7,64.97,54.3,54.3,53.1,53.1,584.0
2015-10-20,762.0,1399.0,701.0,654.0,46.93,64.97,54.3,53.1,2015,10,4,1,747.0,809.0,900.0,873.0,1312.0,1549.0,710.0,761.0,656.0,669.0,782.2857142857143,825.7857142857143,858.4333333333333,47.51,52.08,64.9,64.76,54.3,54.3,53.1,53.1,598.0
2015-10-21,780.0,1483.0,693.0,652.0,46.72,65.19,54.3,53.1,2015,10,4,2,762.0,809.0,888.0,855.0,1399.0,1551.0,701.0,768.0,654.0,666.0,775.5714285714286,815.9285714285714,854.7333333333333,46.93,50.95,64.97,64.985,54.3,54.3,53.1,53.1,590.0
2015-10-22,786.0,1512.0,685.0,649.0,46.59,64.91,54.3,53.1,2015,10,4,3,780.0,804.0,889.0,830.0,1483.0,1531.0,693.0,770.0,652.0,664.0,771.4285714285714,808.2142857142857,852.2333333333333,46.72,48.94,65.19,65.06,54.3,54.3,53.1,53.1,574.0
2015-10-23,774.0,1461.0,683.0,648.0,46.3,64.87,54.3,53.1,2015,10,4,4,786.0,787.0,881.0,818.0,1512.0,1457.0,685.0,761.0,649.0,662.0,768.8571428571429,800.8571428571429,850.7666666666667,46.59,48.25,64.91,64.87,54.3,54.3,53.1,53.1,563.0
2015-10-26,759.0,1403.0,681.0,646.0,46.57,64.83,54.3,53.1,2015,10,4,0,774.0,766.0,869.0,805.0,1461.0,1368.0,683.0,742.0,648.0,661.0,767.0,793.2142857142857,849.3,46.3,47.87,64.87,64.77,54.3,54.3,53.1,53.1,551.0
2015-10-27,739.0,1307.0,686.0,645.0,45.54,65.03,54.3,53.1,2015,10,4,1,759.0,754.0,841.0,802.0,1403.0,1318.0,681.0,722.0,646.0,658.0,766.0,785.3571428571429,847.7666666666667,46.57,48.96,64.83,64.7,54.3,54.3,53.1,53.1,551.0
2015-10-28,736.0,1275.0,687.0,643.0,47.6,64.89,54.3,53.1,2015,10,4,2,739.0,747.0,817.0,814.0,1307.0,1312.0,686.0,710.0,645.0,656.0,763.8571428571429,778.0714285714286,845.6666666666666,45.54,47.51,65.03,64.9,54.3,54.3,53.1,53.1,546.0
2015-10-29,728.0,1254.0,682.0,633.0,48.04,65.35,54.3,53.1,2015,10,4,3,736.0,762.0,809.0,883.0,1275.0,1399.0,687.0,701.0,643.0,654.0,762.2857142857143,772.2857142857143,843.0666666666667,47.6,46.93,64.89,64.97,54.3,54.3,53.1,53.1,534.0
2015-10-30,721.0,1229.0,675.0,629.0,48.0,65.4,54.3,53.1,2015,10,4,4,728.0,780.0,809.0,960.0,1254.0,1483.0,682.0,693.0,633.0,652.0,757.4285714285714,766.5,837.9,48.04,46.72,65.35,65.19,54.3,54.3,53.1,53.1,522.0
2015-11-02,706.0,1184.0,665.0,620.0,47.91,65.58,52.5,46.9,2015,11,4,0,721.0,786.0,804.0,978.0,1229.0,1512.0,675.0,685.0,629.0,649.0,749.0,760.2142857142857,829.9333333333333,48.0,46.59,65.4,64.91,54.3,54.3,53.1,53.1,508.0
2015-11-03,680.0,1099.0,653.0,609.0,48.0,65.57,52.5,46.9,2015,11,4,1,706.0,774.0,787.0,923.0,1184.0,1461.0,665.0,683.0,620.0,648.0,737.5714285714286,753.2142857142857,820.8666666666667,47.91,46.3,65.58,64.87,52.5,54.3,46.9,53.1,484.0
2015-11-04,657.0,1043.0,636.0,596.0,46.96,65.46,52.5,46.9,2015,11,4,2,680.0,759.0,766.0,917.0,1099.0,1403.0,653.0,681.0,609.0,646.0,724.1428571428571,745.5714285714286,812.7666666666667,48.0,46.57,65.57,64.83,52.5,54.3,46.9,53.1,471.0
2015-11-05,640.0,1002.0,618.0,584.0,47.19,65.85,52.5,46.9,2015,11,4,3,657.0,739.0,754.0,922.0,1043.0,1307.0,636.0,686.0,596.0,645.0,709.5714285714286,737.7857142857143,804.1,46.96,45.54,65.46,65.03,52.5,54.3,46.9,53.1,471.0
2015-11-06,631.0,1003.0,603.0,571.0,46.09,66.13,52.5,46.9,2015,11,4,4,640.0,736.0,747.0,943.0,1002.0,1275.0,618.0,687.0,584.0,643.0,695.4285714285714,729.6428571428571,794.7,47.19,47.6,65.85,64.89,52.5,54.3,46.9,53.1,477.0
2015-11-09,628.0,1021.0,589.0,562.0,45.38,66.38,52.5,46.9,2015,11,4,0,631.0,728.0,762.0,943.0,1003.0,1254.0,603.0,682.0,571.0,633.0,680.4285714285714,721.3571428571429,784.3,46.09,48.04,66.13,65.35,52.5,54.3,46.9,53.1,478.0
2015-11-10,622.0,1018.0,575.0,554.0,46.44,66.19,52.5,46.9,2015,11,4,1,628.0,721.0,780.0,926.0,1021.0,1229.0,589.0,675.0,562.0,629.0,666.1428571428571,711.7857142857143,773.8,45.38,48.0,66.38,65.4,52.5,54.3,46.9,53.1,474.0
2015-11-11,599.0,946.0,555.0,543.0,44.98,66.11500000000001,52.5,46.9,2015,11,4,2,622.0,706.0,786.0,900.0,1018.0,1184.0,575.0,665.0,554.0,620.0,652.0,700.5,763.6666666666666,46.44,47.91,66.19,65.58,52.5,52.5,46.9,46.9,475.0
2015-11-12,579.0,881.0,534.0,533.0,44.98,66.04,52.5,46.9,2015,11,4,3,599.0,680.0,774.0,888.0,946.0,1099.0,555.0,653.0,543.0,609.0,636.7142857142857,687.1428571428571,753.6333333333333,44.98,48.0,66.11500000000001,65.57,52.5,52.5,46.9,46.9,478.0
2015-11-13,560.0,809.0,514.0,523.0,41.98,66.12,52.5,46.9,2015,11,4,4,579.0,657.0,759.0,889.0,881.0,1043.0,534.0,636.0,533.0,596.0,622.2857142857143,673.2142857142857,743.3333333333334,44.98,46.96,66.04,65.46,52.5,52.5,46.9,46.9,476.1818181818182
2015-11-16,550.0,770.0,500.0,516.0,40.28,66.01,52.5,46.9,2015,11,4,0,560.0,640.0,739.0,881.0,809.0,1002.0,514.0,618.0,523.0,584.0,608.4285714285714,659.0,732.3666666666667,41.98,47.19,66.12,65.85,52.5,52.5,46.9,46.9,475.7272727272728
2015-11-17,537.0,733.0,487.0,504.0,41.28,65.96,52.5,46.9,2015,11,4,1,550.0,631.0,736.0,869.0,770.0,1003.0,500.0,603.0,516.0,571.0,595.5714285714286,645.5,721.3333333333334,40.28,46.09,66.01,66.13,52.5,52.5,46.9,46.9,475.27272727272725
2015-11-18,519.0,671.0,477.0,491.0,41.45,66.16,52.5,46.9,2015,11,4,2,537.0,628.0,728.0,841.0,733.0,1021.0,487.0,589.0,504.0,562.0,582.1428571428571,631.2857142857143,710.2666666666667,41.28,45.38,65.96,66.38,52.5,52.5,46.9,46.9,474.8181818181818
2015-11-19,504.0,619.0,468.0,479.0,42.22,66.05,52.5,46.9,2015,11,4,3,519.0,622.0,721.0,817.0,671.0,1018.0,477.0,575.0,491.0,554.0,566.5714285714286,616.3571428571429,699.5333333333333,41.45,46.44,66.16,66.19,52.5,52.5,46.9,46.9,473.0
2015-11-20,498.0,606.0,463.0,472.0,42.49,66.06,52.5,46.9,2015,11,4,4,504.0,599.0,706.0,809.0,619.0,946.0,468.0,555.0,479.0,543.0,549.7142857142857,600.8571428571429,689.1,42.22,44.98,66.05,66.11500000000001,52.5,52.5,46.9,46.9,468.0
2015-11-23,516.0,698.0,461.0,469.0,43.7,66.37,52.5,46.9,2015,11,4,0,498.0,579.0,680.0,809.0,606.0,881.0,463.0,534.0,472.0,533.0,535.2857142857143,586.0,678.7333333333333,42.49,44.98,66.06,66.04,52.5,52.5,46.9,46.9,467.0
2015-11-24,528.0,731.0,460.0,467.0,44.38,66.32,52.5,46.9,2015,11,4,1,516.0,560.0,657.0,804.0,698.0,809.0,461.0,514.0,469.0,523.0,526.2857142857143,574.2857142857143,668.9666666666667,43.7,41.98,66.37,66.12,52.5,52.5,46.9,46.9,445.0
2015-11-25,546.0,807.0,463.0,467.0,43.56,66.36,52.5,46.9,2015,11,4,2,528.0,550.0,640.0,787.0,731.0,770.0,460.0,500.0,467.0,516.0,521.7142857142857,565.0714285714286,659.7666666666667,44.38,40.28,66.32,66.01,52.5,52.5,46.9,46.9,429.0
2015-11-26,562.0,898.0,459.0,467.0,43.55,66.61,52.5,46.9,2015,11,4,3,546.0,537.0,631.0,766.0,807.0,733.0,463.0,487.0,467.0,504.0,521.1428571428571,558.3571428571429,651.7333333333333,43.56,41.28,66.36,65.96,52.5,52.5,46.9,46.9,415.0
2015-11-27,581.0,989.0,456.0,467.0,43.07,66.86,52.5,46.9,2015,11,4,4,562.0,519.0,628.0,754.0,898.0,671.0,459.0,477.0,467.0,491.0,524.7142857142857,553.4285714285714,644.9333333333333,43.55,41.45,66.61,66.16,52.5,52.5,46.9,46.9,402.0
2015-11-30,584.0,1007.0,453.0,469.0,43.73,66.43,52.5,46.9,2015,11,4,0,581.0,504.0,622.0,747.0,989.0,619.0,456.0,468.0,467.0,479.0,533.5714285714286,550.0714285714286,639.1666666666666,43.07,42.22,66.86,66.05,52.5,52.5,46.9,46.9,394.0
2015-12-01,598.0,1046.0,450.0,471.0,42.97,66.46,52.2,40.5,2015,12,4,1,584.0,498.0,599.0,762.0,1007.0,606.0,453.0,463.0,469.0,472.0,545.0,547.3571428571429,633.7333333333333,43.73,42.49,66.43,66.06,52.5,52.5,46.9,46.9,383.0
2015-12-02,590.0,1001.0,446.0,472.0,41.92,66.53,52.2,40.5,2015,12,4,2,598.0,516.0,579.0,780.0,1046.0,698.0,450.0,461.0,471.0,469.0,559.2857142857143,547.2857142857143,628.2666666666667,42.97,43.7,66.46,66.37,52.2,52.5,40.5,46.9,373.0
2015-12-03,574.0,931.0,438.0,470.0,42.0,66.82,52.2,40.5,2015,12,4,3,590.0,528.0,560.0,786.0,1001.0,731.0,446.0,460.0,472.0,467.0,569.8571428571429,548.0714285714286,621.9333333333333,41.92,44.38,66.53,66.32,52.2,52.5,40.5,46.9,369.0
2015-12-04,563.0,890.0,433.0,469.0,41.44,66.65,52.2,40.5,2015,12,4,4,574.0,546.0,550.0,774.0,931.0,807.0,438.0,463.0,470.0,467.0,576.4285714285714,549.0714285714286,614.8666666666667,42.0,43.56,66.82,66.36,52.2,52.5,40.5,46.9,363.0
2015-12-07,551.0,852.0,426.0,465.0,39.69,66.74,52.2,40.5,2015,12,4,0,563.0,562.0,537.0,759.0,890.0,898.0,433.0,459.0,469.0,467.0,578.8571428571429,550.0,607.8333333333334,41.44,43.55,66.65,66.61,52.2,52.5,40.5,46.9,358.0
2015-12-08,551.0,870.0,420.0,461.0,39.44,66.77,52.2,40.5,2015,12,4,1,551.0,581.0,519.0,739.0,852.0,989.0,426.0,456.0,465.0,467.0,577.2857142857143,551.0,600.9,39.69,43.07,66.74,66.86,52.2,52.5,40.5,46.9,355.0
2015-12-09,546.0,857.0,412.0,460.0,39.04,66.83,52.2,40.5,2015,12,4,2,551.0,584.0,504.0,736.0,870.0,1007.0,420.0,453.0,461.0,469.0,573.0,553.2857142857143,594.6333333333333,39.44,43.73,66.77,66.43,52.2,52.5,40.5,46.9,354.0
2015-12-10,534.0,824.0,408.0,455.0,38.65,66.7,52.2,40.5,2015,12,4,3,546.0,598.0,498.0,728.0,857.0,1046.0,412.0,450.0,460.0,471.0,567.5714285714286,556.2857142857143,588.3,39.04,42.97,66.83,66.46,52.2,52.2,40.5,40.5,354.0
2015-12-11,522.0,779.0,410.0,451.0,36.99,67.1,52.2,40.5,2015,12,4,4,534.0,590.0,516.0,721.0,824.0,1001.0,408.0,446.0,455.0,472.0,558.4285714285714,558.8571428571429,581.8333333333334,38.65,41.92,66.7,66.53,52.2,52.2,40.5,40.5,345.0
2015-12-14,508.0,722.0,410.0,450.0,36.51,67.09,52.2,40.5,2015,12,4,0,522.0,574.0,528.0,706.0,779.0,931.0,410.0,438.0,451.0,470.0,548.7142857142857,559.2857142857143,575.2,36.99,42.0,67.1,66.82,52.2,52.2,40.5,40.5,337.0
2015-12-15,484.0,623.0,411.0,449.0,37.66,66.79,52.2,40.5,2015,12,4,1,508.0,563.0,546.0,680.0,722.0,890.0,410.0,433.0,450.0,469.0,539.2857142857143,557.8571428571429,568.6,36.51,41.44,67.09,66.65,52.2,52.2,40.5,40.5,325.0
2015-12-16,471.0,549.0,415.0,448.0,36.96,66.6,52.2,40.5,2015,12,4,2,484.0,551.0,562.0,657.0,623.0,852.0,411.0,426.0,449.0,465.0,528.0,553.4285714285714,562.0666666666667,37.66,39.69,66.79,66.74,52.2,52.2,40.5,40.5,317.0
2015-12-17,471.0,524.0,421.0,448.0,36.29,66.32,52.2,40.5,2015,12,4,3,471.0,551.0,581.0,640.0,549.0,870.0,415.0,420.0,448.0,461.0,516.5714285714286,546.9285714285714,555.8666666666667,36.96,39.44,66.6,66.77,52.2,52.2,40.5,40.5,314.0
2015-12-18,477.0,524.0,426.0,449.0,36.76,66.23,52.2,40.5,2015,12,4,4,471.0,546.0,584.0,631.0,524.0,857.0,421.0,412.0,448.0,460.0,505.14285714285717,539.0714285714286,550.2333333333333,36.29,39.04,66.32,66.83,52.2,52.2,40.5,40.5,310.0
2015-12-21,478.0,512.0,433.0,449.0,35.34,66.19,52.2,40.5,2015,12,4,0,477.0,534.0,598.0,628.0,524.0,824.0,426.0,408.0,449.0,455.0,495.2857142857143,531.4285714285714,545.1,36.76,38.65,66.23,66.7,52.2,52.2,40.5,40.5,303.0
2015-12-22,474.0,485.0,445.0,449.0,35.26,66.19,52.2,40.5,2015,12,4,1,478.0,522.0,590.0,622.0,512.0,779.0,433.0,410.0,449.0,451.0,487.2857142857143,522.8571428571429,540.1,35.34,36.99,66.19,67.1,52.2,52.2,40.5,40.5,298.0
2015-12-23,475.0,469.0,457.0,450.0,35.79,66.04,52.2,40.5,2015,12,4,2,474.0,508.0,574.0,599.0,485.0,722.0,445.0,410.0,449.0,450.0,480.42857142857144,514.5714285714286,535.1666666666666,35.26,36.51,66.19,67.09,52.2,52.2,40.5,40.5,297.0
2015-12-24,478.0,470.0,462.0,450.0,37.22,66.0,52.2,40.5,2015,12,4,3,475.0,484.0,563.0,579.0,469.0,623.0,457.0,411.0,450.0,449.0,475.7142857142857,507.5,531.0333333333333,35.79,37.66,66.04,66.79,52.2,52.2,40.5,40.5,293.0
2015-12-28,476.1818181818182,470.7272727272728,462.7272727272728,449.6363636363636,37.08,66.09,52.2,40.5,2015,12,4,0,478.0,471.0,551.0,560.0,470.0,549.0,462.0,415.0,450.0,448.0,474.85714285714283,501.42857142857144,527.6666666666666,37.22,36.96,66.0,66.6,52.2,52.2,40.5,40.5,291.0
2015-12-29,475.7272727272728,470.9090909090909,462.9090909090909,449.54545454545456,36.85,66.28,52.2,40.5,2015,12,4,1,476.1818181818182,471.0,551.0,550.0,470.7272727272728,524.0,462.7272727272728,421.0,449.6363636363636,448.0,475.59740259740266,496.0844155844156,524.8727272727273,37.08,36.29,66.09,66.32,52.2,52.2,40.5,40.5,290.0
2015-12-30,475.27272727272725,471.09090909090907,463.09090909090907,449.45454545454544,35.65,66.44,52.2,40.5,2015,12,4,2,475.7272727272728,477.0,546.0,537.0,470.9090909090909,524.0,462.9090909090909,426.0,449.54545454545456,449.0,476.2727272727273,490.70779220779224,522.3969696969697,36.85,36.76,66.28,66.23,52.2,52.2,40.5,40.5,290.0
2015-12-31,474.8181818181818,471.27272727272725,463.27272727272725,449.3636363636364,36.61,66.19,52.2,40.5,2015,12,4,3,475.27272727272725,478.0,534.0,519.0,471.09090909090907,512.0,463.09090909090907,433.0,449.45454545454544,449.0,476.025974025974,485.65584415584414,520.339393939394,35.65,35.34,66.44,66.19,52.2,52.2,40.5,40.5,291.0
2016-01-04,473.0,472.0,464.0,449.0,36.28,66.56,49.0,41.9,2016,1,1,0,474.8181818181818,474.0,522.0,504.0,471.27272727272725,485.0,463.27272727272725,445.0,449.3636363636364,449.0,475.57142857142856,481.42857142857144,518.8666666666667,36.61,35.26,66.19,66.19,52.2,52.2,40.5,40.5,295.0
2016-01-05,468.0,462.0,466.0,445.0,35.56,66.49,49.0,41.9,2016,1,1,1,473.0,475.0,508.0,498.0,472.0,469.0,464.0,457.0,449.0,450.0,475.42857142857144,477.92857142857144,517.8333333333334,36.28,35.79,66.56,66.04,49.0,52.2,41.9,40.5,301.0
2016-01-06,467.0,467.0,464.0,442.0,33.89,66.71,49.0,41.9,2016,1,1,2,468.0,478.0,484.0,516.0,462.0,470.0,466.0,462.0,445.0,450.0,474.42857142857144,475.07142857142856,516.8333333333334,35.56,37.22,66.49,66.0,49.0,52.2,41.9,40.5,307.0
2016-01-07,445.0,399.0,450.0,436.0,33.57,66.73,49.0,41.9,2016,1,1,3,467.0,476.1818181818182,471.0,528.0,467.0,470.7272727272728,464.0,462.7272727272728,442.0,449.6363636363636,472.85714285714283,473.85714285714283,515.2,33.89,37.08,66.71,66.09,49.0,52.2,41.9,40.5,313.0
2016-01-08,429.0,343.0,434.0,430.0,31.67,66.82,49.0,41.9,2016,1,1,4,445.0,475.7272727272728,471.0,546.0,399.0,470.9090909090909,450.0,462.9090909090909,436.0,449.54545454545456,468.40259740259745,472.0,512.4333333333333,33.57,36.85,66.73,66.28,49.0,52.2,41.9,40.5,315.0
2016-01-11,415.0,314.0,420.0,422.0,30.14,66.78,49.0,41.9,2016,1,1,0,429.0,475.27272727272725,477.0,562.0,343.0,471.09090909090907,434.0,463.09090909090907,430.0,449.45454545454544,461.7272727272727,469.0,508.53333333333336,31.67,35.65,66.82,66.44,49.0,52.2,41.9,40.5,316.0
2016-01-12,402.0,266.0,411.0,416.0,29.14,66.85,49.0,41.9,2016,1,1,1,415.0,474.8181818181818,478.0,581.0,314.0,471.27272727272725,420.0,463.27272727272725,422.0,449.3636363636364,453.1168831168831,464.57142857142856,503.6333333333333,30.14,36.61,66.78,66.19,49.0,52.2,41.9,40.5,318.0
2016-01-13,394.0,245.0,399.0,412.0,28.58,66.74,49.0,41.9,2016,1,1,2,402.0,473.0,474.0,584.0,266.0,472.0,411.0,464.0,416.0,449.0,442.7142857142857,459.14285714285717,497.6666666666667,29.14,36.28,66.85,66.56,49.0,49.0,41.9,41.9,322.0
2016-01-14,383.0,225.0,388.0,402.0,28.84,67.37,49.0,41.9,2016,1,1,3,394.0,468.0,475.0,598.0,245.0,462.0,399.0,466.0,412.0,445.0,431.42857142857144,453.42857142857144,491.3333333333333,28.58,35.56,66.74,66.49,49.0,49.0,41.9,41.9,325.0
2016-01-15,373.0,198.0,381.0,394.0,28.8,67.74,49.0,41.9,2016,1,1,4,383.0,467.0,478.0,590.0,225.0,467.0,388.0,464.0,402.0,442.0,419.2857142857143,446.85714285714283,484.1666666666667,28.84,33.89,67.37,66.71,49.0,49.0,41.9,41.9,327.0
2016-01-18,369.0,197.0,375.0,388.0,27.36,67.69500000000001,49.0,41.9,2016,1,1,0,373.0,445.0,476.1818181818182,574.0,198.0,399.0,381.0,450.0,394.0,436.0,405.85714285714283,439.35714285714283,476.93333333333334,28.8,33.57,67.74,66.73,49.0,49.0,41.9,41.9,329.0
2016-01-19,363.0,185.0,369.0,381.0,27.36,67.68,49.0,41.9,2016,1,1,1,369.0,429.0,475.7272727272728,563.0,197.0,343.0,375.0,434.0,388.0,430.0,395.0,431.7012987012987,470.1,27.36,31.67,67.69500000000001,66.82,49.0,49.0,41.9,41.9,332.0
2016-01-20,358.0,186.0,360.0,372.0,26.01,68.05,49.0,41.9,2016,1,1,2,363.0,415.0,475.27272727272725,551.0,185.0,314.0,369.0,420.0,381.0,422.0,385.57142857142856,423.64935064935065,463.43333333333334,27.36,30.14,67.68,66.78,49.0,49.0,41.9,41.9,335.0
2016-01-21,355.0,206.0,346.0,366.0,27.59,67.87,49.0,41.9,2016,1,1,3,358.0,402.0,474.8181818181818,551.0,186.0,266.0,360.0,411.0,372.0,416.0,377.42857142857144,415.2727272727273,457.0,26.01,29.14,68.05,66.85,49.0,49.0,41.9,41.9,342.0
2016-01-22,354.0,229.0,334.0,358.0,30.46,67.55,49.0,41.9,2016,1,1,4,355.0,394.0,473.0,546.0,206.0,245.0,346.0,399.0,366.0,412.0,370.7142857142857,406.7142857142857,450.46666666666664,27.59,28.58,67.87,66.74,49.0,49.0,41.9,41.9,349.0
2016-01-25,354.0,254.0,325.0,350.0,29.82,67.71,49.0,41.9,2016,1,1,0,354.0,383.0,468.0,534.0,229.0,225.0,334.0,388.0,358.0,402.0,365.0,398.2142857142857,444.06666666666666,30.46,28.84,67.55,67.37,49.0,49.0,41.9,41.9,354.0
2016-01-26,345.0,242.0,312.0,338.0,30.94,67.75,49.0,41.9,2016,1,1,1,354.0,373.0,467.0,522.0,254.0,198.0,325.0,381.0,350.0,394.0,360.85714285714283,390.07142857142856,438.06666666666666,29.82,28.8,67.71,67.74,49.0,49.0,41.9,41.9,366.0
2016-01-27,337.0,235.0,303.0,327.0,31.83,67.98,49.0,41.9,2016,1,1,2,345.0,369.0,445.0,508.0,242.0,197.0,312.0,375.0,338.0,388.0,356.85714285714283,381.35714285714283,432.1666666666667,30.94,27.36,67.75,67.69500000000001,49.0,49.0,41.9,41.9,376.0
2016-01-28,325.0,216.0,293.0,316.0,33.01,68.08,49.0,41.9,2016,1,1,3,337.0,363.0,429.0,484.0,235.0,185.0,303.0,369.0,327.0,381.0,352.2857142857143,373.64285714285717,426.46666666666664,31.83,27.36,67.98,67.68,49.0,49.0,41.9,41.9,384.0
2016-01-29,317.0,211.0,287.0,304.0,33.14,67.87,49.0,41.9,2016,1,1,4,325.0,358.0,415.0,471.0,216.0,186.0,293.0,360.0,316.0,372.0,346.85714285714283,366.2142857142857,421.1666666666667,33.01,26.01,68.08,68.05,49.0,49.0,41.9,41.9,388.0
2016-02-01,314.0,217.0,282.0,299.0,32.45,67.92,50.3,46.8,2016,2,1,0,317.0,355.0,402.0,471.0,211.0,206.0,287.0,346.0,304.0,366.0,341.0,359.2142857142857,416.03333333333336,33.14,27.59,67.87,67.87,49.0,49.0,41.9,41.9,393.0
2016-02-02,310.0,217.0,282.0,289.0,30.98,67.92,50.3,46.8,2016,2,1,1,314.0,354.0,394.0,477.0,217.0,229.0,282.0,334.0,299.0,358.0,335.14285714285717,352.92857142857144,410.8,32.45,30.46,67.92,67.55,50.3,49.0,46.8,41.9,396.0
2016-02-03,303.0,209.0,284.0,280.0,32.38,67.92,50.3,46.8,2016,2,1,2,310.0,354.0,383.0,478.0,217.0,254.0,282.0,325.0,289.0,350.0,328.85714285714283,346.92857142857144,405.23333333333335,30.98,29.82,67.92,67.71,50.3,49.0,46.8,41.9,393.0
2016-02-04,298.0,208.0,289.0,271.0,32.76,67.57,50.3,46.8,2016,2,1,3,303.0,345.0,373.0,474.0,209.0,242.0,284.0,312.0,280.0,338.0,321.57142857142856,341.2142857142857,399.4,32.38,30.94,67.92,67.75,50.3,49.0,46.8,41.9,392.0
2016-02-05,297.0,212.0,295.0,262.0,32.35,67.78,50.3,46.8,2016,2,1,4,298.0,337.0,369.0,475.0,208.0,235.0,289.0,303.0,271.0,327.0,314.85714285714283,335.85714285714283,393.53333333333336,32.76,31.83,67.57,67.98,50.3,49.0,46.8,41.9,395.0
2016-02-08,293.0,207.0,298.0,255.0,31.64,67.98,50.3,46.8,2016,2,1,0,297.0,325.0,363.0,478.0,212.0,216.0,295.0,293.0,262.0,316.0,309.14285714285717,330.7142857142857,387.6,32.35,33.01,67.78,68.08,50.3,49.0,46.8,41.9,398.0
2016-02-09,291.0,207.0,297.0,250.0,30.15,67.92,50.3,46.8,2016,2,1,1,293.0,317.0,358.0,476.1818181818182,207.0,211.0,298.0,287.0,255.0,304.0,304.57142857142856,325.7142857142857,381.43333333333334,31.64,33.14,67.98,67.87,50.3,49.0,46.8,41.9,398.0
2016-02-10,290.0,208.0,301.0,247.0,29.64,67.85,50.3,46.8,2016,2,1,2,291.0,314.0,355.0,475.7272727272728,207.0,217.0,297.0,282.0,250.0,299.0,300.85714285714283,320.92857142857144,375.26060606060605,30.15,32.45,67.92,67.92,50.3,50.3,46.8,46.8,401.0
2016-02-11,290.0,206.0,312.0,244.0,28.82,68.44,50.3,46.8,2016,2,1,3,290.0,310.0,354.0,475.27272727272725,208.0,217.0,301.0,282.0,247.0,289.0,297.42857142857144,316.2857142857143,369.069696969697,29.64,30.98,67.85,67.92,50.3,50.3,46.8,46.8,406.0
2016-02-12,291.0,199.0,324.0,243.0,31.8,68.12,50.3,46.8,2016,2,1,4,290.0,303.0,354.0,474.8181818181818,206.0,209.0,312.0,284.0,244.0,280.0,294.57142857142856,311.7142857142857,362.8939393939394,28.82,32.38,68.44,67.92,50.3,50.3,46.8,46.8,406.6
2016-02-15,295.0,204.0,334.0,247.0,31.2675,68.39,50.3,46.8,2016,2,1,0,291.0,298.0,345.0,473.0,199.0,208.0,324.0,289.0,243.0,271.0,292.85714285714283,307.2142857142857,356.76666666666665,31.8,32.76,68.12,67.57,50.3,50.3,46.8,46.8,408.4
2016-02-16,301.0,223.0,346.0,252.0,31.09,68.48,50.3,46.8,2016,2,1,1,295.0,297.0,337.0,468.0,204.0,212.0,334.0,295.0,247.0,262.0,292.42857142857144,303.64285714285717,350.8333333333333,31.2675,32.35,68.39,67.78,50.3,50.3,46.8,46.8,409.0
2016-02-17,307.0,223.0,357.0,259.0,33.21,68.33,50.3,46.8,2016,2,1,2,301.0,293.0,325.0,467.0,223.0,207.0,346.0,298.0,252.0,255.0,293.0,301.07142857142856,345.26666666666665,31.09,31.64,68.48,67.98,50.3,50.3,46.8,46.8,414.0
2016-02-18,313.0,220.0,358.0,270.0,33.2,68.54,50.3,46.8,2016,2,1,3,307.0,291.0,317.0,445.0,223.0,207.0,357.0,297.0,259.0,250.0,295.0,299.7857142857143,339.93333333333334,33.21,30.15,68.33,67.92,50.3,50.3,46.8,46.8,429.0
2016-02-19,315.0,207.0,355.0,286.0,31.66,68.54,50.3,46.8,2016,2,1,4,313.0,290.0,314.0,429.0,220.0,208.0,358.0,301.0,270.0,247.0,298.14285714285717,299.5,335.53333333333336,33.2,29.64,68.54,67.85,50.3,50.3,46.8,46.8,450.0
2016-02-22,316.0,197.0,350.0,298.0,33.59,68.53,50.3,46.8,2016,2,1,0,315.0,290.0,310.0,415.0,207.0,206.0,355.0,312.0,286.0,244.0,301.7142857142857,299.57142857142856,331.73333333333335,31.66,28.82,68.54,68.44,50.3,50.3,46.8,46.8,471.0
2016-02-23,318.0,189.0,346.0,310.0,31.9,68.55,50.3,46.8,2016,2,1,1,316.0,291.0,303.0,402.0,197.0,199.0,350.0,324.0,298.0,243.0,305.42857142857144,300.0,328.43333333333334,33.59,31.8,68.53,68.12,50.3,50.3,46.8,46.8,487.0
2016-02-24,322.0,186.0,346.0,321.0,31.5,68.53,50.3,46.8,2016,2,1,2,318.0,295.0,298.0,394.0,189.0,204.0,346.0,334.0,310.0,247.0,309.2857142857143,301.07142857142856,325.6333333333333,31.9,31.2675,68.55,68.39,50.3,50.3,46.8,46.8,500.0
2016-02-25,325.0,182.0,346.0,328.0,32.83,68.84,50.3,46.8,2016,2,1,3,322.0,301.0,297.0,383.0,186.0,223.0,346.0,346.0,321.0,252.0,313.14285714285717,302.7857142857143,323.23333333333335,31.5,31.09,68.53,68.48,50.3,50.3,46.8,46.8,517.0
2016-02-26,327.0,177.0,352.0,333.0,35.76,68.82,50.3,46.8,2016,2,1,4,325.0,307.0,293.0,373.0,182.0,223.0,346.0,357.0,328.0,259.0,316.57142857142856,304.7857142857143,321.3,32.83,33.21,68.84,68.33,50.3,50.3,46.8,46.8,539.0
2016-02-29,329.0,174.0,354.0,339.0,35.92,68.21,50.3,46.8,2016,2,1,0,327.0,313.0,291.0,369.0,177.0,220.0,352.0,358.0,333.0,270.0,319.42857142857144,307.2142857142857,319.76666666666665,35.76,33.2,68.82,68.54,50.3,50.3,46.8,46.8,555.0
2016-03-01,332.0,174.0,357.0,345.0,35.73,67.75,52.2,56.2,2016,3,1,1,329.0,315.0,290.0,363.0,174.0,207.0,354.0,355.0,339.0,286.0,321.7142857142857,309.92857142857144,318.43333333333334,35.92,31.66,68.21,68.54,50.3,50.3,46.8,46.8,560.0
2016-03-02,335.0,171.0,364.0,350.0,36.38,67.4,52.2,56.2,2016,3,1,2,332.0,316.0,290.0,358.0,174.0,197.0,357.0,350.0,345.0,298.0,324.14285714285717,312.92857142857144,317.4,35.73,33.59,67.75,68.53,52.2,50.3,56.2,46.8,567.0
2016-03-03,342.0,166.0,374.0,363.0,35.75,67.15,52.2,56.2,2016,3,1,3,335.0,318.0,291.0,355.0,171.0,189.0,364.0,346.0,350.0,310.0,326.85714285714283,316.14285714285717,316.6333333333333,36.38,31.9,67.4,68.55,52.2,50.3,56.2,46.8,597.0
2016-03-04,349.0,164.0,386.0,371.0,37.61,66.9,52.2,56.2,2016,3,1,4,342.0,322.0,295.0,354.0,166.0,186.0,374.0,346.0,363.0,321.0,330.2857142857143,319.7857142857143,316.2,35.75,31.5,67.15,68.53,52.2,50.3,56.2,46.8,635.0
2016-03-07,354.0,161.0,397.0,377.0,39.02,66.97,52.2,56.2,2016,3,1,0,349.0,325.0,301.0,354.0,164.0,182.0,386.0,346.0,371.0,328.0,334.14285714285717,323.64285714285717,316.03333333333336,37.61,32.83,66.9,68.84,52.2,50.3,56.2,46.8,659.0
2016-03-08,366.0,180.0,422.0,386.0,39.16,67.3,52.2,56.2,2016,3,1,1,354.0,327.0,307.0,345.0,161.0,177.0,397.0,352.0,377.0,333.0,338.2857142857143,327.42857142857144,316.03333333333336,39.02,35.76,66.97,68.82,52.2,50.3,56.2,46.8,671.0
2016-03-09,376.0,178.0,447.0,399.0,40.26,67.07,52.2,56.2,2016,3,1,2,366.0,329.0,313.0,337.0,180.0,174.0,422.0,354.0,386.0,339.0,343.85714285714283,331.64285714285717,316.73333333333335,39.16,35.92,67.3,68.21,52.2,50.3,56.2,46.8,669.0
2016-03-10,384.0,178.0,466.0,412.0,38.63,67.2,52.2,56.2,2016,3,1,3,376.0,332.0,315.0,325.0,178.0,174.0,447.0,357.0,399.0,345.0,350.57142857142856,336.14285714285717,318.03333333333336,40.26,35.73,67.07,67.75,52.2,52.2,56.2,56.2,670.0
2016-03-11,388.0,176.0,477.0,420.0,39.41,66.93,52.2,56.2,2016,3,1,4,384.0,335.0,316.0,317.0,178.0,171.0,466.0,364.0,412.0,350.0,358.0,341.07142857142856,320.0,38.63,36.38,67.2,67.4,52.2,52.2,56.2,56.2,688.0
2016-03-14,393.0,179.0,481.0,427.0,38.06,67.15,52.2,56.2,2016,3,1,0,388.0,342.0,318.0,314.0,176.0,166.0,477.0,374.0,420.0,363.0,365.57142857142856,346.2142857142857,322.3666666666667,39.41,35.75,66.93,67.15,52.2,52.2,56.2,56.2,690.0
2016-03-15,396.0,186.0,481.0,432.0,37.49,67.33,52.2,56.2,2016,3,1,1,393.0,349.0,322.0,310.0,179.0,164.0,481.0,386.0,427.0,371.0,372.85714285714283,351.57142857142856,325.0,38.06,37.61,67.15,66.9,52.2,52.2,56.2,56.2,704.0
2016-03-16,393.0,172.0,474.0,439.0,38.38,67.24,52.2,56.2,2016,3,1,2,396.0,354.0,325.0,303.0,186.0,161.0,481.0,397.0,432.0,377.0,379.57142857142856,356.85714285714283,327.8666666666667,37.49,39.02,67.33,66.97,52.2,52.2,56.2,56.2,715.0
2016-03-17,392.0,178.0,467.0,445.0,39.29,66.61,52.2,56.2,2016,3,1,3,393.0,366.0,327.0,298.0,172.0,180.0,474.0,422.0,439.0,386.0,385.14285714285717,361.7142857142857,330.8666666666667,38.38,39.16,67.24,67.3,52.2,52.2,56.2,56.2,710.0
2016-03-18,395.0,197.0,463.0,449.0,39.26,66.34,52.2,56.2,2016,3,1,4,392.0,376.0,329.0,297.0,178.0,178.0,467.0,447.0,445.0,399.0,388.85714285714283,366.35714285714283,334.0,39.29,40.26,66.61,67.07,52.2,52.2,56.2,56.2,703.0
2016-03-21,398.0,197.0,459.0,460.0,39.91,66.45,52.2,56.2,2016,3,1,0,395.0,384.0,332.0,293.0,197.0,178.0,463.0,466.0,449.0,412.0,391.57142857142856,371.07142857142856,337.26666666666665,39.26,38.63,66.34,67.2,52.2,52.2,56.2,56.2,687.25
2016-03-22,398.0,186.0,455.0,464.0,40.54,66.58,52.2,56.2,2016,3,1,1,398.0,388.0,335.0,291.0,197.0,176.0,459.0,477.0,460.0,420.0,393.57142857142856,375.7857142857143,340.76666666666665,39.91,39.41,66.45,66.93,52.2,52.2,56.2,56.2,682.0
2016-03-23,401.0,196.0,458.0,468.0,38.84,66.82,52.2,56.2,2016,3,1,2,398.0,393.0,342.0,290.0,186.0,179.0,455.0,481.0,464.0,427.0,395.0,380.2857142857143,344.3333333333333,40.54,38.06,66.58,67.15,52.2,52.2,56.2,56.2,652.0
2016-03-24,406.0,203.0,466.0,473.0,38.33,66.82,52.2,56.2,2016,3,1,3,401.0,396.0,349.0,290.0,196.0,186.0,458.0,481.0,468.0,432.0,396.14285714285717,384.5,348.03333333333336,38.84,37.49,66.82,67.33,52.2,52.2,56.2,56.2,642.0
2016-03-25,406.6,203.8,467.0,473.2,38.33,66.82,52.2,56.2,2016,3,1,4,406.0,393.0,354.0,291.0,203.0,172.0,466.0,474.0,473.0,439.0,397.57142857142856,388.57142857142856,351.9,38.33,38.38,66.82,67.24,52.2,52.2,56.2,56.2,631.0
2016-03-28,408.4,206.2,470.0,473.8,38.33,66.58,52.2,56.2,2016,3,1,0,406.6,392.0,366.0,295.0,203.8,178.0,467.0,467.0,473.2,445.0,399.5142857142857,392.32857142857137,355.7533333333333,38.33,39.29,66.82,66.61,52.2,52.2,56.2,56.2,616.0
2016-03-29,409.0,207.0,471.0,474.0,36.75,66.46,52.2,56.2,2016,3,1,1,408.4,395.0,376.0,301.0,206.2,197.0,470.0,463.0,473.8,449.0,401.85714285714283,395.35714285714283,359.53333333333336,38.33,39.26,66.58,66.34,52.2,52.2,56.2,56.2,594.0
2016-03-30,414.0,210.0,484.0,475.0,36.75,66.37,52.2,56.2,2016,3,1,2,409.0,398.0,384.0,307.0,207.0,197.0,471.0,459.0,474.0,460.0,403.85714285714283,397.7142857142857,363.1333333333333,36.75,39.91,66.46,66.45,52.2,52.2,56.2,56.2,579.0
2016-03-31,429.0,270.0,501.0,476.0,36.75,66.25,52.2,56.2,2016,3,1,3,414.0,398.0,388.0,313.0,210.0,186.0,484.0,455.0,475.0,464.0,406.14285714285717,399.85714285714283,366.7,36.75,40.54,66.37,66.58,52.2,52.2,56.2,56.2,579.0
2016-04-01,450.0,345.0,535.0,476.0,36.42,66.34,50.7,60.9,2016,4,2,4,429.0,401.0,393.0,315.0,270.0,196.0,501.0,458.0,476.0,468.0,410.57142857142856,402.7857142857143,370.56666666666666,36.75,38.84,66.25,66.82,52.2,52.2,56.2,56.2,600.0
2016-04-04,471.0,424.0,563.0,479.0,36.05,66.05,50.7,60.9,2016,4,2,0,450.0,406.0,396.0,316.0,345.0,203.0,535.0,466.0,476.0,473.0,417.57142857142856,406.85714285714283,375.06666666666666,36.42,38.33,66.34,66.82,50.7,52.2,60.9,56.2,613.0
2016-04-05,487.0,466.0,596.0,479.0,35.88,66.4,50.7,60.9,2016,4,2,1,471.0,406.6,393.0,318.0,424.0,203.8,563.0,467.0,479.0,473.2,426.85714285714283,412.2142857142857,380.23333333333335,36.05,38.33,66.05,66.82,50.7,52.2,60.9,56.2,643.0
2016-04-06,500.0,477.0,619.0,482.0,37.77,66.49,50.7,60.9,2016,4,2,2,487.0,408.4,392.0,322.0,466.0,206.2,596.0,470.0,479.0,473.8,438.34285714285716,418.92857142857144,385.8666666666667,35.88,38.33,66.4,66.58,50.7,52.2,60.9,56.2,642.0
2016-04-07,517.0,562.0,627.0,485.0,37.15,66.7,50.7,60.9,2016,4,2,3,500.0,409.0,395.0,325.0,477.0,207.0,619.0,471.0,482.0,474.0,451.42857142857144,426.64285714285717,391.8,37.77,36.75,66.49,66.46,50.7,52.2,60.9,56.2,634.0
2016-04-08,539.0,656.0,643.0,488.0,40.71,66.49,50.7,60.9,2016,4,2,4,517.0,414.0,398.0,327.0,562.0,210.0,627.0,484.0,485.0,475.0,466.85714285714283,435.35714285714283,398.2,37.15,36.75,66.7,66.37,50.7,52.2,60.9,56.2,625.0
2016-04-11,555.0,733.0,654.0,492.0,41.58,66.33,50.7,60.9,2016,4,2,0,539.0,429.0,398.0,329.0,656.0,270.0,643.0,501.0,488.0,476.0,484.7142857142857,445.42857142857144,405.26666666666665,40.71,36.75,66.49,66.25,50.7,52.2,60.9,56.2,624.0
2016-04-12,560.0,744.0,666.0,498.0,43.02,66.35,50.7,60.9,2016,4,2,1,555.0,450.0,401.0,332.0,733.0,345.0,654.0,535.0,492.0,476.0,502.7142857142857,456.64285714285717,412.8,41.58,36.42,66.33,66.34,50.7,50.7,60.9,60.9,618.0
2016-04-13,567.0,744.0,678.0,506.0,42.81,66.62,50.7,60.9,2016,4,2,2,560.0,471.0,406.0,335.0,744.0,424.0,666.0,563.0,498.0,479.0,518.4285714285714,468.0,420.4,43.02,36.05,66.35,66.05,50.7,50.7,60.9,60.9,605.0
2016-04-14,597.0,831.0,700.0,514.0,43.02,66.56,50.7,60.9,2016,4,2,3,567.0,487.0,406.6,342.0,744.0,466.0,678.0,596.0,506.0,479.0,532.1428571428571,479.5,428.1333333333333,42.81,35.88,66.62,66.4,50.7,50.7,60.9,60.9,601.0
2016-04-15,635.0,949.0,727.0,525.0,41.32,66.49,50.7,60.9,2016,4,2,4,597.0,500.0,408.4,349.0,831.0,477.0,700.0,619.0,514.0,482.0,547.8571428571429,493.1,436.6333333333333,43.02,37.77,66.56,66.49,50.7,50.7,60.9,60.9,606.0
2016-04-18,659.0,1030.0,740.0,529.0,41.64,66.42,50.7,60.9,2016,4,2,0,635.0,517.0,409.0,354.0,949.0,562.0,727.0,627.0,525.0,485.0,567.1428571428571,509.2857142857143,446.1666666666667,41.32,37.15,66.49,66.7,50.7,50.7,60.9,60.9,612.0
2016-04-19,671.0,1065.0,746.0,534.0,43.02,66.12,50.7,60.9,2016,4,2,1,659.0,539.0,414.0,366.0,1030.0,656.0,740.0,643.0,529.0,488.0,587.4285714285714,527.1428571428571,456.3333333333333,41.64,40.71,66.42,66.49,50.7,50.7,60.9,60.9,612.0
2016-04-20,669.0,1022.0,747.0,543.0,43.09,66.12,50.7,60.9,2016,4,2,2,671.0,555.0,429.0,376.0,1065.0,733.0,746.0,654.0,534.0,492.0,606.2857142857143,545.5,466.5,43.02,41.58,66.12,66.33,50.7,50.7,60.9,60.9,606.0
2016-04-21,670.0,1004.0,743.0,551.0,43.48,66.43,50.7,60.9,2016,4,2,3,669.0,560.0,450.0,384.0,1022.0,744.0,747.0,666.0,543.0,498.0,622.5714285714286,562.6428571428571,476.26666666666665,43.09,43.02,66.12,66.35,50.7,50.7,60.9,60.9,610.0
2016-04-22,688.0,1085.0,736.0,558.0,43.97,66.6,50.7,60.9,2016,4,2,4,670.0,567.0,471.0,388.0,1004.0,744.0,743.0,678.0,551.0,506.0,638.2857142857143,578.3571428571429,485.8,43.48,42.81,66.43,66.62,50.7,50.7,60.9,60.9,607.0
2016-04-25,690.0,1087.0,727.0,562.0,42.97,66.65,50.7,60.9,2016,4,2,0,688.0,597.0,487.0,393.0,1085.0,831.0,736.0,700.0,558.0,514.0,655.5714285714286,593.8571428571429,495.8,43.97,43.02,66.6,66.56,50.7,50.7,60.9,60.9,606.0
2016-04-26,704.0,1135.0,718.0,564.0,43.94,66.4,50.7,60.9,2016,4,2,1,690.0,635.0,500.0,396.0,1087.0,949.0,727.0,727.0,562.0,525.0,668.8571428571429,608.3571428571429,505.7,42.97,41.32,66.65,66.49,50.7,50.7,60.9,60.9,610.0
2016-04-27,715.0,1160.0,704.0,573.0,44.17,66.52,50.7,60.9,2016,4,2,2,704.0,659.0,517.0,393.0,1135.0,1030.0,718.0,740.0,564.0,529.0,678.7142857142857,622.9285714285714,515.9666666666667,43.94,41.64,66.4,66.42,50.7,50.7,60.9,60.9,611.0
2016-04-28,710.0,1137.0,685.0,578.0,45.6,66.39,50.7,60.9,2016,4,2,3,715.0,671.0,539.0,392.0,1160.0,1065.0,704.0,746.0,573.0,534.0,686.7142857142857,637.0714285714286,526.7,44.17,43.02,66.52,66.12,50.7,50.7,60.9,60.9,610.0
2016-04-29,703.0,1117.0,667.0,582.0,45.64,66.39,50.7,60.9,2016,4,2,4,710.0,669.0,555.0,395.0,1137.0,1022.0,685.0,747.0,578.0,543.0,692.2857142857143,649.2857142857143,537.3,45.6,43.09,66.39,66.12,50.7,50.7,60.9,60.9,609.0
2016-05-02,687.25,1070.5,646.75,582.75,45.82,66.36,51.3,55.1,2016,5,2,0,703.0,670.0,560.0,398.0,1117.0,1004.0,667.0,743.0,582.0,551.0,697.1428571428571,659.8571428571429,547.5666666666667,45.64,43.48,66.39,66.43,50.7,50.7,60.9,60.9,608.0
2016-05-03,682.0,1055.0,640.0,583.0,43.09,66.51,51.3,55.1,2016,5,2,1,687.25,688.0,567.0,398.0,1070.5,1085.0,646.75,736.0,582.75,558.0,699.6071428571429,668.9464285714286,557.2083333333334,45.82,43.97,66.36,66.6,51.3,50.7,55.1,60.9,604.0
2016-05-04,652.0,954.0,621.0,583.0,43.08,66.63,51.3,55.1,2016,5,2,2,682.0,690.0,597.0,401.0,1055.0,1087.0,640.0,727.0,583.0,562.0,698.75,677.1607142857143,566.675,43.09,42.97,66.51,66.65,51.3,50.7,55.1,60.9,598.0
2016-05-05,642.0,915.0,607.0,582.0,44.39,66.53,51.3,55.1,2016,5,2,3,652.0,704.0,635.0,406.0,954.0,1135.0,621.0,718.0,583.0,564.0,693.3214285714286,681.0892857142857,575.0416666666666,43.08,43.94,66.63,66.4,51.3,50.7,55.1,60.9,587.0
2016-05-06,631.0,892.0,591.0,578.0,44.6,66.52,51.3,55.1,2016,5,2,4,642.0,715.0,659.0,406.6,915.0,1160.0,607.0,704.0,582.0,573.0,684.4642857142857,681.5892857142857,582.9083333333333,44.39,44.17,66.53,66.52,51.3,50.7,55.1,60.9,582.0
2016-05-09,616.0,837.0,584.0,575.0,42.43,66.7,51.3,55.1,2016,5,2,0,631.0,710.0,671.0,408.4,892.0,1137.0,591.0,685.0,578.0,578.0,672.4642857142857,679.5892857142857,590.3883333333334,44.6,45.6,66.52,66.39,51.3,50.7,55.1,60.9,580.0
2016-05-10,594.0,752.0,581.0,567.0,44.01,66.58,51.3,55.1,2016,5,2,1,616.0,703.0,669.0,409.0,837.0,1117.0,584.0,667.0,575.0,582.0,659.0357142857143,675.6607142857143,597.3083333333333,42.43,45.64,66.7,66.39,51.3,50.7,55.1,60.9,585.0
2016-05-11,579.0,713.0,583.0,560.0,46.08,66.53,51.3,55.1,2016,5,2,2,594.0,687.25,670.0,414.0,752.0,1070.5,581.0,646.75,567.0,582.75,643.4642857142857,670.3035714285714,603.475,44.01,45.82,66.58,66.36,51.3,51.3,55.1,55.1,596.0
2016-05-12,579.0,724.0,589.0,555.0,46.43,66.7,51.3,55.1,2016,5,2,3,579.0,682.0,688.0,429.0,713.0,1055.0,583.0,640.0,560.0,583.0,628.0,663.8035714285714,608.975,46.08,43.09,66.53,66.51,51.3,51.3,55.1,55.1,609.0
2016-05-13,600.0,798.0,597.0,553.0,47.05,66.84,51.3,55.1,2016,5,2,4,579.0,652.0,690.0,450.0,724.0,954.0,589.0,621.0,555.0,583.0,613.2857142857143,656.0178571428571,613.975,46.43,43.08,66.7,66.63,51.3,51.3,55.1,55.1,616.0
2016-05-16,613.0,854.0,598.0,552.0,48.49,66.78,51.3,55.1,2016,5,2,0,600.0,642.0,704.0,471.0,798.0,915.0,597.0,607.0,553.0,582.0,605.8571428571429,649.5892857142857,618.975,47.05,44.39,66.84,66.53,51.3,51.3,55.1,55.1,627.0
2016-05-17,643.0,988.0,604.0,552.0,48.71,66.74,51.3,55.1,2016,5,2,1,613.0,631.0,715.0,487.0,854.0,892.0,598.0,591.0,552.0,578.0,601.7142857142857,643.0892857142857,623.7083333333334,48.49,44.6,66.78,66.52,51.3,51.3,55.1,55.1,640.0
2016-05-18,642.0,954.0,611.0,553.0,48.93,66.95,51.3,55.1,2016,5,2,2,643.0,616.0,710.0,500.0,988.0,837.0,604.0,584.0,552.0,575.0,603.4285714285714,637.9464285714286,628.9083333333333,48.71,42.43,66.74,66.7,51.3,51.3,55.1,55.1,660.0
2016-05-19,634.0,906.0,617.0,558.0,47.01,67.57,51.3,55.1,2016,5,2,3,642.0,594.0,703.0,517.0,954.0,752.0,611.0,581.0,553.0,567.0,607.1428571428571,633.0892857142857,633.6416666666667,48.93,44.01,66.95,66.58,51.3,51.3,55.1,55.1,677.0
2016-05-20,625.0,870.0,614.0,562.0,48.54,67.42,51.3,55.1,2016,5,2,4,634.0,579.0,687.25,539.0,906.0,713.0,617.0,583.0,558.0,560.0,612.8571428571429,628.1607142857143,637.5416666666666,47.01,46.08,67.57,66.53,51.3,51.3,55.1,55.1,688.0
2016-05-23,624.0,870.0,611.0,565.0,47.77,67.47,51.3,55.1,2016,5,2,0,625.0,579.0,682.0,555.0,870.0,724.0,614.0,589.0,562.0,555.0,619.4285714285714,623.7142857142857,640.4083333333333,48.54,46.43,67.42,66.7,51.3,51.3,55.1,55.1,692.0
2016-05-24,618.0,848.0,608.0,568.0,48.42,67.59,51.3,55.1,2016,5,2,1,624.0,600.0,652.0,560.0,870.0,798.0,611.0,597.0,565.0,553.0,625.8571428571429,619.5714285714286,642.7083333333334,47.77,47.05,67.47,66.84,51.3,51.3,55.1,55.1,694.0
2016-05-25,605.0,799.0,596.0,571.0,48.87,67.28,51.3,55.1,2016,5,2,2,618.0,613.0,642.0,567.0,848.0,854.0,608.0,598.0,568.0,552.0,628.4285714285714,617.1428571428571,644.6416666666667,48.42,48.49,67.59,66.78,51.3,51.3,55.1,55.1,699.0
2016-05-26,601.0,793.0,586.0,575.0,49.52,66.9,51.3,55.1,2016,5,2,3,605.0,643.0,631.0,597.0,799.0,988.0,596.0,604.0,571.0,552.0,627.2857142857143,614.5,645.9083333333333,48.87,48.71,67.28,66.74,51.3,51.3,55.1,55.1,703.0
2016-05-27,606.0,830.0,582.0,579.0,49.09,66.96,51.3,55.1,2016,5,2,4,601.0,642.0,616.0,635.0,793.0,954.0,586.0,611.0,575.0,553.0,621.2857142857143,612.3571428571429,646.0416666666666,49.52,48.93,66.9,66.95,51.3,51.3,55.1,55.1,704.0
2016-05-31,612.0,854.0,574.0,580.0,49.26,67.12,51.3,55.1,2016,5,2,1,606.0,634.0,594.0,659.0,830.0,906.0,582.0,617.0,579.0,558.0,616.1428571428571,611.6428571428571,645.075,49.09,47.01,66.96,67.57,51.3,51.3,55.1,55.1,711.0
2016-06-01,612.0,861.0,568.0,578.0,48.81,67.44,52.9,52.0,2016,6,2,2,612.0,625.0,579.0,671.0,854.0,870.0,574.0,614.0,580.0,562.0,613.0,612.9285714285714,643.5083333333333,49.26,48.54,67.12,67.42,51.3,51.3,55.1,55.1,726.0
2016-06-02,606.0,854.0,560.0,575.0,49.05,67.22,52.9,52.0,2016,6,2,3,612.0,624.0,579.0,669.0,861.0,870.0,568.0,611.0,578.0,565.0,611.1428571428571,615.2857142857143,641.5416666666666,48.81,47.77,67.44,67.47,52.9,51.3,52.0,55.1,738.0
2016-06-03,610.0,913.0,550.0,574.0,48.5,66.99,52.9,52.0,2016,6,2,4,606.0,618.0,600.0,670.0,854.0,848.0,560.0,608.0,575.0,568.0,608.5714285714286,617.2142857142857,639.4416666666667,49.05,48.42,67.22,67.59,52.9,51.3,52.0,55.1,745.0
2016-06-06,607.0,922.0,544.0,570.0,48.94,66.81,52.9,52.0,2016,6,2,0,610.0,605.0,613.0,688.0,913.0,799.0,550.0,596.0,574.0,571.0,607.4285714285714,617.9285714285714,637.4416666666667,48.5,48.87,66.99,67.28,52.9,51.3,52.0,55.1,748.0
2016-06-07,606.0,920.0,542.0,567.0,49.76,66.64,52.9,52.0,2016,6,2,1,607.0,601.0,643.0,690.0,922.0,793.0,544.0,586.0,570.0,575.0,607.7142857142857,617.5,634.7416666666667,48.94,49.52,66.81,66.9,52.9,51.3,52.0,55.1,746.0
2016-06-08,610.0,973.0,540.0,564.0,50.73,66.51,52.9,52.0,2016,6,2,2,606.0,606.0,642.0,704.0,920.0,830.0,542.0,582.0,567.0,579.0,608.4285714285714,614.8571428571429,631.9416666666667,49.76,49.09,66.64,66.96,52.9,51.3,52.0,55.1,736.0
2016-06-09,611.0,995.0,543.0,560.0,50.59,66.68,52.9,52.0,2016,6,2,3,610.0,612.0,634.0,715.0,973.0,854.0,540.0,574.0,564.0,580.0,609.0,612.5714285714286,628.8083333333333,50.73,49.26,66.51,67.12,52.9,51.3,52.0,55.1,726.0
2016-06-10,610.0,1006.0,543.0,557.0,49.7,66.84,52.9,52.0,2016,6,2,4,611.0,612.0,625.0,710.0,995.0,861.0,543.0,568.0,560.0,578.0,608.8571428571429,610.9285714285714,625.3416666666667,50.59,48.81,66.68,67.44,52.9,52.9,52.0,52.0,718.0
2016-06-13,609.0,1014.0,542.0,554.0,49.36,67.17,52.9,52.0,2016,6,2,0,610.0,606.0,624.0,703.0,1006.0,854.0,543.0,560.0,557.0,575.0,608.5714285714286,609.8571428571429,622.0083333333333,49.7,49.05,66.84,67.22,52.9,52.9,52.0,52.0,709.0
2016-06-14,608.0,1018.0,543.0,552.0,47.88,67.34,52.9,52.0,2016,6,2,1,609.0,610.0,618.0,687.25,1014.0,913.0,542.0,550.0,554.0,574.0,609.0,608.7857142857143,618.875,49.36,48.5,67.17,66.99,52.9,52.9,52.0,52.0,696.0
2016-06-15,604.0,1000.0,545.0,552.0,47.47,67.08,52.9,52.0,2016,6,2,2,608.0,607.0,605.0,682.0,1018.0,922.0,543.0,544.0,552.0,570.0,608.7142857142857,608.0714285714286,616.2333333333333,47.88,48.94,67.34,66.81,52.9,52.9,52.0,52.0,679.0
2016-06-16,598.0,976.0,545.0,554.0,45.66,67.43,52.9,52.0,2016,6,2,3,604.0,606.0,601.0,652.0,1000.0,920.0,545.0,542.0,552.0,567.0,608.2857142857143,608.0,613.6333333333333,47.47,49.76,67.08,66.64,52.9,52.9,52.0,52.0,665.0
2016-06-17,587.0,927.0,546.0,555.0,46.57,67.11,52.9,52.0,2016,6,2,4,598.0,610.0,606.0,642.0,976.0,973.0,545.0,540.0,554.0,564.0,607.1428571428571,607.7857142857143,611.8333333333334,45.66,50.73,67.43,66.51,52.9,52.9,52.0,52.0,656.0
2016-06-20,582.0,897.0,546.0,559.0,48.68,67.54,52.9,52.0,2016,6,2,0,587.0,611.0,612.0,631.0,927.0,995.0,546.0,543.0,555.0,560.0,603.8571428571429,606.4285714285714,610.0,46.57,50.59,67.11,66.68,52.9,52.9,52.0,52.0,650.0
2016-06-21,580.0,873.0,548.0,563.0,48.18,67.73,52.9,52.0,2016,6,2,1,582.0,610.0,612.0,616.0,897.0,1006.0,546.0,543.0,559.0,557.0,599.7142857142857,604.2857142857143,608.3666666666667,48.68,49.7,67.54,66.84,52.9,52.9,52.0,52.0,645.0
2016-06-22,585.0,878.0,556.0,570.0,48.43,67.49,52.9,52.0,2016,6,2,2,580.0,609.0,606.0,594.0,873.0,1014.0,548.0,542.0,563.0,554.0,595.4285714285714,602.0,607.1666666666666,48.18,49.36,67.73,67.17,52.9,52.9,52.0,52.0,641.0
2016-06-23,596.0,897.0,569.0,577.0,48.63,67.29,52.9,52.0,2016,6,2,3,585.0,608.0,610.0,579.0,878.0,1018.0,556.0,543.0,570.0,552.0,592.0,600.5,606.8666666666667,48.43,47.88,67.49,67.34,52.9,52.9,52.0,52.0,636.0
2016-06-24,609.0,913.0,585.0,583.0,46.69,67.82,52.9,52.0,2016,6,2,4,596.0,604.0,607.0,579.0,897.0,1000.0,569.0,545.0,577.0,552.0,590.2857142857143,599.5,607.4333333333333,48.63,47.47,67.29,67.08,52.9,52.9,52.0,52.0,636.0
2016-06-27,616.0,919.0,601.0,587.0,45.07,67.92,52.9,52.0,2016,6,2,0,609.0,598.0,606.0,600.0,913.0,976.0,585.0,545.0,583.0,554.0,591.0,599.6428571428571,608.4333333333333,46.69,45.66,67.82,67.43,52.9,52.9,52.0,52.0,636.0
2016-06-28,627.0,936.0,618.0,593.0,46.29,67.86,52.9,52.0,2016,6,2,1,616.0,587.0,610.0,613.0,919.0,927.0,601.0,546.0,587.0,555.0,593.5714285714286,600.3571428571429,608.9666666666667,45.07,46.57,67.92,67.11,52.9,52.9,52.0,52.0,631.0
2016-06-29,640.0,955.0,634.0,606.0,48.4,67.42,52.9,52.0,2016,6,2,2,627.0,582.0,611.0,643.0,936.0,897.0,618.0,546.0,593.0,559.0,599.2857142857143,601.5714285714286,609.4333333333333,46.29,48.68,67.86,67.54,52.9,52.9,52.0,52.0,638.0
2016-06-30,660.0,996.0,662.0,619.0,48.05,67.51,52.9,52.0,2016,6,2,3,640.0,580.0,610.0,642.0,955.0,873.0,634.0,548.0,606.0,563.0,607.5714285714286,603.6428571428571,609.3333333333334,48.4,48.18,67.42,67.73,52.9,52.9,52.0,52.0,653.0
2016-07-01,677.0,1030.0,691.0,627.0,47.65,67.24,61.2,57.3,2016,7,3,4,660.0,585.0,609.0,634.0,996.0,878.0,662.0,556.0,619.0,570.0,619.0,607.2142857142857,609.9333333333333,48.05,48.43,67.51,67.49,52.9,52.9,52.0,52.0,671.0
2016-07-04,688.0,1049.0,710.0,633.0,48.02,67.36,61.2,57.3,2016,7,3,0,677.0,596.0,608.0,625.0,1030.0,897.0,691.0,569.0,627.0,577.0,632.1428571428571,612.0714285714286,611.3666666666667,47.65,48.63,67.24,67.29,61.2,52.9,57.3,52.0,681.0
2016-07-05,692.0,1034.0,735.0,637.0,45.64,67.4,61.2,57.3,2016,7,3,1,688.0,609.0,604.0,624.0,1049.0,913.0,710.0,585.0,633.0,583.0,645.2857142857143,617.7857142857143,613.4666666666667,48.02,46.69,67.36,67.82,61.2,52.9,57.3,52.0,687.0
2016-07-06,694.0,1019.0,755.0,639.0,45.7,67.45,61.2,57.3,2016,7,3,2,692.0,616.0,598.0,618.0,1034.0,919.0,735.0,601.0,637.0,587.0,657.1428571428571,624.0714285714286,615.7333333333333,45.64,45.07,67.4,67.92,61.2,52.9,57.3,52.0,685.0
2016-07-07,699.0,1008.0,779.0,644.0,45.93,67.49,61.2,57.3,2016,7,3,3,694.0,627.0,587.0,605.0,1019.0,936.0,755.0,618.0,639.0,593.0,668.2857142857143,630.9285714285714,618.2666666666667,45.7,46.29,67.45,67.86,61.2,52.9,57.3,52.0,682.0
2016-07-08,703.0,1002.0,792.0,647.0,44.53,67.13,61.2,57.3,2016,7,3,4,699.0,640.0,582.0,601.0,1008.0,955.0,779.0,634.0,644.0,606.0,678.5714285714286,638.9285714285714,621.4,45.93,48.4,67.49,67.42,61.2,52.9,57.3,52.0,683.0
2016-07-11,704.0,991.0,799.0,651.0,44.04,67.11,61.2,57.3,2016,7,3,0,703.0,660.0,580.0,606.0,1002.0,996.0,792.0,662.0,647.0,619.0,687.5714285714286,647.5714285714286,624.8,44.53,48.05,67.13,67.51,61.2,52.9,57.3,52.0,687.0
2016-07-12,711.0,987.0,809.0,666.0,46.72,67.05,61.2,57.3,2016,7,3,1,704.0,677.0,585.0,612.0,991.0,1030.0,799.0,691.0,651.0,627.0,693.8571428571429,656.4285714285714,628.0666666666667,44.04,47.65,67.11,67.24,61.2,61.2,57.3,57.3,692.0
2016-07-13,726.0,1010.0,819.0,679.0,44.67,66.99,61.2,57.3,2016,7,3,2,711.0,688.0,596.0,612.0,987.0,1049.0,809.0,710.0,666.0,633.0,698.7142857142857,665.4285714285714,631.3666666666667,46.72,48.02,67.05,67.36,61.2,61.2,57.3,57.3,706.0
2016-07-14,738.0,1020.0,842.0,686.0,46.01,66.81,61.2,57.3,2016,7,3,3,726.0,692.0,609.0,606.0,1010.0,1034.0,819.0,735.0,679.0,637.0,704.1428571428571,674.7142857142857,635.1666666666666,44.67,45.64,66.99,67.4,61.2,61.2,57.3,57.3,718.0
2016-07-15,745.0,1023.0,863.0,693.0,46.25,67.07,61.2,57.3,2016,7,3,4,738.0,694.0,616.0,610.0,1020.0,1019.0,842.0,755.0,686.0,639.0,710.7142857142857,683.9285714285714,639.5666666666667,46.01,45.7,66.81,67.45,61.2,61.2,57.3,57.3,720.0
2016-07-18,748.0,1016.0,874.0,697.0,45.35,67.14,61.2,57.3,2016,7,3,0,745.0,699.0,627.0,607.0,1023.0,1008.0,863.0,779.0,693.0,644.0,718.0,693.1428571428571,644.0666666666667,46.25,45.93,67.07,67.49,61.2,61.2,57.3,57.3,716.25
2016-07-19,746.0,986.0,879.0,700.0,45.7,67.14,61.2,57.3,2016,7,3,1,748.0,703.0,640.0,606.0,1016.0,1002.0,874.0,792.0,697.0,647.0,725.0,701.7857142857143,648.7666666666667,45.35,44.53,67.14,67.13,61.2,61.2,57.3,57.3,715.0
2016-07-20,736.0,937.0,872.0,702.0,45.82,67.18,61.2,57.3,2016,7,3,2,746.0,704.0,660.0,610.0,986.0,991.0,879.0,799.0,700.0,651.0,731.1428571428571,709.3571428571429,653.4333333333333,45.7,44.04,67.14,67.11,61.2,61.2,57.3,57.3,711.0
2016-07-21,726.0,906.0,850.0,701.0,44.99,67.15,61.2,57.3,2016,7,3,3,736.0,711.0,677.0,611.0,937.0,987.0,872.0,809.0,702.0,666.0,735.7142857142857,714.7857142857143,657.6333333333333,45.82,46.72,67.18,67.05,61.2,61.2,57.3,57.3,712.0
2016-07-22,718.0,895.0,827.0,698.0,44.24,67.19,61.2,57.3,2016,7,3,4,726.0,726.0,688.0,610.0,906.0,1010.0,850.0,819.0,701.0,679.0,737.8571428571429,718.2857142857143,661.4666666666667,44.99,44.67,67.15,66.99,61.2,61.2,57.3,57.3,720.0
2016-07-25,709.0,877.0,806.0,697.0,43.76,67.41,61.2,57.3,2016,7,3,0,718.0,738.0,692.0,609.0,895.0,1020.0,827.0,842.0,698.0,686.0,736.7142857142857,720.4285714285714,665.0666666666667,44.24,46.01,67.19,66.81,61.2,61.2,57.3,57.3,724.0
2016-07-26,696.0,841.0,784.0,690.0,43.56,67.34,61.2,57.3,2016,7,3,1,709.0,745.0,694.0,608.0,877.0,1023.0,806.0,863.0,697.0,693.0,732.5714285714286,721.6428571428571,668.4,43.76,46.25,67.41,67.07,61.2,61.2,57.3,57.3,745.0
2016-07-27,679.0,803.0,752.0,684.0,42.78,67.14,61.2,57.3,2016,7,3,2,696.0,748.0,699.0,604.0,841.0,1016.0,784.0,874.0,690.0,697.0,725.5714285714286,721.7857142857143,671.3333333333334,43.56,45.35,67.34,67.14,61.2,61.2,57.3,57.3,773.0
2016-07-28,665.0,780.0,719.0,676.0,41.87,66.96,61.2,57.3,2016,7,3,3,679.0,746.0,703.0,598.0,803.0,986.0,752.0,879.0,684.0,700.0,715.7142857142857,720.3571428571429,673.8333333333334,42.78,45.7,67.14,67.14,61.2,61.2,57.3,57.3,792.0
2016-07-29,656.0,768.0,692.0,671.0,40.76,66.77,61.2,57.3,2016,7,3,4,665.0,736.0,704.0,587.0,780.0,937.0,719.0,872.0,676.0,702.0,704.1428571428571,717.6428571428571,676.0666666666667,41.87,45.82,66.96,67.18,61.2,61.2,57.3,57.3,804.0
2016-08-01,650.0,757.0,673.0,667.0,40.17,66.63,67.4,60.9,2016,8,3,0,656.0,726.0,711.0,582.0,768.0,906.0,692.0,850.0,671.0,701.0,692.7142857142857,714.2142857142857,678.3666666666667,40.76,44.99,66.77,67.15,61.2,61.2,57.3,57.3,804.0
2016-08-02,645.0,757.0,658.0,663.0,40.0,66.65,67.4,60.9,2016,8,3,1,650.0,718.0,726.0,580.0,757.0,895.0,673.0,827.0,667.0,698.0,681.8571428571429,709.8571428571429,680.6333333333333,40.17,44.24,66.63,67.19,67.4,61.2,60.9,57.3,796.0
2016-08-03,641.0,758.0,648.0,660.0,40.45,66.8,67.4,60.9,2016,8,3,2,645.0,709.0,738.0,585.0,757.0,877.0,658.0,806.0,663.0,697.0,671.4285714285714,704.0714285714286,682.8,40.0,43.76,66.65,67.41,67.4,61.2,60.9,57.3,756.0
2016-08-04,636.0,759.0,641.0,654.0,41.33,66.76,67.4,60.9,2016,8,3,3,641.0,696.0,745.0,596.0,758.0,841.0,648.0,784.0,660.0,690.0,661.7142857142857,697.1428571428571,684.6666666666666,40.45,43.56,66.8,67.34,67.4,61.2,60.9,57.3,764.0
2016-08-05,636.0,770.0,640.0,647.0,42.47,66.84,67.4,60.9,2016,8,3,4,636.0,679.0,748.0,609.0,759.0,803.0,641.0,752.0,654.0,684.0,653.1428571428571,689.3571428571429,686.0,41.33,42.78,66.76,67.14,67.4,61.2,60.9,57.3,800.0
2016-08-08,636.0,777.0,638.0,645.0,43.24,66.82,67.4,60.9,2016,8,3,0,636.0,665.0,746.0,616.0,770.0,780.0,640.0,719.0,647.0,676.0,647.0,681.3571428571429,686.9,42.47,41.87,66.84,66.96,67.4,61.2,60.9,57.3,836.0
2016-08-09,631.0,770.0,642.0,642.0,43.37,66.76,67.4,60.9,2016,8,3,1,636.0,656.0,736.0,627.0,777.0,768.0,638.0,692.0,645.0,671.0,642.8571428571429,673.5,687.5666666666667,43.24,40.76,66.82,66.77,67.4,61.2,60.9,57.3,865.0
2016-08-10,638.0,795.0,659.0,639.0,42.19,66.72,67.4,60.9,2016,8,3,2,631.0,650.0,726.0,640.0,770.0,757.0,642.0,673.0,642.0,667.0,639.2857142857143,666.0,687.7,43.37,40.17,66.76,66.63,67.4,67.4,60.9,60.9,903.0
2016-08-11,653.0,833.0,687.0,640.0,44.23,66.75,67.4,60.9,2016,8,3,3,638.0,645.0,718.0,660.0,795.0,757.0,659.0,658.0,639.0,663.0,637.5714285714286,659.7142857142857,687.6333333333333,42.19,40.0,66.72,66.65,67.4,67.4,60.9,60.9,937.0
2016-08-12,671.0,891.0,703.0,643.0,45.12,66.82,67.4,60.9,2016,8,3,4,653.0,641.0,709.0,677.0,833.0,758.0,687.0,648.0,640.0,660.0,638.7142857142857,655.0714285714286,687.4,44.23,40.45,66.75,66.8,67.4,67.4,60.9,60.9,941.0
2016-08-15,681.0,920.0,713.0,646.0,47.31,66.85,67.4,60.9,2016,8,3,0,671.0,636.0,696.0,688.0,891.0,759.0,703.0,641.0,643.0,654.0,643.0,652.3571428571429,687.2,45.12,41.33,66.82,66.76,67.4,67.4,60.9,60.9,934.0
2016-08-16,687.0,926.0,721.0,652.0,48.27,66.83,67.4,60.9,2016,8,3,1,681.0,636.0,679.0,692.0,920.0,770.0,713.0,640.0,646.0,647.0,649.4285714285714,651.2857142857143,686.9666666666667,47.31,42.47,66.85,66.84,67.4,67.4,60.9,60.9,930.0
2016-08-17,685.0,885.0,726.0,666.0,48.58,66.96,67.4,60.9,2016,8,3,2,687.0,636.0,665.0,694.0,926.0,777.0,721.0,638.0,652.0,645.0,656.7142857142857,651.8571428571429,686.8,48.27,43.24,66.83,66.82,67.4,67.4,60.9,60.9,912.0
2016-08-18,682.0,852.0,727.0,677.0,49.46,66.83,67.4,60.9,2016,8,3,3,685.0,631.0,656.0,699.0,885.0,770.0,726.0,642.0,666.0,642.0,663.7142857142857,653.2857142857143,686.5,48.58,43.37,66.96,66.76,67.4,67.4,60.9,60.9,888.0
2016-08-19,683.0,843.0,727.0,686.0,49.39,67.13,67.4,60.9,2016,8,3,4,682.0,638.0,650.0,703.0,852.0,795.0,727.0,659.0,677.0,639.0,671.0,655.1428571428571,685.9333333333333,49.46,42.19,66.83,66.72,67.4,67.4,60.9,60.9,875.0
2016-08-22,687.0,848.0,721.0,694.0,48.1,67.18,67.4,60.9,2016,8,3,0,683.0,653.0,645.0,704.0,843.0,833.0,727.0,687.0,686.0,640.0,677.4285714285714,657.5,685.2666666666667,49.39,44.23,67.13,66.75,67.4,67.4,60.9,60.9,864.0
2016-08-23,692.0,861.0,714.0,702.0,48.7,67.09,67.4,60.9,2016,8,3,1,687.0,671.0,641.0,711.0,848.0,891.0,721.0,703.0,694.0,643.0,682.2857142857143,660.5,684.7,48.1,45.12,67.18,66.82,67.4,67.4,60.9,60.9,860.0
2016-08-24,706.0,910.0,706.0,707.0,47.56,67.14,67.4,60.9,2016,8,3,2,692.0,681.0,636.0,726.0,861.0,920.0,714.0,713.0,702.0,646.0,685.2857142857143,664.1428571428571,684.0666666666667,48.7,47.31,67.09,66.85,67.4,67.4,60.9,60.9,869.0
2016-08-25,718.0,974.0,700.0,712.0,49.25,67.01,67.4,60.9,2016,8,3,3,706.0,687.0,636.0,738.0,910.0,926.0,706.0,721.0,707.0,652.0,688.8571428571429,669.1428571428571,683.4,47.56,48.27,67.14,66.83,67.4,67.4,60.9,60.9,915.0
2016-08-26,720.0,1001.0,687.0,715.0,49.66,66.98,67.4,60.9,2016,8,3,4,718.0,685.0,636.0,745.0,974.0,885.0,700.0,726.0,712.0,666.0,693.2857142857143,675.0,682.7333333333333,49.25,48.58,67.01,66.96,67.4,67.4,60.9,60.9,921.0
2016-08-29,716.25,989.75,677.25,718.0,49.66,67.15,67.4,60.9,2016,8,3,0,720.0,682.0,631.0,748.0,1001.0,852.0,687.0,727.0,715.0,677.0,698.2857142857143,681.0,681.9,49.66,49.46,66.98,66.83,67.4,67.4,60.9,60.9,922.0
2016-08-30,715.0,986.0,674.0,719.0,47.94,67.14,67.4,60.9,2016,8,3,1,716.25,683.0,638.0,746.0,989.75,843.0,677.25,727.0,718.0,686.0,703.1785714285714,687.0892857142857,680.8416666666667,49.66,49.39,67.15,67.13,67.4,67.4,60.9,60.9,922.0
2016-08-31,711.0,978.0,660.0,721.0,47.94,66.94,67.4,60.9,2016,8,3,2,715.0,687.0,653.0,736.0,986.0,848.0,674.0,721.0,719.0,694.0,707.75,692.5892857142857,679.8083333333333,47.94,48.1,67.14,67.18,67.4,67.4,60.9,60.9,906.0
2016-09-01,712.0,1002.0,652.0,723.0,45.05,66.85,72.7,57.8,2016,9,3,3,711.0,692.0,671.0,726.0,978.0,861.0,660.0,714.0,721.0,702.0,711.1785714285714,696.7321428571429,678.975,47.94,48.7,66.94,67.09,67.4,67.4,60.9,60.9,885.0
2016-09-02,720.0,1054.0,644.0,721.0,45.96,66.6,72.7,57.8,2016,9,3,4,712.0,706.0,681.0,718.0,1002.0,910.0,652.0,706.0,723.0,707.0,714.0357142857143,699.6607142857143,678.5083333333333,45.05,47.56,66.85,67.14,72.7,67.4,57.8,60.9,892.0
2016-09-05,724.0,1079.0,640.0,718.0,46.72,66.36,72.7,57.8,2016,9,3,0,720.0,718.0,687.0,709.0,1054.0,974.0,644.0,700.0,721.0,712.0,716.0357142857143,702.4464285714286,678.575,45.96,49.25,66.6,67.01,72.7,67.4,57.8,60.9,894.0
2016-09-06,745.0,1182.0,641.0,714.0,46.21,66.28,72.7,57.8,2016,9,3,1,724.0,720.0,685.0,696.0,1079.0,1001.0,640.0,687.0,718.0,715.0,716.8928571428571,705.0892857142857,679.075,46.72,49.66,66.36,66.98,72.7,67.4,57.8,60.9,890.0
2016-09-07,773.0,1371.0,648.0,702.0,47.0,66.42,72.7,57.8,2016,9,3,2,745.0,716.25,682.0,679.0,1182.0,989.75,641.0,677.25,714.0,718.0,720.4642857142857,709.375,680.7083333333334,46.21,49.66,66.28,67.15,72.7,67.4,57.8,60.9,872.0
2016-09-08,792.0,1478.0,655.0,694.0,49.23,66.52,72.7,57.8,2016,9,3,3,773.0,715.0,683.0,665.0,1371.0,986.0,648.0,674.0,702.0,719.0,728.5714285714286,715.875,683.8416666666667,47.0,47.94,66.42,67.14,72.7,67.4,57.8,60.9,849.0
2016-09-09,804.0,1566.0,658.0,688.0,48.37,66.76,72.7,57.8,2016,9,3,4,792.0,711.0,687.0,656.0,1478.0,978.0,655.0,660.0,694.0,721.0,739.5714285714286,723.6607142857143,688.075,49.23,47.94,66.52,66.94,72.7,67.4,57.8,60.9,842.0
2016-09-12,804.0,1581.0,659.0,681.0,47.82,66.79,72.7,57.8,2016,9,3,0,804.0,712.0,692.0,650.0,1566.0,1002.0,658.0,652.0,688.0,723.0,752.8571428571429,732.0178571428571,693.0083333333333,48.37,45.05,66.76,66.85,72.7,72.7,57.8,57.8,831.0
2016-09-13,796.0,1607.0,656.0,671.0,46.48,67.03,72.7,57.8,2016,9,3,1,804.0,720.0,706.0,645.0,1581.0,1054.0,659.0,644.0,681.0,721.0,766.0,740.0178571428571,698.1416666666667,47.82,45.96,66.79,66.6,72.7,72.7,57.8,57.8,813.0
2016-09-14,756.0,1444.0,649.0,665.0,45.65,66.78,72.7,57.8,2016,9,3,2,796.0,724.0,718.0,641.0,1607.0,1079.0,656.0,640.0,671.0,718.0,776.8571428571429,746.4464285714286,703.175,46.48,46.72,67.03,66.36,72.7,72.7,57.8,57.8,802.0
2016-09-15,764.0,1487.0,645.0,661.0,45.83,66.84,72.7,57.8,2016,9,3,3,756.0,745.0,720.0,636.0,1444.0,1182.0,649.0,641.0,665.0,714.0,781.4285714285714,749.1607142857143,707.0083333333333,45.65,46.21,66.78,66.28,72.7,72.7,57.8,57.8,798.0
2016-09-16,800.0,1680.0,646.0,660.0,45.26,67.1,72.7,57.8,2016,9,3,4,764.0,773.0,716.25,636.0,1487.0,1371.0,645.0,648.0,661.0,702.0,784.1428571428571,752.3035714285714,711.275,45.83,47.0,66.84,66.42,72.7,72.7,57.8,57.8,834.0
2016-09-19,836.0,1853.0,650.0,661.0,46.04,66.94,72.7,57.8,2016,9,3,0,800.0,792.0,715.0,636.0,1680.0,1478.0,646.0,655.0,660.0,694.0,788.0,758.2857142857143,716.7416666666667,45.26,49.23,67.1,66.52,72.7,72.7,57.8,57.8,857.0
2016-09-20,865.0,1964.0,657.0,660.0,45.24,66.97,72.7,57.8,2016,9,3,1,836.0,804.0,711.0,631.0,1853.0,1566.0,650.0,658.0,661.0,688.0,794.2857142857143,766.9285714285714,723.4083333333333,46.04,48.37,66.94,66.76,72.7,72.7,57.8,57.8,838.0
2016-09-21,903.0,2118.0,673.0,662.0,45.99,66.99,72.7,57.8,2016,9,3,2,865.0,804.0,712.0,638.0,1964.0,1581.0,657.0,659.0,660.0,681.0,803.0,777.9285714285714,731.2083333333334,45.24,47.82,66.97,66.79,72.7,72.7,57.8,57.8,834.0
2016-09-22,937.0,2389.0,700.0,688.0,47.21,66.6,72.7,57.8,2016,9,3,3,903.0,796.0,720.0,653.0,2118.0,1607.0,673.0,656.0,662.0,671.0,817.1428571428571,791.5714285714286,740.0416666666666,45.99,46.48,66.99,67.03,72.7,72.7,57.8,57.8,849.0
2016-09-23,941.0,2383.0,722.0,671.0,46.71,66.66,72.7,57.8,2016,9,3,4,937.0,756.0,724.0,671.0,2389.0,1444.0,700.0,649.0,688.0,665.0,837.2857142857143,807.0714285714286,749.5083333333333,47.21,45.65,66.6,66.78,72.7,72.7,57.8,57.8,855.0
2016-09-26,934.0,2325.0,739.0,673.0,46.61,66.56,72.7,57.8,2016,9,3,0,941.0,764.0,745.0,681.0,2383.0,1487.0,722.0,645.0,671.0,661.0,863.7142857142857,822.5714285714286,758.5083333333333,46.71,45.83,66.66,66.84,72.7,72.7,57.8,57.8,870.0
2016-09-27,930.0,2298.0,750.0,674.0,44.95,66.5,72.7,57.8,2016,9,3,1,934.0,800.0,773.0,687.0,2325.0,1680.0,739.0,646.0,673.0,660.0,888.0,836.0714285714286,766.9416666666667,46.61,45.26,66.56,67.1,72.7,72.7,57.8,57.8,911.0
2016-09-28,912.0,2196.0,751.0,676.0,45.49,66.5,72.7,57.8,2016,9,3,2,930.0,836.0,792.0,685.0,2298.0,1853.0,750.0,650.0,674.0,661.0,906.5714285714286,847.2857142857143,775.0416666666666,44.95,46.04,66.5,66.94,72.7,72.7,57.8,57.8,954.0
2016-09-29,888.0,2067.0,741.0,676.0,48.43,66.72,72.7,57.8,2016,9,3,3,912.0,865.0,804.0,682.0,2196.0,1964.0,751.0,657.0,676.0,660.0,917.4285714285714,855.8571428571429,782.6083333333333,45.49,45.24,66.5,66.97,72.7,72.7,57.8,57.8,974.0
2016-09-30,875.0,2008.0,726.0,679.0,48.24,66.58,72.7,57.8,2016,9,3,4,888.0,903.0,804.0,683.0,2067.0,2118.0,741.0,673.0,676.0,662.0,920.7142857142857,861.8571428571429,789.475,48.43,45.99,66.72,66.99,72.7,72.7,57.8,57.8,1045.0
2016-10-03,864.0,1971.0,713.0,681.0,48.61,66.52,94.2,59.1,2016,10,4,0,875.0,937.0,796.0,687.0,2008.0,2389.0,726.0,700.0,679.0,688.0,916.7142857142857,866.9285714285714,795.875,48.24,47.21,66.58,66.6,72.7,72.7,57.8,57.8,1065.0
2016-10-04,860.0,1970.0,705.0,681.0,48.81,66.49,94.2,59.1,2016,10,4,1,864.0,941.0,756.0,692.0,1971.0,2383.0,713.0,722.0,681.0,671.0,906.2857142857143,871.7857142857143,801.775,48.61,46.71,66.52,66.66,94.2,72.7,59.1,57.8,1084.0
2016-10-05,869.0,2012.0,699.0,680.0,49.57,66.53,94.2,59.1,2016,10,4,2,860.0,934.0,764.0,706.0,1970.0,2325.0,705.0,739.0,681.0,673.0,894.7142857142857,879.2142857142857,807.375,48.81,46.61,66.49,66.56,94.2,72.7,59.1,57.8,1145.0
2016-10-06,915.0,2218.0,704.0,678.0,50.14,66.7,94.2,59.1,2016,10,4,3,869.0,930.0,800.0,718.0,2012.0,2298.0,699.0,750.0,680.0,674.0,885.4285714285714,886.7142857142857,812.8083333333333,49.57,44.95,66.53,66.5,94.2,72.7,59.1,57.8,1231.0
2016-10-07,921.0,2245.0,717.0,677.0,50.49,66.61,94.2,59.1,2016,10,4,4,915.0,912.0,836.0,720.0,2218.0,2196.0,704.0,751.0,678.0,676.0,883.2857142857143,894.9285714285714,819.375,50.14,45.49,66.7,66.5,94.2,72.7,59.1,57.8,1257.0
2016-10-10,922.0,2235.0,729.0,677.0,51.54,66.76,94.2,59.1,2016,10,4,0,921.0,888.0,865.0,716.25,2245.0,2067.0,717.0,741.0,677.0,676.0,884.5714285714286,901.0,826.075,50.49,48.43,66.61,66.72,94.2,72.7,59.1,57.8,1240.0
2016-10-11,922.0,2235.0,745.0,676.0,50.48,66.81,94.2,59.1,2016,10,4,1,922.0,875.0,903.0,715.0,2235.0,2008.0,729.0,726.0,677.0,679.0,889.4285714285714,905.0714285714286,832.9333333333333,51.54,48.24,66.76,66.58,94.2,72.7,59.1,57.8,1232.0
2016-10-12,906.0,2154.0,763.0,674.0,49.53,66.85,94.2,59.1,2016,10,4,2,922.0,864.0,937.0,711.0,2235.0,1971.0,745.0,713.0,676.0,681.0,896.1428571428571,906.4285714285714,839.8333333333334,50.48,48.61,66.81,66.52,94.2,94.2,59.1,59.1,1224.0
2016-10-13,885.0,2018.0,790.0,673.0,49.29,66.84,94.2,59.1,2016,10,4,3,906.0,860.0,941.0,712.0,2154.0,1970.0,763.0,705.0,674.0,681.0,902.1428571428571,904.2142857142857,846.3333333333334,49.53,48.81,66.85,66.49,94.2,94.2,59.1,59.1,1201.0
2016-10-14,892.0,2018.0,819.0,674.0,48.87,66.69,94.2,59.1,2016,10,4,4,885.0,869.0,934.0,720.0,2018.0,2012.0,790.0,699.0,673.0,680.0,905.7142857142857,900.2142857142857,852.1,49.29,49.57,66.84,66.53,94.2,94.2,59.1,59.1,1181.0
2016-10-17,894.0,2003.0,838.0,676.0,49.31,66.8,94.2,59.1,2016,10,4,0,892.0,915.0,930.0,724.0,2018.0,2218.0,819.0,704.0,674.0,678.0,909.0,897.2142857142857,857.8333333333334,48.87,50.14,66.69,66.7,94.2,94.2,59.1,59.1,1184.0
2016-10-18,890.0,1950.0,860.0,678.0,49.81,66.71,94.2,59.1,2016,10,4,1,894.0,921.0,912.0,745.0,2003.0,2245.0,838.0,717.0,676.0,677.0,906.0,894.6428571428571,863.5,49.31,50.49,66.8,66.61,94.2,94.2,59.1,59.1,1202.0
2016-10-19,872.0,1826.0,885.0,682.0,51.85,66.64,94.2,59.1,2016,10,4,2,890.0,922.0,888.0,773.0,1950.0,2235.0,860.0,729.0,678.0,677.0,901.5714285714286,893.0714285714286,868.3333333333334,49.81,51.54,66.71,66.76,94.2,94.2,59.1,59.1,1204.0
2016-10-20,849.0,1637.0,905.0,691.0,50.42,66.83,94.2,59.1,2016,10,4,3,872.0,922.0,875.0,792.0,1826.0,2235.0,885.0,745.0,682.0,676.0,894.4285714285714,891.9285714285714,871.6333333333333,51.85,50.48,66.64,66.81,94.2,94.2,59.1,59.1,1196.0
2016-10-21,842.0,1575.0,915.0,700.0,50.28,66.94,94.2,59.1,2016,10,4,4,849.0,906.0,864.0,804.0,1637.0,2154.0,905.0,763.0,691.0,674.0,884.0,890.0714285714286,873.5333333333333,50.42,49.53,66.83,66.85,94.2,94.2,59.1,59.1,1198.0
2016-10-24,831.0,1471.0,923.0,705.0,49.8,66.89,94.2,59.1,2016,10,4,0,842.0,885.0,860.0,804.0,1575.0,2018.0,915.0,790.0,700.0,673.0,874.8571428571429,888.5,874.8,50.28,49.29,66.94,66.84,94.2,94.2,59.1,59.1,1196.0
2016-10-25,813.0,1348.0,925.0,710.0,49.08,66.8,94.2,59.1,2016,10,4,1,831.0,892.0,869.0,796.0,1471.0,2018.0,923.0,819.0,705.0,674.0,867.1428571428571,886.4285714285714,875.7,49.8,48.87,66.89,66.69,94.2,94.2,59.1,59.1,1186.0
2016-10-26,802.0,1275.0,925.0,714.0,48.98,66.83,94.2,59.1,2016,10,4,2,813.0,894.0,915.0,756.0,1348.0,2003.0,925.0,838.0,710.0,676.0,855.8571428571429,882.4285714285714,876.2666666666667,49.08,49.31,66.8,66.8,94.2,94.2,59.1,59.1,1162.0
2016-10-27,798.0,1248.0,921.0,719.0,49.13,66.85,94.2,59.1,2016,10,4,3,802.0,890.0,921.0,764.0,1275.0,1950.0,925.0,860.0,714.0,678.0,842.7142857142857,874.3571428571429,877.8,48.98,49.81,66.83,66.71,94.2,94.2,59.1,59.1,1122.0
2016-10-28,834.0,1417.0,913.0,722.0,47.78,66.78,94.2,59.1,2016,10,4,4,798.0,872.0,922.0,800.0,1248.0,1826.0,921.0,885.0,719.0,682.0,829.5714285714286,865.5714285714286,878.9333333333333,49.13,51.85,66.85,66.64,94.2,94.2,59.1,59.1,1090.0
2016-10-31,857.0,1534.0,905.0,722.0,46.2,66.72,94.2,59.1,2016,10,4,0,834.0,849.0,922.0,836.0,1417.0,1637.0,913.0,905.0,722.0,691.0,824.1428571428571,859.2857142857143,880.0666666666667,47.78,50.42,66.78,66.83,94.2,94.2,59.1,59.1,1069.0
2016-11-01,838.0,1443.0,895.0,721.0,45.77,66.7,103.4,73.1,2016,11,4,1,857.0,842.0,906.0,865.0,1534.0,1575.0,905.0,915.0,722.0,700.0,825.2857142857143,854.6428571428571,880.7666666666667,46.2,50.28,66.72,66.94,94.2,94.2,59.1,59.1,1052.0
2016-11-02,834.0,1451.0,885.0,718.0,44.26,66.66,103.4,73.1,2016,11,4,2,838.0,831.0,885.0,903.0,1443.0,1471.0,895.0,923.0,721.0,705.0,824.7142857142857,849.7857142857143,879.8666666666667,45.77,49.8,66.7,66.89,103.4,94.2,73.1,59.1,1003.0
2016-11-03,849.0,1544.0,886.0,718.0,43.84,66.68,103.4,73.1,2016,11,4,3,834.0,813.0,892.0,937.0,1451.0,1348.0,885.0,925.0,718.0,710.0,825.1428571428571,846.1428571428571,877.5666666666667,44.26,49.08,66.66,66.8,103.4,94.2,73.1,59.1,966.0
2016-11-04,855.0,1593.0,885.0,716.0,43.06,66.75,103.4,73.1,2016,11,4,4,849.0,802.0,894.0,941.0,1544.0,1275.0,886.0,925.0,718.0,714.0,830.2857142857143,843.0714285714286,874.6333333333333,43.84,48.98,66.68,66.83,103.4,94.2,73.1,59.1,946.0
2016-11-07,870.0,1636.0,889.0,712.0,42.83,66.73,103.4,73.1,2016,11,4,0,855.0,798.0,890.0,934.0,1593.0,1248.0,885.0,921.0,716.0,719.0,837.8571428571429,840.2857142857143,871.7666666666667,43.06,49.13,66.75,66.85,103.4,94.2,73.1,59.1,927.0
2016-11-08,911.0,1786.0,903.0,708.0,43.47,66.39,103.4,73.1,2016,11,4,1,870.0,834.0,872.0,930.0,1636.0,1417.0,889.0,913.0,712.0,722.0,848.1428571428571,838.8571428571429,869.6333333333333,42.83,47.78,66.73,66.78,103.4,94.2,73.1,59.1,914.0
2016-11-09,954.0,1954.0,927.0,703.0,43.88,66.48,103.4,73.1,2016,11,4,2,911.0,857.0,849.0,912.0,1786.0,1534.0,903.0,905.0,708.0,722.0,859.1428571428571,841.6428571428571,869.0,43.47,46.2,66.39,66.72,103.4,94.2,73.1,59.1,926.0
2016-11-10,974.0,2010.0,956.0,703.0,43.67,66.86,103.4,73.1,2016,11,4,3,954.0,838.0,842.0,888.0,1954.0,1443.0,927.0,895.0,703.0,721.0,873.0,849.1428571428571,870.4,43.88,45.77,66.48,66.7,103.4,103.4,73.1,73.1,928.0
2016-11-11,1045.0,2303.0,1011.0,705.0,41.61,67.09,103.4,73.1,2016,11,4,4,974.0,834.0,831.0,875.0,2010.0,1451.0,956.0,885.0,703.0,718.0,892.4285714285714,858.5714285714286,873.2666666666667,43.67,44.26,66.86,66.66,103.4,103.4,73.1,73.1,961.0
2016-11-14,1065.0,2338.0,1058.0,707.0,41.83,67.78,103.4,73.1,2016,11,4,0,1045.0,849.0,813.0,864.0,2303.0,1544.0,1011.0,886.0,705.0,718.0,922.5714285714286,873.8571428571429,878.9333333333333,41.61,43.84,67.09,66.68,103.4,103.4,73.1,73.1,958.0909090909092
2016-11-15,1084.0,2282.0,1162.0,713.0,44.15,67.8,103.4,73.1,2016,11,4,1,1065.0,855.0,802.0,860.0,2338.0,1593.0,1058.0,885.0,707.0,716.0,953.4285714285714,891.8571428571429,885.6333333333333,41.83,43.06,67.78,66.75,103.4,103.4,73.1,73.1,957.3636363636364
2016-11-16,1145.0,2441.0,1263.0,722.0,45.07,68.07,103.4,73.1,2016,11,4,2,1084.0,870.0,798.0,869.0,2282.0,1636.0,1162.0,889.0,713.0,712.0,986.1428571428571,912.0,893.1,44.15,42.83,67.8,66.73,103.4,103.4,73.1,73.1,956.6363636363636
2016-11-17,1231.0,2731.0,1353.0,748.0,44.57,67.93,103.4,73.1,2016,11,4,3,1145.0,911.0,834.0,915.0,2441.0,1786.0,1263.0,903.0,722.0,708.0,1025.4285714285713,936.7857142857143,902.3,45.07,43.47,68.07,66.39,103.4,103.4,73.1,73.1,955.9090909090908
2016-11-18,1257.0,2752.0,1388.0,809.0,44.41,68.12,103.4,73.1,2016,11,4,4,1231.0,954.0,857.0,921.0,2731.0,1954.0,1353.0,927.0,748.0,703.0,1071.142857142857,965.1428571428571,912.8333333333334,44.57,43.88,67.93,66.48,103.4,103.4,73.1,73.1,953.0
2016-11-21,1240.0,2638.0,1387.0,835.0,45.96,68.23,103.4,73.1,2016,11,4,0,1257.0,974.0,838.0,922.0,2752.0,2010.0,1388.0,956.0,809.0,703.0,1114.4285714285713,993.7142857142857,924.0333333333333,44.41,43.67,68.12,66.86,103.4,103.4,73.1,73.1,969.0
2016-11-22,1232.0,2598.0,1382.0,852.0,46.1,68.4,103.4,73.1,2016,11,4,1,1240.0,1045.0,834.0,922.0,2638.0,2303.0,1387.0,1011.0,835.0,705.0,1152.4285714285713,1022.4285714285714,934.6333333333333,45.96,41.61,68.23,67.09,103.4,103.4,73.1,73.1,983.0
2016-11-23,1224.0,2507.0,1387.0,874.0,46.54,68.86,103.4,73.1,2016,11,4,2,1232.0,1065.0,849.0,906.0,2598.0,2338.0,1382.0,1058.0,852.0,707.0,1179.142857142857,1050.857142857143,944.9666666666667,46.1,41.83,68.4,67.78,103.4,103.4,73.1,73.1,963.0
2016-11-24,1201.0,2374.0,1385.0,897.0,47.54,68.725,103.4,73.1,2016,11,4,3,1224.0,1084.0,855.0,885.0,2507.0,2282.0,1387.0,1162.0,874.0,713.0,1201.857142857143,1077.642857142857,955.5666666666667,46.54,44.15,68.86,67.8,103.4,103.4,73.1,73.1,949.0
2016-11-25,1181.0,2263.0,1389.0,908.0,46.32,68.59,103.4,73.1,2016,11,4,4,1201.0,1145.0,870.0,892.0,2374.0,2441.0,1385.0,1263.0,897.0,722.0,1218.5714285714287,1102.357142857143,966.1,47.54,45.07,68.725,68.07,103.4,103.4,73.1,73.1,926.0
2016-11-28,1184.0,2260.0,1400.0,904.0,46.64,68.56,103.4,73.1,2016,11,4,0,1181.0,1231.0,911.0,894.0,2263.0,2731.0,1389.0,1353.0,908.0,748.0,1223.7142857142858,1124.5714285714287,975.7333333333333,46.32,44.57,68.59,67.93,103.4,103.4,73.1,73.1,894.0
2016-11-29,1202.0,2304.0,1424.0,908.0,44.68,68.64,103.4,73.1,2016,11,4,1,1184.0,1257.0,954.0,890.0,2260.0,2752.0,1400.0,1388.0,904.0,809.0,1217.0,1144.0714285714287,985.4,46.64,44.41,68.56,68.12,103.4,103.4,73.1,73.1,892.0
2016-11-30,1204.0,2263.0,1465.0,912.0,47.95,68.56,103.4,73.1,2016,11,4,2,1202.0,1240.0,974.0,872.0,2304.0,2638.0,1424.0,1387.0,908.0,835.0,1209.142857142857,1161.7857142857142,995.8,44.68,45.96,68.64,68.23,103.4,103.4,73.1,73.1,910.0
2016-12-01,1196.0,2206.0,1486.0,917.0,52.28,68.29,88.2,80.0,2016,12,4,3,1204.0,1232.0,1045.0,849.0,2263.0,2598.0,1465.0,1382.0,912.0,852.0,1204.0,1178.2142857142858,1006.8666666666667,47.95,46.1,68.56,68.4,103.4,103.4,73.1,73.1,925.0
2016-12-02,1198.0,2193.0,1508.0,921.0,52.35,68.04,88.2,80.0,2016,12,4,4,1196.0,1224.0,1065.0,842.0,2206.0,2507.0,1486.0,1387.0,917.0,874.0,1198.857142857143,1189.0,1018.4333333333333,52.28,46.54,68.29,68.86,88.2,103.4,80.0,73.1,922.0
2016-12-05,1196.0,2137.0,1541.0,929.0,53.3,68.06,88.2,80.0,2016,12,4,0,1198.0,1201.0,1084.0,831.0,2193.0,2374.0,1508.0,1385.0,921.0,897.0,1195.142857142857,1198.5,1030.3,52.35,47.54,68.04,68.725,88.2,103.4,80.0,73.1,952.0
2016-12-06,1186.0,2067.0,1563.0,934.0,52.31,67.72,88.2,80.0,2016,12,4,1,1196.0,1181.0,1145.0,813.0,2137.0,2263.0,1541.0,1389.0,929.0,908.0,1194.4285714285713,1206.5,1042.4666666666667,53.3,46.32,68.06,68.59,88.2,103.4,80.0,73.1,942.0
2016-12-07,1162.0,1935.0,1565.0,941.0,51.9,67.5,88.2,80.0,2016,12,4,2,1186.0,1184.0,1231.0,802.0,2067.0,2260.0,1563.0,1400.0,934.0,904.0,1195.142857142857,1209.4285714285713,1054.9,52.31,46.64,67.72,68.56,88.2,103.4,80.0,73.1,925.0
2016-12-08,1122.0,1724.0,1547.0,957.0,51.6,67.42,88.2,80.0,2016,12,4,3,1162.0,1202.0,1257.0,798.0,1935.0,2304.0,1565.0,1424.0,941.0,908.0,1192.0,1204.5,1066.9,51.9,44.68,67.5,68.64,88.2,103.4,80.0,73.1,914.0
2016-12-09,1090.0,1575.0,1508.0,966.0,52.19,67.51,88.2,80.0,2016,12,4,4,1122.0,1204.0,1240.0,834.0,1724.0,2263.0,1547.0,1465.0,957.0,912.0,1180.5714285714287,1194.857142857143,1077.7,51.6,47.95,67.42,68.56,88.2,103.4,80.0,73.1,886.0
2016-12-12,1069.0,1464.0,1469.0,968.0,53.99,67.38,88.2,80.0,2016,12,4,0,1090.0,1196.0,1232.0,857.0,1575.0,2206.0,1508.0,1486.0,966.0,917.0,1164.2857142857142,1184.142857142857,1086.2333333333333,52.19,52.28,67.51,68.29,88.2,88.2,80.0,80.0,862.0
2016-12-13,1052.0,1404.0,1419.0,972.0,53.28,67.47,88.2,80.0,2016,12,4,1,1069.0,1198.0,1224.0,838.0,1464.0,2193.0,1469.0,1508.0,968.0,921.0,1146.142857142857,1172.5,1093.3,53.99,52.35,67.38,68.04,88.2,88.2,80.0,80.0,840.0
2016-12-14,1003.0,1169.0,1332.0,975.0,53.15,67.43,88.2,80.0,2016,12,4,2,1052.0,1196.0,1201.0,834.0,1404.0,2137.0,1419.0,1541.0,972.0,929.0,1125.2857142857142,1160.2142857142858,1100.4333333333334,53.28,53.3,67.47,68.06,88.2,88.2,80.0,80.0,827.0
2016-12-15,966.0,1058.0,1234.0,968.0,51.72,67.91,88.2,80.0,2016,12,4,3,1003.0,1186.0,1181.0,849.0,1169.0,2067.0,1332.0,1563.0,975.0,934.0,1097.7142857142858,1146.0714285714287,1106.0666666666666,53.15,52.31,67.43,67.72,88.2,88.2,80.0,80.0,816.0
2016-12-16,946.0,1048.0,1126.0,960.0,54.15,67.82,88.2,80.0,2016,12,4,4,966.0,1162.0,1184.0,855.0,1058.0,1935.0,1234.0,1565.0,968.0,941.0,1066.2857142857142,1130.7142857142858,1109.9666666666667,51.72,51.9,67.91,67.5,88.2,88.2,80.0,80.0,800.0
2016-12-19,927.0,1039.0,1037.0,953.0,53.53,67.83,88.2,80.0,2016,12,4,0,946.0,1122.0,1202.0,870.0,1048.0,1724.0,1126.0,1547.0,960.0,957.0,1035.4285714285713,1113.7142857142858,1113.0,54.15,51.6,67.82,67.42,88.2,88.2,80.0,80.0,786.0
2016-12-20,914.0,1044.0,976.0,941.0,54.56,67.97,88.2,80.0,2016,12,4,1,927.0,1090.0,1204.0,911.0,1039.0,1575.0,1037.0,1508.0,953.0,966.0,1007.5714285714286,1094.0714285714287,1114.9,53.53,52.19,67.83,67.51,88.2,88.2,80.0,80.0,770.0
2016-12-21,926.0,1144.0,905.0,926.0,53.01,67.82,88.2,80.0,2016,12,4,2,914.0,1069.0,1196.0,954.0,1044.0,1464.0,976.0,1469.0,941.0,968.0,982.4285714285714,1073.357142857143,1115.0,54.56,53.99,67.97,67.38,88.2,88.2,80.0,80.0,752.0
2016-12-22,928.0,1219.0,866.0,914.0,54.04,67.86,88.2,80.0,2016,12,4,3,926.0,1052.0,1198.0,974.0,1144.0,1404.0,905.0,1419.0,926.0,972.0,962.0,1054.0714285714287,1114.0666666666666,53.01,53.28,67.82,67.47,88.2,88.2,80.0,80.0,735.0
2016-12-23,961.0,1385.0,852.0,903.0,53.93,67.84,88.2,80.0,2016,12,4,4,928.0,1003.0,1196.0,1045.0,1219.0,1169.0,866.0,1332.0,914.0,975.0,944.2857142857143,1034.7857142857142,1112.5333333333333,54.04,53.15,67.86,67.43,88.2,88.2,80.0,80.0,714.0
2016-12-27,958.0909090909092,1440.6363636363635,837.0909090909091,881.1818181818181,54.746,68.01,88.2,80.0,2016,12,4,1,961.0,966.0,1186.0,1065.0,1385.0,1058.0,852.0,1234.0,903.0,968.0,938.2857142857143,1018.0,1109.7333333333333,53.93,51.72,67.84,67.91,88.2,88.2,80.0,80.0,702.0
2016-12-28,957.3636363636364,1454.5454545454545,833.3636363636364,875.7272727272727,54.95,68.2,88.2,80.0,2016,12,4,2,958.0909090909092,946.0,1162.0,1084.0,1440.6363636363635,1048.0,837.0909090909091,1126.0,881.1818181818181,960.0,937.1558441558442,1001.7207792207791,1106.169696969697,54.746,54.15,68.01,67.82,88.2,88.2,80.0,80.0,707.0
2016-12-29,956.6363636363636,1468.4545454545455,829.6363636363636,870.2727272727273,54.97,67.91,88.2,80.0,2016,12,4,3,957.3636363636364,927.0,1122.0,1145.0,1454.5454545454545,1039.0,833.3636363636364,1037.0,875.7272727272727,953.0,938.7792207792209,987.1038961038961,1101.948484848485,54.95,53.53,68.2,67.83,88.2,88.2,80.0,80.0,702.0
2016-12-30,955.9090909090908,1482.3636363636365,825.9090909090909,864.8181818181819,54.96,67.92,88.2,80.0,2016,12,4,4,956.6363636363636,914.0,1090.0,1231.0,1468.4545454545455,1044.0,829.6363636363636,976.0,870.2727272727273,941.0,943.012987012987,975.2922077922077,1095.669696969697,54.97,54.56,67.91,67.97,88.2,88.2,80.0,80.0,688.0
2017-01-03,953.0,1538.0,811.0,843.0,55.05,68.37,83.7,80.4,2017,1,1,1,955.9090909090908,926.0,1069.0,1257.0,1482.3636363636365,1144.0,825.9090909090909,905.0,864.8181818181819,926.0,949.0,965.7142857142857,1086.5,54.96,53.01,67.92,67.82,88.2,88.2,80.0,80.0,685.0
2017-01-04,969.0,1674.0,807.0,820.0,54.57,67.9,83.7,80.4,2017,1,1,2,953.0,928.0,1052.0,1240.0,1538.0,1219.0,811.0,866.0,843.0,914.0,952.8571428571429,957.4285714285714,1076.3666666666666,55.05,54.04,68.37,67.86,83.7,88.2,80.4,80.0,688.0
2017-01-05,983.0,1759.0,837.0,795.0,54.99,67.74,83.7,80.4,2017,1,1,3,969.0,961.0,1003.0,1232.0,1674.0,1385.0,807.0,852.0,820.0,903.0,958.7142857142857,951.5,1067.3333333333333,54.57,53.93,67.9,67.84,83.7,88.2,80.4,80.0,710.0
2017-01-06,963.0,1658.0,892.0,783.0,55.9,68.12,83.7,80.4,2017,1,1,4,983.0,958.0909090909092,966.0,1224.0,1759.0,1440.6363636363635,837.0,837.0909090909091,795.0,881.1818181818181,961.8571428571429,950.0714285714286,1059.0333333333333,54.99,54.746,67.74,68.01,83.7,88.2,80.4,80.0,741.0
2017-01-09,949.0,1598.0,927.0,772.0,54.39,68.08,83.7,80.4,2017,1,1,0,963.0,957.3636363636364,946.0,1201.0,1658.0,1454.5454545454545,892.0,833.3636363636364,783.0,875.7272727272727,962.5584415584416,949.8571428571429,1050.3333333333333,55.9,54.95,68.12,68.2,83.7,88.2,80.4,80.0,757.0
2017-01-10,926.0,1470.0,973.0,766.0,53.2,68.25,83.7,80.4,2017,1,1,1,949.0,956.6363636363636,927.0,1181.0,1598.0,1468.4545454545455,927.0,829.6363636363636,772.0,870.2727272727273,961.3636363636363,950.0714285714286,1041.9333333333334,54.39,54.97,68.08,67.91,83.7,88.2,80.4,80.0,778.0
2017-01-11,894.0,1326.0,1021.0,758.0,53.61,68.39,83.7,80.4,2017,1,1,2,926.0,955.9090909090908,914.0,1184.0,1470.0,1482.3636363636365,973.0,825.9090909090909,766.0,864.8181818181819,956.987012987013,950.0,1033.4333333333334,53.2,54.96,68.25,67.92,83.7,88.2,80.4,80.0,806.0
2017-01-12,892.0,1294.0,1038.0,748.0,54.51,67.99,83.7,80.4,2017,1,1,3,894.0,953.0,926.0,1202.0,1326.0,1538.0,1021.0,811.0,758.0,843.0,948.1428571428571,948.5714285714286,1023.7666666666667,53.61,55.05,68.39,68.37,83.7,83.7,80.4,80.4,856.0
2017-01-13,910.0,1383.0,1042.0,739.0,54.37,68.16,83.7,80.4,2017,1,1,4,892.0,969.0,928.0,1204.0,1294.0,1674.0,1038.0,807.0,748.0,820.0,939.4285714285714,946.1428571428571,1013.4333333333333,54.51,54.57,67.99,67.9,83.7,83.7,80.4,80.4,875.0
2017-01-16,925.0,1468.0,1039.0,733.0,54.3,67.965,83.7,80.4,2017,1,1,0,910.0,983.0,961.0,1196.0,1383.0,1759.0,1042.0,837.0,739.0,795.0,931.0,944.8571428571429,1003.6333333333333,54.37,54.99,68.16,67.74,83.7,83.7,80.4,80.4,878.0
2017-01-17,922.0,1509.0,1019.0,730.0,54.68,67.9,83.7,80.4,2017,1,1,1,925.0,963.0,958.0909090909092,1198.0,1468.0,1658.0,1039.0,892.0,733.0,783.0,922.7142857142857,942.2857142857143,994.6,54.3,55.9,67.965,68.12,83.7,83.7,80.4,80.4,859.0
2017-01-18,952.0,1673.0,998.0,725.0,53.77,68.12,83.7,80.4,2017,1,1,2,922.0,949.0,957.3636363636364,1196.0,1509.0,1598.0,1019.0,927.0,730.0,772.0,916.8571428571429,939.7077922077923,985.4,54.68,54.39,67.9,68.08,83.7,83.7,80.4,80.4,871.0
2017-01-19,942.0,1665.0,981.0,722.0,53.18,68.1,83.7,80.4,2017,1,1,3,952.0,926.0,956.6363636363636,1186.0,1673.0,1470.0,998.0,973.0,725.0,766.0,917.2857142857143,939.3246753246752,977.2666666666667,53.77,53.2,68.12,68.25,83.7,83.7,80.4,80.4,904.0
2017-01-20,925.0,1610.0,970.0,718.0,55.04,68.10249999999999,83.7,80.4,2017,1,1,4,942.0,894.0,955.9090909090908,1162.0,1665.0,1326.0,981.0,1021.0,722.0,758.0,919.5714285714286,938.2792207792209,969.1333333333333,53.18,53.61,68.1,68.39,83.7,83.7,80.4,80.4,939.0
2017-01-23,914.0,1579.0,962.0,714.0,54.8,68.11,83.7,80.4,2017,1,1,0,925.0,892.0,953.0,1122.0,1610.0,1294.0,970.0,1038.0,718.0,748.0,924.0,936.0714285714286,961.2333333333333,55.04,54.51,68.10249999999999,67.99,83.7,83.7,80.4,80.4,979.0
2017-01-24,886.0,1466.0,964.0,708.0,54.7,68.12,83.7,80.4,2017,1,1,1,914.0,910.0,969.0,1090.0,1579.0,1383.0,962.0,1042.0,714.0,739.0,927.1428571428571,933.2857142857143,954.3,54.8,54.37,68.11,68.16,83.7,83.7,80.4,80.4,1033.0
2017-01-25,862.0,1369.0,972.0,702.0,54.34,68.04,83.7,80.4,2017,1,1,2,886.0,925.0,983.0,1069.0,1466.0,1468.0,964.0,1039.0,708.0,733.0,923.7142857142857,927.3571428571429,947.5,54.7,54.3,68.12,67.965,83.7,83.7,80.4,80.4,1045.0
2017-01-26,840.0,1287.0,973.0,696.0,55.89,68.17,83.7,80.4,2017,1,1,3,862.0,922.0,963.0,1052.0,1369.0,1509.0,972.0,1019.0,702.0,730.0,914.7142857142857,918.7142857142857,940.6,54.34,54.68,68.04,67.9,83.7,83.7,80.4,80.4,1064.0
2017-01-27,827.0,1239.0,968.0,692.0,54.8,68.06,83.7,80.4,2017,1,1,4,840.0,952.0,949.0,1003.0,1287.0,1673.0,973.0,998.0,696.0,725.0,903.0,909.9285714285714,933.5333333333333,55.89,53.77,68.17,68.12,83.7,83.7,80.4,80.4,1086.0
2017-01-30,816.0,1205.0,964.0,688.0,54.77,67.8,83.7,80.4,2017,1,1,0,827.0,942.0,926.0,966.0,1239.0,1665.0,968.0,981.0,692.0,722.0,885.1428571428571,901.2142857142857,927.6666666666666,54.8,53.18,68.06,68.1,83.7,83.7,80.4,80.4,1099.0
2017-01-31,800.0,1167.0,951.0,679.0,55.25,67.48,83.7,80.4,2017,1,1,1,816.0,925.0,894.0,946.0,1205.0,1610.0,964.0,970.0,688.0,718.0,867.1428571428571,893.3571428571429,922.6666666666666,54.77,55.04,67.8,68.10249999999999,83.7,83.7,80.4,80.4,1112.0
2017-02-01,786.0,1122.0,933.0,674.0,55.79,67.4,80.0,89.4,2017,2,1,2,800.0,914.0,892.0,927.0,1167.0,1579.0,951.0,962.0,679.0,714.0,849.2857142857143,886.6428571428571,917.8,55.25,54.8,67.48,68.11,83.7,83.7,80.4,80.4,1147.0
2017-02-02,770.0,1064.0,926.0,670.0,55.94,67.2,80.0,89.4,2017,2,1,3,786.0,886.0,910.0,914.0,1122.0,1466.0,933.0,964.0,674.0,708.0,831.0,879.0714285714286,913.1,55.79,54.7,67.4,68.12,80.0,83.7,89.4,80.4,1172.0
2017-02-03,752.0,981.0,922.0,667.0,55.92,67.18,80.0,89.4,2017,2,1,4,770.0,862.0,925.0,926.0,1064.0,1369.0,926.0,972.0,670.0,702.0,814.4285714285714,869.0714285714286,908.3,55.94,54.34,67.2,68.04,80.0,83.7,89.4,80.4,1196.0
2017-02-06,735.0,911.0,922.0,665.0,55.02,67.2,80.0,89.4,2017,2,1,0,752.0,840.0,922.0,928.0,981.0,1287.0,922.0,973.0,667.0,696.0,798.7142857142857,856.7142857142857,902.5,55.92,55.89,67.18,68.17,80.0,83.7,89.4,80.4,1205.0
2017-02-07,714.0,803.0,931.0,663.0,53.79,67.35,80.0,89.4,2017,2,1,1,735.0,827.0,952.0,961.0,911.0,1239.0,922.0,968.0,665.0,692.0,783.7142857142857,843.3571428571429,896.0666666666667,55.02,54.8,67.2,68.06,80.0,83.7,89.4,80.4,1200.0
2017-02-08,702.0,725.0,934.0,665.0,54.42,67.04,80.0,89.4,2017,2,1,2,714.0,816.0,942.0,958.0909090909092,803.0,1205.0,931.0,964.0,663.0,688.0,767.5714285714286,826.3571428571429,887.8333333333334,53.79,54.77,67.35,67.8,80.0,83.7,89.4,80.4,1190.0
2017-02-09,707.0,728.0,940.0,668.0,53.98,66.71,80.0,89.4,2017,2,1,3,702.0,800.0,925.0,957.3636363636364,725.0,1167.0,934.0,951.0,665.0,679.0,751.2857142857143,809.2142857142857,879.2969696969698,54.42,55.25,67.04,67.48,80.0,83.7,89.4,80.4,1196.0
2017-02-10,702.0,687.0,943.0,672.0,55.2,66.8,80.0,89.4,2017,2,1,4,707.0,786.0,914.0,956.6363636363636,728.0,1122.0,940.0,933.0,668.0,674.0,738.0,793.6428571428571,870.9515151515152,53.98,55.79,66.71,67.4,80.0,80.0,89.4,89.4,1240.0
2017-02-13,688.0,609.0,944.0,676.0,54.15,66.99,80.0,89.4,2017,2,1,0,702.0,770.0,886.0,955.9090909090908,687.0,1064.0,943.0,926.0,672.0,670.0,726.0,778.5,862.4636363636364,55.2,55.94,66.8,67.2,80.0,80.0,89.4,89.4,1282.0
2017-02-14,685.0,567.0,939.0,681.0,54.96,66.88,80.0,89.4,2017,2,1,1,688.0,752.0,862.0,953.0,609.0,981.0,944.0,922.0,676.0,667.0,714.2857142857143,764.3571428571429,853.5333333333333,54.15,55.92,66.99,67.18,80.0,80.0,89.4,89.4,1333.0
2017-02-15,688.0,556.0,933.0,689.0,54.57,66.85,80.0,89.4,2017,2,1,2,685.0,735.0,840.0,969.0,567.0,911.0,939.0,922.0,681.0,665.0,704.7142857142857,751.7142857142857,844.6,54.96,55.02,66.88,67.2,80.0,80.0,89.4,89.4,1338.0
2017-02-16,710.0,620.0,923.0,707.0,54.16,67.12,80.0,89.4,2017,2,1,3,688.0,714.0,827.0,983.0,556.0,803.0,933.0,931.0,689.0,663.0,698.0,740.8571428571429,835.2333333333333,54.57,53.79,66.85,67.35,80.0,80.0,89.4,89.4,1324.0
2017-02-17,741.0,739.0,917.0,729.0,54.48,67.09,80.0,89.4,2017,2,1,4,710.0,702.0,816.0,963.0,620.0,725.0,923.0,934.0,707.0,665.0,697.4285714285714,732.5,826.1333333333333,54.16,54.42,67.12,67.04,80.0,80.0,89.4,89.4,1297.0
2017-02-20,757.0,791.0,909.0,747.0,55.25,67.02250000000001,80.0,89.4,2017,2,1,0,741.0,707.0,800.0,949.0,739.0,728.0,917.0,940.0,729.0,668.0,703.0,727.1428571428571,818.7333333333333,54.48,53.98,67.09,66.71,80.0,80.0,89.4,89.4,1282.0
2017-02-21,778.0,856.0,906.0,764.0,56.34,67.0,80.0,89.4,2017,2,1,1,757.0,702.0,786.0,926.0,791.0,687.0,909.0,943.0,747.0,672.0,710.1428571428571,724.0714285714286,812.3333333333334,55.25,55.2,67.02250000000001,66.8,80.0,80.0,89.4,89.4,1255.0
2017-02-22,806.0,951.0,908.0,783.0,54.9,66.95,80.0,89.4,2017,2,1,2,778.0,688.0,770.0,894.0,856.0,609.0,906.0,944.0,764.0,676.0,721.0,723.5,807.4,56.34,54.15,67.0,66.99,80.0,80.0,89.4,89.4,1223.0
2017-02-23,856.0,1134.0,927.0,797.0,55.82,66.68,80.0,89.4,2017,2,1,3,806.0,685.0,752.0,892.0,951.0,567.0,908.0,939.0,783.0,681.0,737.8571428571429,726.0714285714286,804.4666666666667,54.9,54.96,66.95,66.88,80.0,80.0,89.4,89.4,1215.0
2017-02-24,875.0,1165.0,947.0,809.0,54.69,66.68,80.0,89.4,2017,2,1,4,856.0,688.0,735.0,910.0,1134.0,556.0,927.0,933.0,797.0,689.0,762.2857142857143,733.5,803.2666666666667,55.82,54.57,66.68,66.85,80.0,80.0,89.4,89.4,1223.0
2017-02-27,878.0,1151.0,966.0,817.0,54.65,66.69,80.0,89.4,2017,2,1,0,875.0,710.0,714.0,925.0,1165.0,620.0,947.0,923.0,809.0,707.0,789.0,743.5,802.1,54.69,54.16,66.68,67.12,80.0,80.0,89.4,89.4,1231.0
2017-02-28,859.0,1021.0,995.0,825.0,53.36,66.67,80.0,89.4,2017,2,1,1,878.0,741.0,702.0,922.0,1151.0,739.0,966.0,917.0,817.0,729.0,813.0,755.2142857142857,800.5333333333333,54.65,54.48,66.69,67.09,80.0,80.0,89.4,89.4,1262.0
2017-03-01,871.0,994.0,1041.0,833.0,55.72,66.83,80.9,87.7,2017,3,1,2,859.0,757.0,707.0,952.0,1021.0,791.0,995.0,909.0,825.0,747.0,829.8571428571429,766.4285714285714,798.4333333333333,53.36,55.25,66.67,67.02250000000001,80.0,80.0,89.4,89.4,1282.0
2017-03-02,904.0,1097.0,1084.0,840.0,54.16,66.75,80.9,87.7,2017,3,1,3,871.0,778.0,702.0,942.0,994.0,856.0,1041.0,906.0,833.0,764.0,846.1428571428571,778.1428571428571,795.7333333333333,55.72,56.34,66.83,67.0,80.9,80.0,87.7,89.4,1296.0
2017-03-03,939.0,1227.0,1118.0,846.0,54.12,66.76,80.9,87.7,2017,3,1,4,904.0,806.0,688.0,925.0,1097.0,951.0,1084.0,908.0,840.0,783.0,864.1428571428571,792.5714285714286,794.4666666666667,54.16,54.9,66.75,66.95,80.9,80.0,87.7,89.4,1295.6
2017-03-06,979.0,1345.0,1154.0,852.0,54.73,66.64,80.9,87.7,2017,3,1,0,939.0,856.0,685.0,914.0,1227.0,1134.0,1118.0,927.0,846.0,797.0,883.1428571428571,810.5,794.9333333333333,54.12,55.82,66.76,66.68,80.9,80.0,87.7,89.4,1294.4
2017-03-07,1033.0,1556.0,1194.0,861.0,54.61,66.62,80.9,87.7,2017,3,1,1,979.0,875.0,688.0,886.0,1345.0,1165.0,1154.0,947.0,852.0,809.0,900.7142857142857,831.5,797.1,54.73,54.69,66.64,66.68,80.9,80.0,87.7,89.4,1294.0
2017-03-08,1045.0,1578.0,1220.0,868.0,53.3,66.76,80.9,87.7,2017,3,1,2,1033.0,878.0,710.0,862.0,1556.0,1151.0,1194.0,966.0,861.0,817.0,923.2857142857143,856.1428571428571,802.0,54.61,54.65,66.62,66.69,80.9,80.0,87.7,89.4,1278.0
2017-03-09,1064.0,1678.0,1220.0,872.0,50.65,66.64,80.9,87.7,2017,3,1,3,1045.0,859.0,741.0,840.0,1578.0,1021.0,1220.0,995.0,868.0,825.0,947.1428571428571,880.0714285714286,808.1,53.3,53.36,66.76,66.67,80.9,80.0,87.7,89.4,1243.0
2017-03-10,1086.0,1789.0,1211.0,874.0,50.63,66.6,80.9,87.7,2017,3,1,4,1064.0,871.0,757.0,827.0,1678.0,994.0,1220.0,1041.0,872.0,833.0,976.4285714285714,903.1428571428571,815.5666666666667,50.65,55.72,66.64,66.83,80.9,80.9,87.7,87.7,1195.0
2017-03-13,1099.0,1843.0,1207.0,875.0,50.1,66.15,80.9,87.7,2017,3,1,0,1086.0,904.0,778.0,816.0,1789.0,1097.0,1211.0,1084.0,874.0,840.0,1007.1428571428571,926.6428571428571,824.2,50.63,54.16,66.6,66.75,80.9,80.9,87.7,87.7,1170.0
2017-03-14,1112.0,1929.0,1185.0,877.0,49.6,65.76,80.9,87.7,2017,3,1,1,1099.0,939.0,806.0,800.0,1843.0,1227.0,1207.0,1118.0,875.0,846.0,1035.0,949.5714285714286,833.6333333333333,50.1,54.12,66.15,66.76,80.9,80.9,87.7,87.7,1154.0
2017-03-15,1147.0,2136.0,1150.0,877.0,50.63,65.62,80.9,87.7,2017,3,1,2,1112.0,979.0,856.0,786.0,1929.0,1345.0,1185.0,1154.0,877.0,852.0,1059.7142857142858,971.4285714285714,844.0333333333333,49.6,54.73,65.76,66.64,80.9,80.9,87.7,87.7,1147.0
2017-03-16,1172.0,2265.0,1129.0,877.0,50.56,65.4,80.9,87.7,2017,3,1,3,1147.0,1033.0,875.0,770.0,2136.0,1556.0,1150.0,1194.0,877.0,861.0,1083.7142857142858,992.2142857142857,856.0666666666667,50.63,54.61,65.62,66.62,80.9,80.9,87.7,87.7,1134.0
2017-03-17,1196.0,2413.0,1108.0,879.0,50.58,65.38,80.9,87.7,2017,3,1,4,1172.0,1045.0,878.0,752.0,2265.0,1578.0,1129.0,1220.0,877.0,868.0,1103.5714285714287,1013.4285714285714,869.4666666666667,50.56,53.3,65.4,66.76,80.9,80.9,87.7,87.7,1109.0
2017-03-20,1205.0,2466.0,1103.0,884.0,50.67,65.3,80.9,87.7,2017,3,1,0,1196.0,1064.0,859.0,735.0,2413.0,1678.0,1108.0,1220.0,879.0,872.0,1125.142857142857,1036.142857142857,884.2666666666667,50.58,50.65,65.38,66.64,80.9,80.9,87.7,87.7,1082.0
2017-03-21,1200.0,2441.0,1101.0,886.0,50.14,65.31,80.9,87.7,2017,3,1,1,1205.0,1086.0,871.0,714.0,2466.0,1789.0,1103.0,1211.0,884.0,874.0,1145.2857142857142,1060.857142857143,899.9333333333333,50.67,50.63,65.3,66.6,80.9,80.9,87.7,87.7,1073.0
2017-03-22,1190.0,2378.0,1119.0,888.0,49.56,65.45,80.9,87.7,2017,3,1,2,1200.0,1099.0,904.0,702.0,2441.0,1843.0,1101.0,1207.0,886.0,875.0,1161.5714285714287,1084.357142857143,916.1333333333333,50.14,50.1,65.31,66.15,80.9,80.9,87.7,87.7,1034.0
2017-03-23,1196.0,2345.0,1170.0,892.0,50.17,65.41,80.9,87.7,2017,3,1,3,1190.0,1112.0,939.0,707.0,2378.0,1929.0,1119.0,1185.0,888.0,877.0,1174.5714285714287,1104.7857142857142,932.4,49.56,49.6,65.45,65.76,80.9,80.9,87.7,87.7,1004.0
2017-03-24,1240.0,2482.0,1218.0,896.0,49.97,65.4,80.9,87.7,2017,3,1,4,1196.0,1147.0,979.0,702.0,2345.0,2136.0,1170.0,1150.0,892.0,877.0,1186.5714285714287,1123.142857142857,948.7,50.17,50.63,65.41,65.62,80.9,80.9,87.7,87.7,994.0
2017-03-27,1282.0,2620.0,1253.0,895.0,50.12,65.05,80.9,87.7,2017,3,1,0,1240.0,1172.0,1033.0,688.0,2482.0,2265.0,1218.0,1129.0,896.0,877.0,1199.857142857143,1141.7857142857142,966.6333333333333,49.97,50.56,65.4,65.4,80.9,80.9,87.7,87.7,1001.0
2017-03-28,1333.0,2765.0,1306.0,893.0,50.72,65.02,80.9,87.7,2017,3,1,1,1282.0,1196.0,1045.0,685.0,2620.0,2413.0,1253.0,1108.0,895.0,879.0,1215.5714285714287,1159.5714285714287,986.4333333333333,50.12,50.58,65.05,65.38,80.9,80.9,87.7,87.7,1007.0
2017-03-29,1338.0,2755.0,1346.0,885.0,51.36,64.87,80.9,87.7,2017,3,1,2,1333.0,1205.0,1064.0,688.0,2765.0,2466.0,1306.0,1103.0,893.0,884.0,1235.142857142857,1180.142857142857,1008.0333333333333,50.72,50.67,65.02,65.3,80.9,80.9,87.7,87.7,1005.0
2017-03-30,1324.0,2690.0,1366.0,882.0,52.25,64.85,80.9,87.7,2017,3,1,3,1338.0,1200.0,1086.0,710.0,2755.0,2441.0,1346.0,1101.0,885.0,886.0,1254.142857142857,1199.7142857142858,1029.7,51.36,50.14,64.87,65.31,80.9,80.9,87.7,87.7,1012.0
2017-03-31,1297.0,2597.0,1374.0,881.0,52.2,64.85,80.9,87.7,2017,3,1,4,1324.0,1190.0,1099.0,741.0,2690.0,2378.0,1366.0,1119.0,882.0,888.0,1271.857142857143,1216.7142857142858,1050.1666666666667,52.25,49.56,64.85,65.45,80.9,80.9,87.7,87.7,1014.0
2017-04-03,1282.0,2518.0,1379.0,882.0,52.04,65.03,83.7,70.2,2017,4,2,0,1297.0,1196.0,1112.0,757.0,2597.0,2345.0,1374.0,1170.0,881.0,892.0,1287.142857142857,1230.857142857143,1068.7,52.2,50.17,64.85,65.41,80.9,80.9,87.7,87.7,994.0
2017-04-04,1255.0,2382.0,1377.0,881.0,53.08,65.1,83.7,70.2,2017,4,2,1,1282.0,1240.0,1147.0,778.0,2518.0,2482.0,1379.0,1218.0,882.0,896.0,1299.4285714285713,1243.0,1086.2,52.04,49.97,65.03,65.4,83.7,80.9,70.2,87.7,980.0
2017-04-05,1223.0,2229.0,1371.0,880.0,53.41,64.87,83.7,70.2,2017,4,2,2,1255.0,1282.0,1172.0,806.0,2382.0,2620.0,1377.0,1253.0,881.0,895.0,1301.5714285714287,1250.7142857142858,1102.1,53.08,50.12,65.1,65.05,83.7,80.9,70.2,87.7,960.0
2017-04-06,1215.0,2184.0,1387.0,882.0,53.62,64.58,83.7,70.2,2017,4,2,3,1223.0,1333.0,1196.0,856.0,2229.0,2765.0,1371.0,1306.0,880.0,893.0,1293.142857142857,1254.357142857143,1116.0,53.41,50.72,64.87,65.02,83.7,80.9,70.2,87.7,957.0
2017-04-07,1223.0,2173.0,1427.0,886.0,54.24,64.26,83.7,70.2,2017,4,2,4,1215.0,1338.0,1205.0,875.0,2184.0,2755.0,1387.0,1346.0,882.0,885.0,1276.2857142857142,1255.7142857142858,1127.9666666666667,53.62,51.36,64.58,64.87,83.7,80.9,70.2,87.7,956.0
2017-04-10,1231.0,2165.0,1466.0,888.0,54.79,64.55,83.7,70.2,2017,4,2,0,1223.0,1324.0,1200.0,878.0,2173.0,2690.0,1427.0,1366.0,886.0,882.0,1259.857142857143,1257.0,1139.5666666666666,54.24,52.25,64.26,64.85,83.7,80.9,70.2,87.7,954.0
2017-04-11,1262.0,2227.0,1533.0,891.0,54.73,64.55,83.7,70.2,2017,4,2,1,1231.0,1297.0,1190.0,859.0,2165.0,2597.0,1466.0,1374.0,888.0,881.0,1246.5714285714287,1259.2142857142858,1151.3333333333333,54.79,52.2,64.55,64.85,83.7,80.9,70.2,87.7,949.0
2017-04-12,1282.0,2252.0,1583.0,893.0,54.75,64.68,83.7,70.2,2017,4,2,2,1262.0,1282.0,1196.0,871.0,2227.0,2518.0,1533.0,1379.0,891.0,882.0,1241.5714285714287,1264.357142857143,1164.7666666666667,54.73,52.04,64.55,65.03,83.7,83.7,70.2,70.2,934.0
2017-04-13,1296.0,2249.0,1611.0,899.0,55.05,64.42,83.7,70.2,2017,4,2,3,1282.0,1255.0,1240.0,904.0,2252.0,2382.0,1583.0,1377.0,893.0,881.0,1241.5714285714287,1270.5,1178.4666666666667,54.75,53.08,64.68,65.1,83.7,83.7,70.2,70.2,918.0
2017-04-14,1295.6,2243.2,1613.0,898.8,54.985,64.42,83.7,70.2,2017,4,2,4,1296.0,1223.0,1282.0,939.0,2249.0,2229.0,1611.0,1371.0,899.0,880.0,1247.4285714285713,1274.5,1191.5333333333333,55.05,53.41,64.42,64.87,83.7,83.7,70.2,70.2,912.0
2017-04-17,1294.4,2225.8,1619.0,898.2,54.79,64.53,83.7,70.2,2017,4,2,0,1295.6,1215.0,1333.0,979.0,2243.2,2184.0,1613.0,1387.0,898.8,882.0,1257.8,1275.4714285714285,1203.4199999999998,54.985,53.62,64.42,64.58,83.7,83.7,70.2,70.2,903.0
2017-04-18,1294.0,2220.0,1621.0,898.0,52.6,64.56,83.7,70.2,2017,4,2,1,1294.4,1223.0,1338.0,1033.0,2225.8,2173.0,1619.0,1427.0,898.2,886.0,1269.142857142857,1272.7142857142858,1213.9333333333334,54.79,54.24,64.53,64.26,83.7,83.7,70.2,70.2,900.0
2017-04-19,1278.0,2130.0,1612.0,900.0,52.43,64.62,83.7,70.2,2017,4,2,2,1294.0,1231.0,1324.0,1045.0,2220.0,2165.0,1621.0,1466.0,898.0,888.0,1279.2857142857142,1269.5714285714287,1222.6333333333334,52.6,54.79,64.56,64.55,83.7,83.7,70.2,70.2,878.0
2017-04-20,1243.0,1991.0,1553.0,899.0,50.66,64.61,83.7,70.2,2017,4,2,3,1278.0,1262.0,1297.0,1064.0,2130.0,2227.0,1612.0,1533.0,900.0,891.0,1286.0,1266.2857142857142,1230.4,52.43,54.73,64.62,64.55,83.7,83.7,70.2,70.2,850.0
2017-04-21,1195.0,1830.0,1494.0,895.0,49.93,64.65,83.7,70.2,2017,4,2,4,1243.0,1282.0,1282.0,1086.0,1991.0,2252.0,1553.0,1583.0,899.0,893.0,1283.2857142857142,1262.4285714285713,1236.3666666666666,50.66,54.75,64.61,64.68,83.7,83.7,70.2,70.2,830.0
2017-04-24,1170.0,1780.0,1429.0,892.0,49.45,64.48,83.7,70.2,2017,4,2,0,1195.0,1296.0,1255.0,1099.0,1830.0,2249.0,1494.0,1611.0,895.0,899.0,1270.857142857143,1256.2142857142858,1240.0,49.93,55.05,64.65,64.42,83.7,83.7,70.2,70.2,821.0
2017-04-25,1154.0,1767.0,1371.0,887.0,49.37,64.32,83.7,70.2,2017,4,2,1,1170.0,1295.6,1223.0,1112.0,1780.0,2243.2,1429.0,1613.0,892.0,898.8,1252.857142857143,1250.142857142857,1242.3666666666666,49.45,54.985,64.48,64.42,83.7,83.7,70.2,70.2,818.0
2017-04-26,1147.0,1790.0,1320.0,881.0,49.99,64.08,83.7,70.2,2017,4,2,2,1154.0,1294.4,1215.0,1147.0,1767.0,2225.8,1371.0,1619.0,887.0,898.2,1232.6285714285714,1245.2142857142858,1243.7666666666667,49.37,54.79,64.32,64.53,83.7,83.7,70.2,70.2,821.0
2017-04-27,1134.0,1798.0,1260.0,870.0,49.46,64.14,83.7,70.2,2017,4,2,3,1147.0,1294.0,1223.0,1172.0,1790.0,2220.0,1320.0,1621.0,881.0,898.0,1211.5714285714287,1240.357142857143,1243.7666666666667,49.99,52.6,64.08,64.56,83.7,83.7,70.2,70.2,824.0
2017-04-28,1109.0,1779.0,1187.0,861.0,49.46,64.27,83.7,70.2,2017,4,2,4,1134.0,1278.0,1231.0,1196.0,1798.0,2130.0,1260.0,1612.0,870.0,900.0,1188.7142857142858,1234.0,1242.5,49.46,52.43,64.14,64.62,83.7,83.7,70.2,70.2,849.0
2017-05-01,1082.0,1695.75,1151.75,852.0,50.41,64.25,74.4,62.4,2017,5,2,0,1109.0,1243.0,1262.0,1205.0,1779.0,1991.0,1187.0,1553.0,861.0,899.0,1164.5714285714287,1225.2857142857142,1239.6,49.46,50.66,64.27,64.61,83.7,83.7,70.2,70.2,870.0
2017-05-02,1073.0,1668.0,1140.0,849.0,49.31,64.16,74.4,62.4,2017,5,2,1,1082.0,1195.0,1282.0,1200.0,1695.75,1830.0,1151.75,1494.0,852.0,895.0,1141.5714285714287,1212.4285714285713,1235.5,50.41,49.93,64.25,64.65,74.4,83.7,62.4,70.2,870.0
2017-05-03,1034.0,1542.0,1096.0,835.0,48.82,64.17,74.4,62.4,2017,5,2,2,1073.0,1170.0,1296.0,1190.0,1668.0,1780.0,1140.0,1429.0,849.0,892.0,1124.142857142857,1197.5,1231.2666666666667,49.31,49.45,64.16,64.48,74.4,83.7,62.4,70.2,865.0
2017-05-04,1004.0,1458.0,1048.0,822.0,47.53,64.22,74.4,62.4,2017,5,2,3,1034.0,1154.0,1295.6,1196.0,1542.0,1767.0,1096.0,1371.0,835.0,887.0,1104.7142857142858,1178.7857142857142,1226.0666666666666,48.82,49.37,64.17,64.32,74.4,83.7,62.4,70.2,855.0
2017-05-05,994.0,1480.0,1023.0,811.0,47.45,64.31,74.4,62.4,2017,5,2,4,1004.0,1147.0,1294.4,1240.0,1458.0,1790.0,1048.0,1320.0,822.0,881.0,1083.2857142857142,1157.9571428571428,1219.6666666666667,47.53,49.99,64.22,64.08,74.4,83.7,62.4,70.2,851.0
2017-05-08,1001.0,1571.0,1009.0,799.0,46.61,64.32,74.4,62.4,2017,5,2,0,994.0,1134.0,1294.0,1282.0,1480.0,1798.0,1023.0,1260.0,811.0,870.0,1061.4285714285713,1136.5,1211.4666666666667,47.45,49.46,64.31,64.14,74.4,83.7,62.4,70.2,848.0
2017-05-09,1007.0,1635.0,1007.0,794.0,47.06,64.66,74.4,62.4,2017,5,2,1,1001.0,1109.0,1278.0,1333.0,1571.0,1779.0,1009.0,1187.0,799.0,861.0,1042.4285714285713,1115.5714285714287,1202.1,46.61,49.46,64.32,64.27,74.4,83.7,62.4,70.2,847.0
2017-05-10,1005.0,1645.0,1011.0,790.0,48.09,64.53,74.4,62.4,2017,5,2,2,1007.0,1082.0,1243.0,1338.0,1635.0,1695.75,1007.0,1151.75,794.0,852.0,1027.857142857143,1096.2142857142858,1191.2333333333333,47.06,50.41,64.66,64.25,74.4,74.4,62.4,62.4,844.0
2017-05-11,1012.0,1695.0,1006.0,787.0,49.18,64.43,74.4,62.4,2017,5,2,3,1005.0,1073.0,1195.0,1324.0,1645.0,1668.0,1011.0,1140.0,790.0,849.0,1016.8571428571429,1079.2142857142858,1180.1333333333334,48.09,49.31,64.53,64.16,74.4,74.4,62.4,62.4,855.0
2017-05-12,1014.0,1725.0,992.0,784.0,49.08,64.24,74.4,62.4,2017,5,2,4,1012.0,1034.0,1170.0,1297.0,1695.0,1542.0,1006.0,1096.0,787.0,835.0,1008.1428571428571,1066.142857142857,1169.7333333333333,49.18,48.82,64.43,64.17,74.4,74.4,62.4,62.4,870.0
2017-05-15,994.0,1661.0,978.0,782.0,51.29,64.04,74.4,62.4,2017,5,2,0,1014.0,1004.0,1154.0,1282.0,1725.0,1458.0,992.0,1048.0,784.0,822.0,1005.2857142857143,1055.0,1160.3,49.08,47.53,64.24,64.22,74.4,74.4,62.4,62.4,884.0
2017-05-16,980.0,1632.0,956.0,778.0,51.21,64.03,74.4,62.4,2017,5,2,1,994.0,994.0,1147.0,1255.0,1661.0,1480.0,978.0,1023.0,782.0,811.0,1003.8571428571429,1043.5714285714287,1150.7,51.29,47.45,64.04,64.31,74.4,74.4,62.4,62.4,903.0
2017-05-17,960.0,1590.0,925.0,771.0,51.76,64.11,74.4,62.4,2017,5,2,2,980.0,1001.0,1134.0,1223.0,1632.0,1571.0,956.0,1009.0,778.0,799.0,1001.8571428571429,1031.642857142857,1141.5333333333333,51.21,46.61,64.03,64.32,74.4,74.4,62.4,62.4,929.0
2017-05-18,957.0,1638.0,894.0,764.0,51.71,64.87,74.4,62.4,2017,5,2,3,960.0,1007.0,1109.0,1215.0,1590.0,1635.0,925.0,1007.0,771.0,794.0,996.0,1019.2142857142857,1132.7666666666667,51.76,47.06,64.11,64.66,74.4,74.4,62.4,62.4,920.0
2017-05-19,956.0,1668.0,870.0,759.0,52.78,64.56,74.4,62.4,2017,5,2,4,957.0,1005.0,1082.0,1223.0,1638.0,1645.0,894.0,1011.0,764.0,790.0,988.8571428571429,1008.3571428571429,1124.1666666666667,51.71,48.09,64.87,64.53,74.4,74.4,62.4,62.4,901.0
2017-05-22,954.0,1704.0,854.0,753.0,53.35,64.53,74.4,62.4,2017,5,2,0,956.0,1012.0,1073.0,1231.0,1668.0,1695.0,870.0,1006.0,759.0,787.0,981.8571428571429,999.3571428571429,1115.2666666666667,52.78,49.18,64.56,64.43,74.4,74.4,62.4,62.4,882.0
2017-05-23,949.0,1706.0,850.0,746.0,53.19,64.85,74.4,62.4,2017,5,2,1,954.0,1014.0,1034.0,1262.0,1704.0,1725.0,854.0,992.0,753.0,784.0,973.5714285714286,990.8571428571429,1106.0333333333333,53.35,49.08,64.53,64.24,74.4,74.4,62.4,62.4,871.0
2017-05-24,934.0,1654.0,849.0,737.0,53.29,64.74,74.4,62.4,2017,5,2,2,949.0,994.0,1004.0,1282.0,1706.0,1661.0,850.0,978.0,746.0,782.0,964.2857142857143,984.7857142857143,1095.6,53.19,51.29,64.85,64.04,74.4,74.4,62.4,62.4,847.0
2017-05-25,918.0,1595.0,848.0,728.0,52.25,64.55,74.4,62.4,2017,5,2,3,934.0,980.0,994.0,1296.0,1654.0,1632.0,849.0,956.0,737.0,778.0,955.7142857142857,979.7857142857143,1084.0,53.29,51.21,64.74,64.03,74.4,74.4,62.4,62.4,829.0
2017-05-26,912.0,1591.0,845.0,721.0,50.84,64.5,74.4,62.4,2017,5,2,4,918.0,960.0,1001.0,1295.6,1595.0,1590.0,848.0,925.0,728.0,771.0,946.8571428571429,974.3571428571429,1071.4,52.25,51.76,64.55,64.11,74.4,74.4,62.4,62.4,822.0
2017-05-29,903.0,1570.75,842.75,714.25,52.25,64.62,74.4,62.4,2017,5,2,0,912.0,957.0,1007.0,1294.4,1591.0,1638.0,845.0,894.0,721.0,764.0,940.0,968.0,1058.6133333333335,50.84,51.71,64.5,64.87,74.4,74.4,62.4,62.4,820.0
2017-05-30,900.0,1564.0,842.0,712.0,50.65,64.66,74.4,62.4,2017,5,2,1,903.0,956.0,1005.0,1294.0,1570.75,1668.0,842.75,870.0,714.25,759.0,932.2857142857143,960.5714285714286,1045.5666666666666,52.25,52.78,64.62,64.56,74.4,74.4,62.4,62.4,830.0
2017-05-31,878.0,1511.0,829.0,698.0,49.4,64.5,74.4,62.4,2017,5,2,2,900.0,954.0,1012.0,1278.0,1564.0,1704.0,842.0,854.0,712.0,753.0,924.2857142857143,953.0714285714286,1032.4333333333334,50.65,53.35,64.66,64.53,74.4,74.4,62.4,62.4,859.0
2017-06-01,850.0,1430.0,810.0,685.0,50.41,64.39,81.1,57.5,2017,6,2,3,878.0,949.0,1014.0,1243.0,1511.0,1706.0,829.0,850.0,698.0,746.0,913.4285714285714,943.5,1019.1,49.4,53.19,64.5,64.85,74.4,74.4,62.4,62.4,888.0
2017-06-02,830.0,1374.0,792.0,674.0,48.46,64.41,81.1,57.5,2017,6,2,4,850.0,934.0,994.0,1195.0,1430.0,1654.0,810.0,849.0,685.0,737.0,899.2857142857143,931.7857142857143,1006.0,50.41,53.29,64.39,64.74,81.1,74.4,57.5,62.4,900.0
2017-06-05,821.0,1353.0,789.0,666.0,48.25,64.34,81.1,57.5,2017,6,2,0,830.0,918.0,980.0,1170.0,1374.0,1595.0,792.0,848.0,674.0,728.0,884.4285714285714,920.0714285714286,993.8333333333334,48.46,52.25,64.41,64.55,81.1,74.4,57.5,62.4,912.0
2017-06-06,818.0,1366.0,783.0,658.0,48.11,64.42,81.1,57.5,2017,6,2,1,821.0,912.0,960.0,1154.0,1353.0,1591.0,789.0,845.0,666.0,721.0,870.5714285714286,908.7142857142857,982.2,48.25,50.84,64.34,64.5,81.1,74.4,57.5,62.4,932.0
2017-06-07,821.0,1379.0,783.0,652.0,47.08,64.39,81.1,57.5,2017,6,2,2,818.0,903.0,957.0,1147.0,1366.0,1570.75,783.0,842.75,658.0,714.25,857.1428571428571,898.5714285714286,971.0,48.11,52.25,64.42,64.62,81.1,74.4,57.5,62.4,948.0
2017-06-08,824.0,1381.0,793.0,649.0,46.3,64.24,81.1,57.5,2017,6,2,3,821.0,900.0,956.0,1134.0,1379.0,1564.0,783.0,842.0,652.0,712.0,845.4285714285714,888.8571428571429,960.1333333333333,47.08,50.65,64.39,64.66,81.1,74.4,57.5,62.4,964.0
2017-06-09,849.0,1438.0,813.0,654.0,46.64,64.24,81.1,57.5,2017,6,2,4,824.0,878.0,954.0,1109.0,1381.0,1511.0,793.0,829.0,649.0,698.0,834.5714285714286,879.4285714285714,949.8,46.3,49.4,64.24,64.5,81.1,74.4,57.5,62.4,977.0
2017-06-12,870.0,1481.0,833.0,658.0,47.18,64.48,81.1,57.5,2017,6,2,0,849.0,850.0,949.0,1082.0,1438.0,1430.0,813.0,810.0,654.0,685.0,830.4285714285714,871.9285714285714,941.1333333333333,46.64,50.41,64.24,64.39,81.1,81.1,57.5,57.5,977.0
2017-06-13,870.0,1442.0,865.0,665.0,46.95,64.33,81.1,57.5,2017,6,2,1,870.0,830.0,934.0,1073.0,1481.0,1374.0,833.0,792.0,658.0,674.0,833.2857142857143,866.2857142857143,934.0666666666667,47.18,48.46,64.48,64.41,81.1,81.1,57.5,57.5,980.0
2017-06-14,865.0,1362.0,903.0,679.0,45.47,64.23,81.1,57.5,2017,6,2,2,870.0,821.0,918.0,1034.0,1442.0,1353.0,865.0,789.0,665.0,666.0,839.0,861.7142857142857,927.3,46.95,48.25,64.33,64.34,81.1,81.1,57.5,57.5,968.0
2017-06-15,855.0,1277.0,938.0,690.0,45.61,64.58,81.1,57.5,2017,6,2,3,865.0,818.0,912.0,1004.0,1362.0,1366.0,903.0,783.0,679.0,658.0,845.2857142857143,857.9285714285714,921.6666666666666,45.47,48.11,64.23,64.42,81.1,81.1,57.5,57.5,942.0
2017-06-16,851.0,1213.0,964.0,701.0,45.7,64.5,81.1,57.5,2017,6,2,4,855.0,821.0,903.0,994.0,1277.0,1379.0,938.0,783.0,690.0,652.0,850.5714285714286,853.8571428571429,916.7,45.61,47.08,64.58,64.39,81.1,81.1,57.5,57.5,933.0
2017-06-19,848.0,1169.0,984.0,708.0,45.93,64.45,81.1,57.5,2017,6,2,0,851.0,824.0,900.0,1001.0,1213.0,1381.0,964.0,793.0,701.0,649.0,854.8571428571429,850.1428571428571,911.9333333333333,45.7,46.3,64.5,64.24,81.1,81.1,57.5,57.5,946.0
2017-06-20,847.0,1110.0,1017.0,717.0,43.98,64.54,81.1,57.5,2017,6,2,1,848.0,849.0,878.0,1007.0,1169.0,1438.0,984.0,813.0,708.0,654.0,858.2857142857143,846.4285714285714,906.8333333333334,45.93,46.64,64.45,64.24,81.1,81.1,57.5,57.5,965.0
2017-06-21,844.0,1020.0,1070.0,724.0,44.62,64.52,81.1,57.5,2017,6,2,2,847.0,870.0,850.0,1005.0,1110.0,1481.0,1017.0,833.0,717.0,658.0,858.0,844.2142857142857,901.5,43.98,47.18,64.54,64.48,81.1,81.1,57.5,57.5,993.0
2017-06-22,855.0,993.0,1109.0,734.0,44.46,64.6,81.1,57.5,2017,6,2,3,844.0,870.0,830.0,1012.0,1020.0,1442.0,1070.0,865.0,724.0,665.0,854.2857142857143,843.7857142857143,896.1333333333333,44.62,46.95,64.52,64.33,81.1,81.1,57.5,57.5,1023.0
2017-06-23,870.0,987.0,1138.0,744.0,44.14,64.47,81.1,57.5,2017,6,2,4,855.0,865.0,821.0,1014.0,993.0,1362.0,1109.0,903.0,734.0,679.0,852.1428571428571,845.5714285714286,890.9,44.46,45.47,64.6,64.23,81.1,81.1,57.5,57.5,1032.0
2017-06-26,884.0,1005.0,1145.0,750.0,44.09,64.43,81.1,57.5,2017,6,2,0,870.0,855.0,818.0,994.0,987.0,1277.0,1138.0,938.0,744.0,690.0,852.8571428571429,849.0714285714286,886.1,44.14,45.61,64.47,64.58,81.1,81.1,57.5,57.5,1036.0
2017-06-27,903.0,1066.0,1151.0,757.0,46.17,64.47,81.1,57.5,2017,6,2,1,884.0,851.0,821.0,980.0,1005.0,1213.0,1145.0,964.0,750.0,701.0,857.0,853.7857142857143,882.4333333333333,44.09,45.7,64.43,64.5,81.1,81.1,57.5,57.5,1038.0
2017-06-28,929.0,1170.0,1150.0,761.0,46.45,64.55,81.1,57.5,2017,6,2,2,903.0,848.0,824.0,960.0,1066.0,1169.0,1151.0,984.0,757.0,708.0,864.4285714285714,859.6428571428571,879.8666666666667,46.17,45.93,64.47,64.45,81.1,81.1,57.5,57.5,1050.0
2017-06-29,920.0,1146.0,1119.0,758.0,47.02,64.66,81.1,57.5,2017,6,2,3,929.0,847.0,849.0,957.0,1170.0,1110.0,1150.0,1017.0,761.0,717.0,876.0,867.1428571428571,878.8333333333334,46.45,43.98,64.55,64.54,81.1,81.1,57.5,57.5,1092.0
2017-06-30,901.0,1086.0,1091.0,754.0,47.08,64.62,81.1,57.5,2017,6,2,4,920.0,844.0,870.0,956.0,1146.0,1020.0,1119.0,1070.0,758.0,724.0,886.4285714285714,872.2142857142857,877.6,47.02,44.62,64.66,64.52,81.1,81.1,57.5,57.5,1138.0
2017-07-03,882.0,1032.0,1068.0,751.0,49.13,64.84,87.5,67.7,2017,7,3,0,901.0,855.0,870.0,954.0,1086.0,993.0,1091.0,1109.0,754.0,734.0,894.5714285714286,874.4285714285714,875.7666666666667,47.08,44.46,64.62,64.6,81.1,81.1,57.5,57.5,1155.0
2017-07-04,871.0,997.0,1062.0,747.0,49.15,64.82,87.5,67.7,2017,7,3,1,882.0,870.0,865.0,949.0,1032.0,987.0,1068.0,1138.0,751.0,744.0,898.4285714285714,875.2857142857143,873.3666666666667,49.13,44.14,64.84,64.47,87.5,81.1,67.7,57.5,1169.0
2017-07-05,847.0,901.0,1060.0,742.0,47.58,64.8,87.5,67.7,2017,7,3,2,871.0,884.0,855.0,934.0,997.0,1005.0,1062.0,1145.0,747.0,750.0,898.5714285714286,875.7142857142857,870.7666666666667,49.15,44.09,64.82,64.43,87.5,81.1,67.7,57.5,1207.0
2017-07-06,829.0,818.0,1063.0,735.0,48.53,64.72,87.5,67.7,2017,7,3,3,847.0,903.0,851.0,918.0,901.0,1066.0,1060.0,1151.0,742.0,757.0,893.2857142857143,875.1428571428571,867.8666666666667,47.58,46.17,64.8,64.47,87.5,81.1,67.7,57.5,1247.0
2017-07-07,822.0,753.0,1062.0,732.0,46.47,64.62,87.5,67.7,2017,7,3,4,829.0,929.0,848.0,912.0,818.0,1170.0,1063.0,1150.0,735.0,761.0,882.7142857142857,873.5714285714286,864.9,48.53,46.45,64.72,64.55,87.5,81.1,67.7,57.5,1260.0
2017-07-10,820.0,730.0,1061.0,729.0,46.57,64.45,87.5,67.7,2017,7,3,0,822.0,920.0,847.0,903.0,753.0,1146.0,1062.0,1119.0,732.0,758.0,867.4285714285714,871.7142857142857,861.9,46.47,47.02,64.62,64.66,87.5,81.1,67.7,57.5,1266.0
2017-07-11,830.0,755.0,1069.0,733.0,46.68,64.54,87.5,67.7,2017,7,3,1,820.0,901.0,844.0,900.0,730.0,1086.0,1061.0,1091.0,729.0,754.0,853.1428571428571,869.7857142857143,859.1333333333333,46.57,47.08,64.45,64.62,87.5,81.1,67.7,57.5,1249.0
2017-07-12,859.0,846.0,1098.0,744.0,46.73,64.53,87.5,67.7,2017,7,3,2,830.0,882.0,855.0,878.0,755.0,1032.0,1069.0,1068.0,733.0,751.0,843.0,868.7857142857143,856.8,46.68,49.13,64.54,64.84,87.5,87.5,67.7,67.7,1222.0
2017-07-13,888.0,928.0,1141.0,758.0,47.65,64.46,87.5,67.7,2017,7,3,3,859.0,871.0,870.0,850.0,846.0,997.0,1098.0,1062.0,744.0,747.0,839.7142857142857,869.0714285714286,856.1666666666666,46.73,49.15,64.53,64.82,87.5,87.5,67.7,67.7,1200.0
2017-07-14,900.0,933.0,1173.0,769.0,47.89,64.38,87.5,67.7,2017,7,3,4,888.0,847.0,884.0,830.0,928.0,901.0,1141.0,1060.0,758.0,742.0,842.1428571428571,870.3571428571429,857.4333333333333,47.65,47.58,64.46,64.8,87.5,87.5,67.7,67.7,1209.0
2017-07-17,912.0,933.0,1202.0,776.0,47.66,64.34,87.5,67.7,2017,7,3,0,900.0,829.0,903.0,821.0,933.0,818.0,1173.0,1063.0,769.0,735.0,849.7142857142857,871.5,859.7666666666667,47.89,48.53,64.38,64.72,87.5,87.5,67.7,67.7,1204.5
2017-07-18,932.0,984.0,1226.0,786.0,47.92,64.32,87.5,67.7,2017,7,3,1,912.0,822.0,929.0,818.0,933.0,753.0,1202.0,1062.0,776.0,732.0,861.5714285714286,872.1428571428571,862.8,47.66,46.47,64.34,64.62,87.5,87.5,67.7,67.7,1203.0
2017-07-19,948.0,1028.0,1252.0,798.0,48.34,64.24,87.5,67.7,2017,7,3,2,932.0,820.0,920.0,821.0,984.0,730.0,1226.0,1061.0,786.0,729.0,877.2857142857143,872.3571428571429,866.6,47.92,46.57,64.32,64.45,87.5,87.5,67.7,67.7,1181.0
2017-07-20,964.0,1093.0,1260.0,807.0,48.54,64.37,87.5,67.7,2017,7,3,3,948.0,830.0,901.0,824.0,1028.0,755.0,1252.0,1069.0,798.0,733.0,895.5714285714286,874.3571428571429,870.8333333333334,48.34,46.68,64.24,64.54,87.5,87.5,67.7,67.7,1184.0
2017-07-21,977.0,1154.0,1258.0,812.0,47.47,64.38,87.5,67.7,2017,7,3,4,964.0,859.0,882.0,849.0,1093.0,846.0,1260.0,1098.0,807.0,744.0,914.7142857142857,878.8571428571429,875.5,48.54,46.73,64.37,64.53,87.5,87.5,67.7,67.7,1183.0
2017-07-24,977.0,1171.0,1248.0,814.0,47.81,64.39,87.5,67.7,2017,7,3,0,977.0,888.0,871.0,870.0,1154.0,928.0,1258.0,1141.0,812.0,758.0,931.5714285714286,885.6428571428571,879.7666666666667,47.47,47.65,64.38,64.46,87.5,87.5,67.7,67.7,1187.0
2017-07-25,980.0,1221.0,1225.0,813.0,49.19,64.38,87.5,67.7,2017,7,3,1,977.0,900.0,847.0,870.0,1171.0,933.0,1248.0,1173.0,814.0,769.0,944.2857142857143,893.2142857142857,883.3333333333334,47.81,47.89,64.39,64.38,87.5,87.5,67.7,67.7,1215.0
2017-07-26,968.0,1206.0,1192.0,807.0,50.08,64.32,87.5,67.7,2017,7,3,2,980.0,912.0,829.0,865.0,1221.0,933.0,1225.0,1202.0,813.0,776.0,955.7142857142857,902.7142857142857,887.0,49.19,47.66,64.38,64.34,87.5,87.5,67.7,67.7,1250.0
2017-07-27,942.0,1138.0,1146.0,798.0,50.67,64.11,87.5,67.7,2017,7,3,3,968.0,932.0,822.0,855.0,1206.0,984.0,1192.0,1226.0,807.0,786.0,963.7142857142857,912.6428571428571,890.4333333333333,50.08,47.92,64.32,64.32,87.5,87.5,67.7,67.7,1296.0
2017-07-28,933.0,1139.0,1109.0,789.0,52.0,64.11,87.5,67.7,2017,7,3,4,942.0,948.0,820.0,851.0,1138.0,1028.0,1146.0,1252.0,798.0,798.0,965.1428571428571,921.2142857142857,893.3333333333334,50.67,48.34,64.11,64.24,87.5,87.5,67.7,67.7,1332.0
2017-07-31,946.0,1225.0,1095.0,783.0,51.99,64.18,87.5,67.7,2017,7,3,0,933.0,964.0,830.0,848.0,1139.0,1093.0,1109.0,1260.0,789.0,807.0,963.0,929.2857142857143,896.0666666666667,52.0,48.54,64.11,64.37,87.5,87.5,67.7,67.7,1355.0
2017-08-01,965.0,1331.0,1098.0,779.0,50.77,64.06,98.6,76.1,2017,8,3,1,946.0,977.0,859.0,847.0,1225.0,1154.0,1095.0,1258.0,783.0,812.0,960.4285714285714,937.5714285714286,899.3333333333334,51.99,47.47,64.18,64.38,87.5,87.5,67.7,67.7,1344.0
2017-08-02,993.0,1475.0,1118.0,772.0,52.09,63.64,98.6,76.1,2017,8,3,2,965.0,977.0,888.0,844.0,1331.0,1171.0,1098.0,1248.0,779.0,814.0,958.7142857142857,945.1428571428571,903.2666666666667,50.77,47.81,64.06,64.39,98.6,87.5,76.1,67.7,1337.0
2017-08-03,1023.0,1602.0,1143.0,767.0,52.88,63.67,98.6,76.1,2017,8,3,3,993.0,980.0,900.0,855.0,1475.0,1221.0,1118.0,1225.0,772.0,813.0,961.0,952.6428571428571,908.2333333333333,52.09,49.19,63.64,64.38,98.6,87.5,76.1,67.7,1361.0
2017-08-04,1032.0,1637.0,1153.0,764.0,52.48,63.64,98.6,76.1,2017,8,3,4,1023.0,968.0,912.0,870.0,1602.0,1206.0,1143.0,1192.0,767.0,807.0,967.1428571428571,961.4285714285714,913.8333333333334,52.88,50.08,63.67,64.32,98.6,87.5,76.1,67.7,1385.0
2017-08-07,1036.0,1655.0,1158.0,762.0,51.42,63.83,98.6,76.1,2017,8,3,0,1032.0,942.0,932.0,884.0,1637.0,1138.0,1153.0,1146.0,764.0,798.0,976.2857142857143,970.0,919.2333333333333,52.48,50.67,63.64,64.11,98.6,87.5,76.1,67.7,1398.0
2017-08-08,1038.0,1659.0,1170.0,759.0,52.18,63.69,98.6,76.1,2017,8,3,1,1036.0,933.0,948.0,903.0,1655.0,1139.0,1158.0,1109.0,762.0,789.0,989.7142857142857,977.4285714285714,924.3,51.42,52.0,63.83,64.11,98.6,87.5,76.1,67.7,1415.0
2017-08-09,1050.0,1702.0,1192.0,756.0,52.16,63.86,98.6,76.1,2017,8,3,2,1038.0,946.0,964.0,929.0,1659.0,1225.0,1170.0,1095.0,759.0,783.0,1004.7142857142857,983.8571428571429,928.8,52.18,51.99,63.69,64.18,98.6,87.5,76.1,67.7,1449.0
2017-08-10,1092.0,1837.0,1228.0,756.0,52.59,64.05,98.6,76.1,2017,8,3,3,1050.0,965.0,977.0,920.0,1702.0,1331.0,1192.0,1098.0,756.0,779.0,1019.5714285714286,990.0,932.8333333333334,52.16,50.77,63.86,64.06,98.6,98.6,76.1,76.1,1470.0
2017-08-11,1138.0,2013.0,1256.0,759.0,51.47,64.14,98.6,76.1,2017,8,3,4,1092.0,993.0,977.0,901.0,1837.0,1475.0,1228.0,1118.0,756.0,772.0,1037.7142857142858,998.2142857142857,938.5666666666667,52.59,52.09,64.05,63.64,98.6,98.6,76.1,76.1,1502.0
2017-08-14,1155.0,2093.0,1272.0,760.0,51.29,64.08,98.6,76.1,2017,8,3,0,1138.0,1023.0,980.0,882.0,2013.0,1602.0,1256.0,1143.0,759.0,767.0,1058.4285714285713,1009.7142857142857,946.4666666666667,51.47,52.88,64.14,63.67,98.6,98.6,76.1,76.1,1503.0
2017-08-15,1169.0,2155.0,1289.0,765.0,49.9,64.12,98.6,76.1,2017,8,3,1,1155.0,1032.0,968.0,871.0,2093.0,1637.0,1272.0,1153.0,760.0,764.0,1077.2857142857142,1022.2142857142857,955.5666666666667,51.29,52.48,64.08,63.64,98.6,98.6,76.1,76.1,1476.0
2017-08-16,1207.0,2324.0,1310.0,776.0,50.39,64.16,98.6,76.1,2017,8,3,2,1169.0,1036.0,942.0,847.0,2155.0,1655.0,1289.0,1158.0,765.0,762.0,1096.857142857143,1036.5714285714287,965.5,49.9,51.42,64.12,63.83,98.6,98.6,76.1,76.1,1429.0
2017-08-17,1247.0,2542.0,1336.0,791.0,50.37,64.15,98.6,76.1,2017,8,3,3,1207.0,1038.0,933.0,829.0,2324.0,1659.0,1310.0,1170.0,776.0,759.0,1121.2857142857142,1055.5,977.5,50.39,52.18,64.16,63.69,98.6,98.6,76.1,76.1,1391.0
2017-08-18,1260.0,2574.0,1345.0,806.0,50.96,64.1,98.6,76.1,2017,8,3,4,1247.0,1050.0,946.0,822.0,2542.0,1702.0,1336.0,1192.0,791.0,756.0,1151.142857142857,1077.9285714285713,991.4333333333333,50.37,52.16,64.15,63.86,98.6,98.6,76.1,76.1,1356.0
2017-08-21,1266.0,2584.0,1349.0,817.0,51.94,64.1,98.6,76.1,2017,8,3,0,1260.0,1092.0,965.0,820.0,2574.0,1837.0,1345.0,1228.0,806.0,756.0,1181.142857142857,1100.357142857143,1006.0333333333333,50.96,52.59,64.1,64.05,98.6,98.6,76.1,76.1,1328.0
2017-08-22,1249.0,2489.0,1345.0,824.0,52.29,64.07,98.6,76.1,2017,8,3,1,1266.0,1138.0,993.0,830.0,2584.0,2013.0,1349.0,1256.0,817.0,759.0,1206.0,1121.857142857143,1020.9,51.94,51.47,64.1,64.14,98.6,98.6,76.1,76.1,1308.0
2017-08-23,1222.0,2382.0,1311.0,833.0,52.31,64.04,98.6,76.1,2017,8,3,2,1249.0,1155.0,1023.0,859.0,2489.0,2093.0,1345.0,1272.0,824.0,760.0,1221.857142857143,1140.142857142857,1034.8666666666666,52.29,51.29,64.07,64.08,98.6,98.6,76.1,76.1,1320.0
2017-08-24,1200.0,2333.0,1259.0,840.0,51.73,64.04,98.6,76.1,2017,8,3,3,1222.0,1169.0,1032.0,888.0,2382.0,2155.0,1311.0,1289.0,833.0,765.0,1231.4285714285713,1154.357142857143,1046.9666666666667,52.31,49.9,64.04,64.12,98.6,98.6,76.1,76.1,1382.0
2017-08-25,1209.0,2406.0,1235.0,845.0,51.87,64.0,98.6,76.1,2017,8,3,4,1200.0,1207.0,1036.0,900.0,2333.0,2324.0,1259.0,1310.0,840.0,776.0,1235.857142857143,1166.357142857143,1057.3666666666666,51.73,50.39,64.04,64.16,98.6,98.6,76.1,76.1,1405.0
2017-08-28,1204.5,2387.25,1220.0,847.25,51.87,63.9,98.6,76.1,2017,8,3,0,1209.0,1247.0,1038.0,912.0,2406.0,2542.0,1235.0,1336.0,845.0,791.0,1236.142857142857,1178.7142857142858,1067.6666666666667,51.87,50.37,64.0,64.15,98.6,98.6,76.1,76.1,1411.0
2017-08-29,1203.0,2381.0,1215.0,848.0,51.64,64.02,98.6,76.1,2017,8,3,1,1204.5,1260.0,1050.0,932.0,2387.25,2574.0,1220.0,1345.0,847.25,806.0,1230.0714285714287,1190.607142857143,1077.4166666666667,51.87,50.96,63.9,64.1,98.6,98.6,76.1,76.1,1418.0
2017-08-30,1181.0,2282.0,1195.0,851.0,51.91,63.98,98.6,76.1,2017,8,3,2,1203.0,1266.0,1092.0,948.0,2381.0,2584.0,1215.0,1349.0,848.0,817.0,1221.9285714285713,1201.5357142857142,1086.45,51.64,51.94,64.02,64.1,98.6,98.6,76.1,76.1,1433.0
2017-08-31,1184.0,2293.0,1189.0,853.0,52.69,63.93,98.6,76.1,2017,8,3,3,1181.0,1249.0,1138.0,964.0,2282.0,2489.0,1195.0,1345.0,851.0,824.0,1209.7857142857142,1207.892857142857,1094.2166666666667,51.91,52.29,63.98,64.07,98.6,98.6,76.1,76.1,1458.0
2017-09-01,1183.0,2264.0,1198.0,856.0,53.15,64.02,97.8,71.5,2017,9,3,4,1184.0,1222.0,1155.0,977.0,2293.0,2382.0,1189.0,1311.0,853.0,833.0,1200.5,1211.1785714285713,1101.55,52.69,52.31,63.93,64.04,98.6,98.6,76.1,76.1,1485.0
2017-09-04,1187.0,2243.0,1227.0,860.0,52.6,64.095,97.8,71.5,2017,9,3,0,1183.0,1200.0,1169.0,977.0,2264.0,2333.0,1198.0,1259.0,856.0,840.0,1194.9285714285713,1213.1785714285713,1108.4166666666667,53.15,51.73,64.02,64.04,97.8,98.6,71.5,76.1,1523.0
2017-09-05,1215.0,2313.0,1275.0,863.0,53.63,64.12,97.8,71.5,2017,9,3,1,1187.0,1209.0,1207.0,980.0,2243.0,2406.0,1227.0,1235.0,860.0,845.0,1193.0714285714287,1214.4642857142858,1115.4166666666667,52.6,51.87,64.095,64.0,97.8,98.6,71.5,76.1,1552.0
2017-09-06,1250.0,2438.0,1314.0,868.0,54.48,64.06,97.8,71.5,2017,9,3,2,1215.0,1204.5,1247.0,968.0,2313.0,2387.25,1275.0,1220.0,863.0,847.25,1193.9285714285713,1215.0357142857142,1123.25,53.63,51.87,64.12,63.9,97.8,98.6,71.5,76.1,1566.0
2017-09-07,1296.0,2614.0,1351.0,875.0,54.16,64.01,97.8,71.5,2017,9,3,3,1250.0,1203.0,1260.0,942.0,2438.0,2381.0,1314.0,1215.0,868.0,848.0,1200.4285714285713,1215.25,1132.65,54.48,51.64,64.06,64.02,97.8,98.6,71.5,76.1,1582.0
2017-09-08,1332.0,2767.0,1375.0,888.0,54.55,63.78,97.8,71.5,2017,9,3,4,1296.0,1181.0,1266.0,933.0,2614.0,2282.0,1351.0,1195.0,875.0,851.0,1213.7142857142858,1217.8214285714287,1144.45,54.16,51.91,64.01,63.98,97.8,98.6,71.5,76.1,1578.0
2017-09-11,1355.0,2813.0,1394.0,898.0,54.2,63.93,97.8,71.5,2017,9,3,0,1332.0,1184.0,1249.0,946.0,2767.0,2293.0,1375.0,1189.0,888.0,853.0,1235.2857142857142,1222.5357142857142,1157.75,54.55,52.69,63.78,63.93,97.8,98.6,71.5,76.1,1586.0
2017-09-12,1344.0,2724.0,1429.0,908.0,55.06,64.03,97.8,71.5,2017,9,3,1,1355.0,1183.0,1222.0,965.0,2813.0,2264.0,1394.0,1198.0,898.0,856.0,1259.7142857142858,1230.107142857143,1171.3833333333334,54.2,53.15,63.93,64.02,97.8,97.8,71.5,71.5,1588.0
2017-09-13,1337.0,2628.0,1464.0,923.0,55.52,64.0,97.8,71.5,2017,9,3,2,1344.0,1187.0,1200.0,993.0,2724.0,2243.0,1429.0,1227.0,908.0,860.0,1282.7142857142858,1238.8214285714287,1184.0166666666667,55.06,52.6,64.03,64.095,97.8,97.8,71.5,71.5,1573.0
2017-09-14,1361.0,2642.0,1499.0,950.0,56.76,64.12,97.8,71.5,2017,9,3,3,1337.0,1215.0,1209.0,1023.0,2628.0,2313.0,1464.0,1275.0,923.0,863.0,1304.142857142857,1248.607142857143,1195.4833333333333,55.52,53.63,64.0,64.12,97.8,97.8,71.5,71.5,1555.0
2017-09-15,1385.0,2685.0,1521.0,977.0,56.18,64.1,97.8,71.5,2017,9,3,4,1361.0,1250.0,1204.5,1032.0,2642.0,2438.0,1499.0,1314.0,950.0,868.0,1325.0,1259.4642857142858,1206.75,56.76,54.48,64.12,64.06,97.8,97.8,71.5,71.5,1546.0
2017-09-18,1398.0,2681.0,1529.0,997.0,55.5,64.15,97.8,71.5,2017,9,3,0,1385.0,1296.0,1203.0,1036.0,2685.0,2614.0,1521.0,1351.0,977.0,875.0,1344.2857142857142,1272.357142857143,1218.5166666666667,56.18,54.16,64.1,64.01,97.8,97.8,71.5,71.5,1534.0
2017-09-19,1415.0,2723.0,1536.0,1017.0,56.58,64.3,97.8,71.5,2017,9,3,1,1398.0,1332.0,1181.0,1038.0,2681.0,2767.0,1529.0,1375.0,997.0,888.0,1358.857142857143,1286.2857142857142,1230.5833333333333,55.5,54.55,64.15,63.78,97.8,97.8,71.5,71.5,1522.0
2017-09-20,1449.0,2861.0,1531.0,1033.0,57.2,64.29,97.8,71.5,2017,9,3,2,1415.0,1355.0,1184.0,1050.0,2723.0,2813.0,1536.0,1394.0,1017.0,898.0,1370.7142857142858,1303.0,1243.15,56.58,54.2,64.3,63.93,97.8,97.8,71.5,71.5,1496.0
2017-09-21,1470.0,2948.0,1514.0,1050.0,57.73,64.8,97.8,71.5,2017,9,3,3,1449.0,1344.0,1183.0,1092.0,2861.0,2724.0,1531.0,1429.0,1033.0,908.0,1384.142857142857,1321.9285714285713,1256.45,57.2,55.06,64.29,64.03,97.8,97.8,71.5,71.5,1482.0
2017-09-22,1502.0,3147.0,1493.0,1061.0,58.16,64.79,97.8,71.5,2017,9,3,4,1470.0,1337.0,1187.0,1138.0,2948.0,2628.0,1514.0,1464.0,1050.0,923.0,1402.142857142857,1342.4285714285713,1269.05,57.73,55.52,64.8,64.0,97.8,97.8,71.5,71.5,1476.0
2017-09-25,1503.0,3173.0,1474.0,1068.0,59.42,65.12,97.8,71.5,2017,9,3,0,1502.0,1361.0,1215.0,1155.0,3147.0,2642.0,1493.0,1499.0,1061.0,950.0,1425.7142857142858,1364.9285714285713,1281.1833333333334,58.16,56.76,64.79,64.12,97.8,97.8,71.5,71.5,1473.0
2017-09-26,1476.0,3101.0,1446.0,1065.0,59.77,65.46,97.8,71.5,2017,9,3,1,1503.0,1385.0,1250.0,1169.0,3173.0,2685.0,1474.0,1521.0,1068.0,977.0,1446.0,1385.5,1292.7833333333333,59.42,56.18,65.12,64.1,97.8,97.8,71.5,71.5,1477.0
2017-09-27,1429.0,2942.0,1406.0,1054.0,58.74,65.71,97.8,71.5,2017,9,3,2,1476.0,1398.0,1296.0,1207.0,3101.0,2681.0,1446.0,1529.0,1065.0,997.0,1459.0,1401.642857142857,1303.0166666666667,59.77,55.5,65.46,64.15,97.8,97.8,71.5,71.5,1486.0
2017-09-28,1391.0,2824.0,1352.0,1041.0,58.8,65.46,97.8,71.5,2017,9,3,3,1429.0,1415.0,1332.0,1247.0,2942.0,2723.0,1406.0,1536.0,1054.0,1017.0,1463.4285714285713,1411.142857142857,1310.4166666666667,58.74,56.58,65.71,64.3,97.8,97.8,71.5,71.5,1481.0
2017-09-29,1356.0,2738.0,1308.0,1021.0,57.02,65.3,97.8,71.5,2017,9,3,4,1391.0,1449.0,1355.0,1260.0,2824.0,2861.0,1352.0,1531.0,1041.0,1033.0,1460.0,1415.357142857143,1315.2166666666667,58.8,57.2,65.46,64.29,97.8,97.8,71.5,71.5,1464.0
2017-10-02,1328.0,2671.0,1268.0,1006.0,55.67,65.28,97.1,61.7,2017,10,4,0,1356.0,1470.0,1344.0,1266.0,2738.0,2948.0,1308.0,1514.0,1021.0,1050.0,1446.7142857142858,1415.4285714285713,1318.4166666666667,57.02,57.73,65.3,64.8,97.8,97.8,71.5,71.5,1445.0
2017-10-03,1308.0,2618.0,1247.0,984.0,56.12,65.48,97.1,61.7,2017,10,4,1,1328.0,1502.0,1337.0,1249.0,2671.0,3147.0,1268.0,1493.0,1006.0,1061.0,1426.4285714285713,1414.2857142857142,1320.4833333333333,55.67,58.16,65.28,64.79,97.1,97.8,61.7,71.5,1405.0
2017-10-04,1320.0,2667.0,1276.0,968.0,56.0,65.02,97.1,61.7,2017,10,4,2,1308.0,1503.0,1361.0,1222.0,2618.0,3173.0,1247.0,1474.0,984.0,1068.0,1398.7142857142858,1412.2142857142858,1322.45,56.12,59.42,65.48,65.12,97.1,97.8,61.7,71.5,1374.0
2017-10-05,1382.0,2888.0,1345.0,965.0,57.09,65.14,97.1,61.7,2017,10,4,3,1320.0,1476.0,1385.0,1200.0,2667.0,3101.0,1276.0,1446.0,968.0,1065.0,1372.5714285714287,1409.2857142857142,1325.7166666666667,56.0,59.77,65.02,65.46,97.1,97.8,61.7,71.5,1361.0
2017-10-06,1405.0,2929.0,1406.0,971.0,55.5,65.39,97.1,61.7,2017,10,4,4,1382.0,1429.0,1398.0,1209.0,2888.0,2942.0,1345.0,1406.0,965.0,1054.0,1359.142857142857,1409.0714285714287,1331.7833333333333,57.09,58.74,65.14,65.71,97.1,97.8,61.7,71.5,1371.0
2017-10-09,1411.0,2906.0,1438.0,978.0,55.29,65.2775,97.1,61.7,2017,10,4,0,1405.0,1391.0,1415.0,1204.5,2929.0,2824.0,1406.0,1352.0,971.0,1041.0,1355.7142857142858,1409.5714285714287,1338.3166666666666,55.5,58.8,65.39,65.46,97.1,97.8,61.7,71.5,1385.0
2017-10-10,1418.0,2894.0,1465.0,996.0,56.62,65.24,97.1,61.7,2017,10,4,1,1411.0,1356.0,1449.0,1203.0,2906.0,2738.0,1438.0,1308.0,978.0,1021.0,1358.5714285714287,1409.2857142857142,1345.2,55.29,57.02,65.2775,65.3,97.1,97.8,61.7,71.5,1396.0
2017-10-11,1433.0,2882.0,1504.0,1020.0,56.13,65.15,97.1,61.7,2017,10,4,2,1418.0,1328.0,1470.0,1181.0,2894.0,2671.0,1465.0,1268.0,996.0,1006.0,1367.4285714285713,1407.0714285714287,1352.3666666666666,56.62,55.67,65.24,65.28,97.1,97.1,61.7,61.7,1413.0
2017-10-12,1458.0,2859.0,1556.0,1050.0,56.13,65.05,97.1,61.7,2017,10,4,3,1433.0,1308.0,1502.0,1184.0,2882.0,2618.0,1504.0,1247.0,1020.0,984.0,1382.4285714285713,1404.4285714285713,1360.7666666666667,56.13,56.12,65.15,65.48,97.1,97.1,61.7,61.7,1445.0
2017-10-13,1485.0,2871.0,1606.0,1069.0,56.86,64.7,97.1,61.7,2017,10,4,4,1458.0,1320.0,1503.0,1183.0,2859.0,2667.0,1556.0,1276.0,1050.0,968.0,1403.857142857143,1401.2857142857142,1369.9,56.13,56.0,65.05,65.02,97.1,97.1,61.7,61.7,1458.0
2017-10-16,1523.0,2980.0,1637.0,1082.0,57.49,64.7,97.1,61.7,2017,10,4,0,1485.0,1382.0,1476.0,1187.0,2871.0,2888.0,1606.0,1345.0,1069.0,965.0,1427.4285714285713,1400.0,1379.9666666666667,56.86,57.09,64.7,65.14,97.1,97.1,61.7,61.7,1477.0
2017-10-17,1552.0,3079.0,1651.0,1094.0,57.63,65.02,97.1,61.7,2017,10,4,1,1523.0,1405.0,1429.0,1215.0,2980.0,2929.0,1637.0,1406.0,1082.0,971.0,1447.5714285714287,1403.357142857143,1391.1666666666667,57.49,55.5,64.7,65.39,97.1,97.1,61.7,61.7,1506.0
2017-10-18,1566.0,3134.0,1646.0,1105.0,58.05,65.06,97.1,61.7,2017,10,4,2,1552.0,1411.0,1391.0,1250.0,3079.0,2906.0,1651.0,1438.0,1094.0,978.0,1468.5714285714287,1412.142857142857,1402.4,57.63,55.29,65.02,65.2775,97.1,97.1,61.7,61.7,1536.0
2017-10-19,1582.0,3186.0,1648.0,1116.0,57.82,64.99,97.1,61.7,2017,10,4,3,1566.0,1418.0,1356.0,1296.0,3134.0,2894.0,1646.0,1465.0,1105.0,996.0,1490.7142857142858,1424.642857142857,1412.9333333333334,58.05,56.62,65.06,65.24,97.1,97.1,61.7,61.7,1578.0
2017-10-20,1578.0,3145.0,1643.0,1126.0,57.89,65.03,97.1,61.7,2017,10,4,4,1582.0,1433.0,1328.0,1332.0,3186.0,2882.0,1648.0,1504.0,1116.0,1020.0,1514.142857142857,1440.7857142857142,1422.4666666666667,57.82,56.13,64.99,65.15,97.1,97.1,61.7,61.7,1626.0
2017-10-23,1586.0,3187.0,1642.0,1128.0,57.69,65.02,97.1,61.7,2017,10,4,0,1578.0,1458.0,1308.0,1355.0,3145.0,2859.0,1643.0,1556.0,1126.0,1050.0,1534.857142857143,1458.642857142857,1430.6666666666667,57.89,56.13,65.03,65.05,97.1,97.1,61.7,61.7,1662.0
2017-10-24,1588.0,3202.0,1626.0,1130.0,57.84,65.1,97.1,61.7,2017,10,4,1,1586.0,1485.0,1320.0,1344.0,3187.0,2871.0,1642.0,1606.0,1128.0,1069.0,1553.142857142857,1478.5,1438.3666666666666,57.69,56.86,65.02,64.7,97.1,97.1,61.7,61.7,1666.0
2017-10-25,1573.0,3202.0,1592.0,1129.0,58.45,64.92,97.1,61.7,2017,10,4,2,1588.0,1523.0,1382.0,1337.0,3202.0,2980.0,1626.0,1637.0,1130.0,1082.0,1567.857142857143,1497.642857142857,1446.5,57.84,57.49,65.1,64.7,97.1,97.1,61.7,61.7,1670.0
2017-10-26,1555.0,3182.0,1553.0,1117.0,58.75,64.84,97.1,61.7,2017,10,4,3,1573.0,1552.0,1405.0,1361.0,3202.0,3079.0,1592.0,1651.0,1129.0,1094.0,1575.0,1511.2857142857142,1454.3666666666666,58.45,57.63,64.92,65.02,97.1,97.1,61.7,61.7,1679.0
2017-10-27,1546.0,3220.0,1517.0,1100.0,60.15,65.04,97.1,61.7,2017,10,4,4,1555.0,1566.0,1411.0,1385.0,3182.0,3134.0,1553.0,1646.0,1117.0,1105.0,1575.4285714285713,1522.0,1460.8333333333333,58.75,58.05,64.84,65.06,97.1,97.1,61.7,61.7,1702.0
2017-10-30,1534.0,3217.0,1498.0,1081.0,60.65,64.83,97.1,61.7,2017,10,4,0,1546.0,1582.0,1418.0,1398.0,3220.0,3186.0,1517.0,1648.0,1100.0,1116.0,1572.5714285714287,1531.642857142857,1466.2,60.15,57.82,65.04,64.99,97.1,97.1,61.7,61.7,1727.0
2017-10-31,1522.0,3219.0,1492.0,1060.0,61.35,64.75,97.1,61.7,2017,10,4,1,1534.0,1578.0,1433.0,1415.0,3217.0,3145.0,1498.0,1643.0,1081.0,1126.0,1565.7142857142858,1539.9285714285713,1470.7333333333333,60.65,57.89,64.83,65.03,97.1,97.1,61.7,61.7,1743.0
2017-11-01,1496.0,3137.0,1503.0,1043.0,60.98,64.56,96.6,64.2,2017,11,4,2,1522.0,1586.0,1458.0,1449.0,3219.0,3187.0,1492.0,1642.0,1060.0,1128.0,1557.7142857142858,1546.2857142857142,1474.3,61.35,57.69,64.75,65.02,97.1,97.1,61.7,61.7,1730.0
2017-11-02,1482.0,3059.0,1539.0,1027.0,60.79,64.57,96.6,64.2,2017,11,4,3,1496.0,1588.0,1485.0,1470.0,3137.0,3202.0,1503.0,1626.0,1043.0,1130.0,1544.857142857143,1549.0,1475.8666666666666,60.98,57.84,64.56,65.1,96.6,97.1,64.2,61.7,1668.0
2017-11-03,1476.0,3036.0,1562.0,1014.0,61.42,64.56,96.6,64.2,2017,11,4,4,1482.0,1573.0,1523.0,1502.0,3059.0,3202.0,1539.0,1592.0,1027.0,1129.0,1529.7142857142858,1548.7857142857142,1476.2666666666667,60.79,58.45,64.57,64.92,96.6,97.1,64.2,61.7,1619.0
2017-11-06,1473.0,3044.0,1567.0,1001.0,64.27,64.62,96.6,64.2,2017,11,4,0,1476.0,1555.0,1552.0,1503.0,3036.0,3182.0,1562.0,1553.0,1014.0,1117.0,1515.857142857143,1545.4285714285713,1475.4,61.42,58.75,64.56,64.84,96.6,97.1,64.2,61.7,1588.0
2017-11-07,1477.0,3101.0,1558.0,988.0,64.36,65.03,96.6,64.2,2017,11,4,1,1473.0,1546.0,1566.0,1476.0,3044.0,3220.0,1567.0,1517.0,1001.0,1100.0,1504.142857142857,1539.7857142857142,1474.4,64.27,60.15,64.62,65.04,96.6,97.1,64.2,61.7,1547.0
2017-11-08,1486.0,3259.0,1515.0,961.0,63.96,64.94,96.6,64.2,2017,11,4,2,1477.0,1534.0,1582.0,1429.0,3101.0,3217.0,1558.0,1498.0,988.0,1081.0,1494.2857142857142,1533.4285714285713,1474.4333333333334,64.36,60.65,65.03,64.83,96.6,97.1,64.2,61.7,1476.0
2017-11-09,1481.0,3349.0,1468.0,936.0,64.49,64.96,96.6,64.2,2017,11,4,3,1486.0,1522.0,1578.0,1391.0,3259.0,3219.0,1515.0,1492.0,961.0,1060.0,1487.4285714285713,1526.5714285714287,1476.3333333333333,63.96,61.35,64.94,64.75,96.6,97.1,64.2,61.7,1430.0
2017-11-10,1464.0,3360.0,1418.0,912.0,64.35,65.085,96.6,64.2,2017,11,4,4,1481.0,1496.0,1586.0,1356.0,3349.0,3137.0,1468.0,1503.0,936.0,1043.0,1481.5714285714287,1519.642857142857,1479.3333333333333,64.49,60.98,64.96,64.56,96.6,96.6,64.2,64.2,1366.0
2017-11-13,1445.0,3351.0,1387.0,888.0,62.94,65.46,96.6,64.2,2017,11,4,0,1464.0,1482.0,1588.0,1328.0,3360.0,3059.0,1418.0,1539.0,912.0,1027.0,1477.0,1510.9285714285713,1482.9333333333334,64.35,60.79,65.085,64.57,96.6,96.6,64.2,64.2,1316.5454545454545
2017-11-14,1405.0,3209.0,1346.0,872.0,60.91,65.41,96.6,64.2,2017,11,4,1,1445.0,1476.0,1573.0,1308.0,3351.0,3036.0,1387.0,1562.0,888.0,1014.0,1471.7142857142858,1500.7142857142858,1486.8333333333333,62.94,61.42,65.46,64.56,96.6,96.6,64.2,64.2,1304.1818181818182
2017-11-15,1374.0,3108.0,1320.0,858.0,61.25,65.26,96.6,64.2,2017,11,4,2,1405.0,1473.0,1555.0,1320.0,3209.0,3044.0,1346.0,1567.0,872.0,1001.0,1461.5714285714287,1488.7142857142858,1490.0666666666666,60.91,64.27,65.41,64.62,96.6,96.6,64.2,64.2,1291.8181818181818
2017-11-16,1361.0,3084.0,1298.0,849.0,61.18,65.32,96.6,64.2,2017,11,4,3,1374.0,1477.0,1546.0,1382.0,3108.0,3101.0,1320.0,1558.0,858.0,988.0,1447.4285714285713,1475.7857142857142,1491.8666666666666,61.25,64.36,65.26,65.03,96.6,96.6,64.2,64.2,1279.4545454545455
2017-11-17,1371.0,3153.0,1285.0,845.0,61.34,65.01,96.6,64.2,2017,11,4,4,1361.0,1486.0,1534.0,1405.0,3084.0,3259.0,1298.0,1515.0,849.0,961.0,1430.857142857143,1462.5714285714287,1491.1666666666667,61.18,63.96,65.32,64.94,96.6,96.6,64.2,64.2,1230.0
2017-11-20,1385.0,3214.0,1280.0,850.0,61.34,65.1,96.6,64.2,2017,11,4,0,1371.0,1481.0,1522.0,1411.0,3153.0,3349.0,1285.0,1468.0,845.0,936.0,1414.4285714285713,1450.9285714285713,1490.0333333333333,61.34,64.49,65.01,64.96,96.6,96.6,64.2,64.2,1262.0
2017-11-21,1396.0,3255.0,1275.0,856.0,62.28,64.91,96.6,64.2,2017,11,4,1,1385.0,1464.0,1496.0,1418.0,3214.0,3360.0,1280.0,1418.0,850.0,912.0,1400.7142857142858,1441.142857142857,1489.1666666666667,61.34,64.35,65.1,65.085,96.6,96.6,64.2,64.2,1341.0
2017-11-22,1413.0,3298.0,1281.0,875.0,62.92,64.87,96.6,64.2,2017,11,4,2,1396.0,1445.0,1482.0,1433.0,3255.0,3351.0,1275.0,1387.0,856.0,888.0,1391.0,1434.0,1488.4333333333334,62.28,62.94,64.91,65.46,96.6,96.6,64.2,64.2,1371.0
2017-11-23,1445.0,3420.0,1284.0,899.0,63.27,64.77000000000001,96.6,64.2,2017,11,4,3,1413.0,1405.0,1476.0,1458.0,3298.0,3209.0,1281.0,1346.0,875.0,872.0,1386.4285714285713,1429.0714285714287,1487.7666666666667,62.92,60.91,64.87,65.41,96.6,96.6,64.2,64.2,1385.0
2017-11-24,1458.0,3453.0,1295.0,914.0,63.58,64.67,96.6,64.2,2017,11,4,4,1445.0,1374.0,1473.0,1485.0,3420.0,3108.0,1284.0,1320.0,899.0,858.0,1392.142857142857,1426.857142857143,1487.3333333333333,63.27,61.25,64.77000000000001,65.26,96.6,96.6,64.2,64.2,1395.0
2017-11-27,1477.0,3540.0,1299.0,923.0,63.25,64.47,96.6,64.2,2017,11,4,0,1458.0,1361.0,1477.0,1523.0,3453.0,3084.0,1295.0,1298.0,914.0,849.0,1404.142857142857,1425.7857142857142,1486.4333333333334,63.58,61.18,64.67,65.32,96.6,96.6,64.2,64.2,1366.0
2017-11-28,1506.0,3659.0,1320.0,929.0,63.56,64.4,96.6,64.2,2017,11,4,1,1477.0,1371.0,1486.0,1552.0,3540.0,3153.0,1299.0,1285.0,923.0,845.0,1420.7142857142858,1425.7857142857142,1484.9,63.25,61.34,64.47,65.01,96.6,96.6,64.2,64.2,1303.0
2017-11-29,1536.0,3740.0,1368.0,936.0,63.74,64.29,96.6,64.2,2017,11,4,2,1506.0,1385.0,1481.0,1566.0,3659.0,3214.0,1320.0,1280.0,929.0,850.0,1440.0,1427.2142857142858,1483.3666666666666,63.56,61.34,64.4,65.1,96.6,96.6,64.2,64.2,1279.0
2017-11-30,1578.0,3848.0,1433.0,941.0,63.53,64.46,96.6,64.2,2017,11,4,3,1536.0,1396.0,1464.0,1582.0,3740.0,3255.0,1368.0,1275.0,936.0,856.0,1461.5714285714287,1431.142857142857,1482.3666666666666,63.74,62.28,64.29,64.91,96.6,96.6,64.2,64.2,1264.0
2017-12-01,1626.0,4025.0,1494.0,944.0,64.57,64.5,100.8,72.3,2017,12,4,4,1578.0,1413.0,1445.0,1578.0,3848.0,3298.0,1433.0,1281.0,941.0,875.0,1487.5714285714287,1439.2857142857142,1482.2333333333333,63.53,62.92,64.46,64.87,96.6,96.6,64.2,64.2,1221.0
2017-12-04,1662.0,4129.0,1559.0,944.0,63.45,64.36,100.8,72.3,2017,12,4,0,1626.0,1445.0,1405.0,1586.0,4025.0,3420.0,1494.0,1284.0,944.0,899.0,1518.0,1452.2142857142858,1483.8333333333333,64.57,63.27,64.5,64.77000000000001,100.8,96.6,72.3,64.2,1164.0
2017-12-05,1666.0,4115.0,1571.0,944.0,63.45,64.38,100.8,72.3,2017,12,4,1,1662.0,1458.0,1374.0,1588.0,4129.0,3453.0,1559.0,1295.0,944.0,914.0,1549.0,1470.5714285714287,1486.3666666666666,63.45,63.58,64.36,64.67,100.8,96.6,72.3,64.2,1139.0
2017-12-06,1670.0,4126.0,1563.0,945.0,62.25,64.53,100.8,72.3,2017,12,4,2,1666.0,1477.0,1361.0,1573.0,4115.0,3540.0,1571.0,1299.0,944.0,923.0,1578.7142857142858,1491.4285714285713,1488.9666666666667,63.45,63.25,64.38,64.47,100.8,96.6,72.3,64.2,1125.0
2017-12-07,1679.0,4147.0,1564.0,944.0,62.37,64.57,100.8,72.3,2017,12,4,3,1670.0,1506.0,1371.0,1555.0,4126.0,3659.0,1563.0,1320.0,945.0,929.0,1606.2857142857142,1513.5,1492.2,62.25,63.56,64.53,64.4,100.8,96.6,72.3,64.2,1129.0
2017-12-08,1702.0,4193.0,1588.0,943.0,63.86,64.43,100.8,72.3,2017,12,4,4,1679.0,1536.0,1385.0,1546.0,4147.0,3740.0,1564.0,1368.0,944.0,936.0,1631.0,1535.5,1496.3333333333333,62.37,63.74,64.57,64.29,100.8,96.6,72.3,64.2,1157.0
2017-12-11,1727.0,4272.0,1624.0,939.0,65.62,64.35,100.8,72.3,2017,12,4,0,1702.0,1578.0,1396.0,1534.0,4193.0,3848.0,1588.0,1433.0,943.0,941.0,1654.7142857142858,1558.142857142857,1501.5333333333333,63.86,63.53,64.43,64.46,100.8,96.6,72.3,64.2,1200.0
2017-12-12,1743.0,4293.0,1672.0,942.0,64.96,64.39,100.8,72.3,2017,12,4,1,1727.0,1626.0,1413.0,1522.0,4272.0,4025.0,1624.0,1494.0,939.0,944.0,1676.0,1581.7857142857142,1507.9666666666667,65.62,64.57,64.35,64.5,100.8,100.8,72.3,72.3,1217.0
2017-12-13,1730.0,4211.0,1718.0,943.0,63.66,64.45,100.8,72.3,2017,12,4,2,1743.0,1662.0,1445.0,1496.0,4293.0,4129.0,1672.0,1559.0,942.0,944.0,1692.7142857142858,1605.357142857143,1515.3333333333333,64.96,63.45,64.39,64.36,100.8,100.8,72.3,72.3,1219.0
2017-12-14,1668.0,3936.0,1714.0,944.0,63.72,64.36,100.8,72.3,2017,12,4,3,1730.0,1666.0,1458.0,1482.0,4211.0,4115.0,1718.0,1571.0,943.0,944.0,1702.4285714285713,1625.7142857142858,1523.1333333333334,63.66,63.45,64.45,64.38,100.8,100.8,72.3,72.3,1214.0
2017-12-15,1619.0,3777.0,1677.0,942.0,63.81,64.04,100.8,72.3,2017,12,4,4,1668.0,1670.0,1477.0,1476.0,3936.0,4126.0,1714.0,1563.0,944.0,945.0,1702.7142857142858,1640.7142857142858,1529.3333333333333,63.72,62.25,64.36,64.53,100.8,100.8,72.3,72.3,1191.0
2017-12-18,1588.0,3656.0,1643.0,943.0,64.45,64.23,100.8,72.3,2017,12,4,0,1619.0,1679.0,1506.0,1473.0,3777.0,4147.0,1677.0,1564.0,942.0,944.0,1695.4285714285713,1650.857142857143,1534.1,63.81,62.37,64.04,64.57,100.8,100.8,72.3,72.3,1152.0
2017-12-19,1547.0,3510.0,1593.0,938.0,63.69,64.02,100.8,72.3,2017,12,4,1,1588.0,1702.0,1536.0,1477.0,3656.0,4193.0,1643.0,1588.0,943.0,943.0,1682.4285714285713,1656.7142857142858,1537.9333333333334,64.45,63.86,64.23,64.43,100.8,100.8,72.3,72.3,1114.0
2017-12-20,1476.0,3216.0,1546.0,933.0,64.43,64.11,100.8,72.3,2017,12,4,2,1547.0,1727.0,1578.0,1486.0,3510.0,4272.0,1593.0,1624.0,938.0,939.0,1660.2857142857142,1657.5,1540.2666666666667,63.69,65.62,64.02,64.35,100.8,100.8,72.3,72.3,1095.0
2017-12-21,1430.0,3115.0,1445.0,925.0,64.64,64.02,100.8,72.3,2017,12,4,3,1476.0,1743.0,1626.0,1481.0,3216.0,4293.0,1546.0,1672.0,933.0,942.0,1624.4285714285713,1650.2142857142858,1539.9333333333334,64.43,64.96,64.11,64.39,100.8,100.8,72.3,72.3,1082.0
2017-12-22,1366.0,2830.0,1395.0,914.0,64.61,64.02,100.8,72.3,2017,12,4,4,1430.0,1730.0,1662.0,1464.0,3115.0,4211.0,1445.0,1718.0,925.0,943.0,1579.7142857142858,1636.2142857142858,1538.2333333333333,64.64,63.66,64.02,64.45,100.8,100.8,72.3,72.3,1095.0
2017-12-26,1316.5454545454545,2630.3636363636365,1375.0,909.2727272727273,65.746,64.08,100.8,72.3,2017,12,4,1,1366.0,1668.0,1666.0,1445.0,2830.0,3936.0,1395.0,1714.0,914.0,944.0,1527.7142857142858,1615.0714285714287,1534.9666666666667,64.61,63.72,64.02,64.36,100.8,100.8,72.3,72.3,1097.0
2017-12-27,1304.1818181818182,2580.454545454545,1370.0,908.0909090909092,66.03,64.15,100.8,72.3,2017,12,4,2,1316.5454545454545,1619.0,1670.0,1405.0,2630.3636363636365,3777.0,1375.0,1677.0,909.2727272727273,942.0,1477.5064935064934,1590.1103896103898,1530.6848484848485,65.746,63.81,64.08,64.04,100.8,100.8,72.3,72.3,1106.0
2017-12-28,1291.8181818181818,2530.5454545454545,1365.0,906.9090909090908,66.8,64.07,100.8,72.3,2017,12,4,3,1304.1818181818182,1588.0,1679.0,1374.0,2580.454545454545,3656.0,1370.0,1643.0,908.0909090909092,943.0,1432.5324675324675,1563.9805194805194,1527.3242424242424,66.03,64.45,64.15,64.23,100.8,100.8,72.3,72.3,1125.0
2017-12-29,1279.4545454545455,2480.6363636363635,1360.0,905.7272727272727,66.73,63.83,100.8,72.3,2017,12,4,4,1291.8181818181818,1547.0,1702.0,1361.0,2530.5454545454545,3510.0,1365.0,1593.0,906.9090909090908,938.0,1390.2207792207791,1536.3246753246754,1524.5848484848486,66.8,63.69,64.07,64.02,100.8,100.8,72.3,72.3,1123.0
2018-01-02,1230.0,2281.0,1340.0,901.0,66.65,63.46,106.5,76.3,2018,1,1,1,1279.4545454545455,1476.0,1727.0,1371.0,2480.6363636363635,3216.0,1360.0,1546.0,905.7272727272727,933.0,1352.0,1506.142857142857,1521.8666666666666,66.73,64.43,63.83,64.11,100.8,100.8,72.3,72.3,1114.0
2018-01-03,1262.0,2426.0,1332.0,894.0,67.85,63.5,106.5,76.3,2018,1,1,2,1230.0,1430.0,1743.0,1385.0,2281.0,3115.0,1340.0,1445.0,901.0,925.0,1316.857142857143,1470.642857142857,1517.1666666666667,66.65,64.64,63.46,64.02,106.5,100.8,76.3,72.3,1095.0
2018-01-04,1341.0,2715.0,1365.0,884.0,68.73,63.4,106.5,76.3,2018,1,1,3,1262.0,1366.0,1730.0,1396.0,2426.0,2830.0,1332.0,1395.0,894.0,914.0,1292.857142857143,1436.2857142857142,1513.0666666666666,67.85,64.61,63.5,64.02,106.5,100.8,76.3,72.3,1089.0
2018-01-05,1371.0,2791.0,1400.0,884.0,68.01,63.38,106.5,76.3,2018,1,1,4,1341.0,1316.5454545454545,1668.0,1413.0,2715.0,2630.3636363636365,1365.0,1375.0,884.0,909.2727272727273,1289.2857142857142,1408.5,1511.2333333333333,68.73,65.746,63.4,64.08,106.5,100.8,76.3,72.3,1084.0
2018-01-08,1385.0,2826.0,1424.0,886.0,68.48,63.48,106.5,76.3,2018,1,1,0,1371.0,1304.1818181818182,1619.0,1445.0,2791.0,2580.454545454545,1400.0,1370.0,884.0,908.0909090909092,1297.064935064935,1387.2857142857142,1509.8333333333333,68.01,66.03,63.38,64.15,106.5,100.8,76.3,72.3,1087.0
2018-01-09,1395.0,2820.0,1428.0,889.0,69.08,63.66,106.5,76.3,2018,1,1,1,1385.0,1291.8181818181818,1588.0,1458.0,2826.0,2530.5454545454545,1424.0,1365.0,886.0,906.9090909090908,1308.6103896103898,1370.5714285714287,1507.8333333333333,68.48,66.8,63.48,64.07,106.5,100.8,76.3,72.3,1117.0
2018-01-10,1366.0,2677.0,1404.0,898.0,69.79,63.58,106.5,76.3,2018,1,1,2,1395.0,1279.4545454545455,1547.0,1477.0,2820.0,2480.6363636363635,1428.0,1360.0,889.0,905.7272727272727,1323.350649350649,1356.7857142857142,1505.7333333333333,69.08,66.73,63.66,63.83,106.5,100.8,76.3,72.3,1146.0
2018-01-11,1303.0,2384.0,1371.0,902.0,70.36,63.65,106.5,76.3,2018,1,1,3,1366.0,1230.0,1476.0,1506.0,2677.0,2281.0,1404.0,1340.0,898.0,901.0,1335.7142857142858,1343.857142857143,1502.0333333333333,69.79,66.65,63.58,63.46,106.5,106.5,76.3,76.3,1167.0
2018-01-12,1279.0,2296.0,1348.0,907.0,69.64,63.61,106.5,76.3,2018,1,1,4,1303.0,1262.0,1430.0,1536.0,2384.0,2426.0,1371.0,1332.0,902.0,894.0,1346.142857142857,1331.5,1495.2666666666667,70.36,67.85,63.65,63.5,106.5,106.5,76.3,76.3,1185.0
2018-01-15,1264.0,2231.0,1340.0,908.0,70.31,63.91,106.5,76.3,2018,1,1,0,1279.0,1341.0,1366.0,1578.0,2296.0,2715.0,1348.0,1365.0,907.0,884.0,1348.5714285714287,1320.7142857142858,1486.7,69.64,68.73,63.61,63.4,106.5,106.5,76.3,76.3,1191.0
2018-01-16,1221.0,2010.0,1329.0,910.0,69.4,64.01,106.5,76.3,2018,1,1,1,1264.0,1371.0,1316.5454545454545,1626.0,2231.0,2791.0,1340.0,1400.0,908.0,884.0,1337.5714285714287,1313.4285714285713,1476.2333333333333,70.31,68.01,63.91,63.38,106.5,106.5,76.3,76.3,1188.0
2018-01-17,1164.0,1743.0,1317.0,910.0,69.19,63.88,106.5,76.3,2018,1,1,2,1221.0,1385.0,1304.1818181818182,1662.0,2010.0,2826.0,1329.0,1424.0,910.0,886.0,1316.142857142857,1306.603896103896,1462.7333333333333,69.4,68.48,64.01,63.48,106.5,106.5,76.3,76.3,1192.0
2018-01-18,1139.0,1611.0,1311.0,910.0,69.48,63.87,106.5,76.3,2018,1,1,3,1164.0,1395.0,1291.8181818181818,1666.0,1743.0,2820.0,1317.0,1428.0,910.0,889.0,1284.5714285714287,1296.5909090909092,1446.1333333333334,69.19,69.08,63.88,63.66,106.5,106.5,76.3,76.3,1196.0
2018-01-19,1125.0,1493.0,1333.0,911.0,68.56,63.84,106.5,76.3,2018,1,1,4,1139.0,1366.0,1279.4545454545455,1670.0,1611.0,2677.0,1311.0,1404.0,910.0,898.0,1248.0,1285.6753246753246,1428.5666666666666,69.48,69.79,63.87,63.58,106.5,106.5,76.3,76.3,1207.0
2018-01-22,1129.0,1445.0,1362.0,913.0,69.32,63.88,106.5,76.3,2018,1,1,0,1125.0,1303.0,1230.0,1679.0,1493.0,2384.0,1333.0,1371.0,911.0,902.0,1213.5714285714287,1274.642857142857,1410.4,68.56,70.36,63.84,63.65,106.5,106.5,76.3,76.3,1210.0
2018-01-23,1157.0,1525.0,1404.0,911.0,69.81,63.76,106.5,76.3,2018,1,1,1,1129.0,1279.0,1262.0,1702.0,1445.0,2296.0,1362.0,1348.0,913.0,907.0,1188.7142857142858,1267.4285714285713,1392.0666666666666,69.32,69.64,63.88,63.61,106.5,106.5,76.3,76.3,1212.0
2018-01-24,1200.0,1676.0,1456.0,908.0,69.91,63.69,106.5,76.3,2018,1,1,2,1157.0,1264.0,1341.0,1727.0,1525.0,2231.0,1404.0,1340.0,911.0,908.0,1171.2857142857142,1259.9285714285713,1373.9,69.81,70.31,63.76,63.91,106.5,106.5,76.3,76.3,1191.0
2018-01-25,1217.0,1752.0,1481.0,904.0,71.08,63.52,106.5,76.3,2018,1,1,3,1200.0,1221.0,1371.0,1743.0,1676.0,2010.0,1456.0,1329.0,908.0,910.0,1162.142857142857,1249.857142857143,1356.3333333333333,69.91,69.4,63.69,64.01,106.5,106.5,76.3,76.3,1197.0
2018-01-26,1219.0,1772.0,1492.0,900.0,70.08,63.58,106.5,76.3,2018,1,1,4,1217.0,1164.0,1385.0,1730.0,1752.0,1743.0,1481.0,1317.0,904.0,910.0,1161.5714285714287,1238.857142857143,1338.8,71.08,69.19,63.52,63.88,106.5,106.5,76.3,76.3,1201.0
2018-01-29,1214.0,1784.0,1485.0,895.0,68.41,63.57,106.5,76.3,2018,1,1,0,1219.0,1139.0,1395.0,1668.0,1772.0,1611.0,1492.0,1311.0,900.0,910.0,1169.4285714285713,1227.0,1321.7666666666667,70.08,69.48,63.58,63.87,106.5,106.5,76.3,76.3,1192.0
2018-01-30,1191.0,1748.0,1450.0,889.0,67.78,63.65,106.5,76.3,2018,1,1,1,1214.0,1125.0,1366.0,1619.0,1784.0,1493.0,1485.0,1333.0,895.0,911.0,1180.142857142857,1214.0714285714287,1306.6333333333334,68.41,68.56,63.57,63.84,106.5,106.5,76.3,76.3,1179.0
2018-01-31,1152.0,1613.0,1411.0,884.0,67.78,63.58,106.5,76.3,2018,1,1,2,1191.0,1129.0,1303.0,1588.0,1748.0,1445.0,1450.0,1362.0,889.0,913.0,1189.5714285714287,1201.5714285714287,1292.3666666666666,67.78,69.32,63.65,63.88,106.5,106.5,76.3,76.3,1169.0
2018-02-01,1114.0,1528.0,1378.0,877.0,68.6,63.97,106.0,77.5,2018,2,1,3,1152.0,1157.0,1279.0,1547.0,1613.0,1525.0,1411.0,1404.0,884.0,911.0,1192.857142857143,1190.7857142857142,1277.8333333333333,67.78,69.81,63.58,63.76,106.5,106.5,76.3,76.3,1150.0
2018-02-02,1095.0,1470.0,1359.0,872.0,67.45,64.11,106.0,77.5,2018,2,1,4,1114.0,1200.0,1264.0,1476.0,1528.0,1676.0,1378.0,1456.0,877.0,908.0,1186.7142857142858,1179.0,1263.4,68.6,69.91,63.97,63.69,106.0,106.5,77.5,76.3,1143.0
2018-02-05,1082.0,1433.0,1339.0,865.0,67.69,64.06,106.0,77.5,2018,2,1,0,1095.0,1217.0,1221.0,1430.0,1470.0,1752.0,1359.0,1481.0,872.0,904.0,1171.7142857142858,1166.9285714285713,1250.7,67.45,71.08,64.11,63.52,106.0,106.5,77.5,76.3,1136.0
2018-02-06,1095.0,1519.0,1316.0,857.0,66.75,64.23,106.0,77.5,2018,2,1,1,1082.0,1219.0,1164.0,1366.0,1433.0,1772.0,1339.0,1492.0,865.0,900.0,1152.4285714285713,1157.0,1239.1,67.69,70.08,64.06,63.58,106.0,106.5,77.5,76.3,1122.0
2018-02-07,1097.0,1578.0,1293.0,844.0,65.74,64.23,106.0,77.5,2018,2,1,2,1095.0,1214.0,1139.0,1316.5454545454545,1519.0,1784.0,1316.0,1485.0,857.0,895.0,1134.7142857142858,1152.0714285714287,1230.0666666666666,66.75,68.41,64.23,63.57,106.0,106.5,77.5,76.3,1117.0
2018-02-08,1106.0,1662.0,1263.0,833.0,64.26,64.27,106.0,77.5,2018,2,1,3,1097.0,1191.0,1125.0,1304.1818181818182,1578.0,1748.0,1293.0,1450.0,844.0,889.0,1118.0,1149.0714285714287,1222.7484848484848,65.74,67.78,64.23,63.65,106.0,106.5,77.5,76.3,1117.0
2018-02-09,1125.0,1790.0,1250.0,825.0,63.04,64.37,106.0,77.5,2018,2,1,4,1106.0,1152.0,1129.0,1291.8181818181818,1662.0,1613.0,1263.0,1411.0,833.0,884.0,1105.857142857143,1147.7142857142858,1216.1424242424243,64.26,67.78,64.27,63.58,106.0,106.5,77.5,76.3,1122.0
2018-02-12,1123.0,1824.0,1237.0,819.0,62.2,64.29,106.0,77.5,2018,2,1,0,1125.0,1114.0,1157.0,1279.4545454545455,1790.0,1528.0,1250.0,1378.0,825.0,877.0,1102.0,1147.4285714285713,1210.581818181818,63.04,68.6,64.37,63.97,106.0,106.0,77.5,77.5,1126.0
2018-02-13,1114.0,1793.0,1228.0,817.0,61.94,64.27,106.0,77.5,2018,2,1,1,1123.0,1095.0,1200.0,1230.0,1824.0,1470.0,1237.0,1359.0,819.0,872.0,1103.2857142857142,1145.0,1205.3666666666666,62.2,67.45,64.29,64.11,106.0,106.0,77.5,77.5,1117.0
2018-02-14,1095.0,1721.0,1231.0,823.0,62.29,64.1,106.0,77.5,2018,2,1,2,1114.0,1082.0,1217.0,1262.0,1793.0,1433.0,1228.0,1339.0,817.0,865.0,1106.0,1138.857142857143,1201.5,61.94,67.69,64.27,64.06,106.0,106.0,77.5,77.5,1080.0
2018-02-15,1089.0,1663.0,1251.0,832.0,62.86,63.93,106.0,77.5,2018,2,1,3,1095.0,1095.0,1219.0,1341.0,1721.0,1519.0,1231.0,1316.0,823.0,857.0,1107.857142857143,1130.142857142857,1195.9333333333334,62.29,66.75,64.1,64.23,106.0,106.0,77.5,77.5,1055.0
2018-02-16,1084.0,1608.0,1273.0,837.0,64.3,64.21,106.0,77.5,2018,2,1,4,1089.0,1097.0,1214.0,1371.0,1663.0,1578.0,1251.0,1293.0,832.0,844.0,1107.0,1120.857142857143,1187.5333333333333,62.86,65.74,63.93,64.23,106.0,106.0,77.5,77.5,1047.2
2018-02-19,1087.0,1597.0,1294.0,840.0,64.95,64.675,106.0,77.5,2018,2,1,0,1084.0,1106.0,1191.0,1385.0,1608.0,1662.0,1273.0,1263.0,837.0,833.0,1105.142857142857,1111.5714285714287,1177.9666666666667,64.3,64.26,64.21,64.27,106.0,106.0,77.5,77.5,1023.8
2018-02-20,1117.0,1678.0,1333.0,847.0,64.68,64.83,106.0,77.5,2018,2,1,1,1087.0,1125.0,1152.0,1395.0,1597.0,1790.0,1294.0,1250.0,840.0,825.0,1102.4285714285713,1104.142857142857,1168.0333333333333,64.95,63.04,64.675,64.37,106.0,106.0,77.5,77.5,1016.0
2018-02-21,1146.0,1717.0,1388.0,856.0,64.81,64.76,106.0,77.5,2018,2,1,2,1117.0,1123.0,1114.0,1366.0,1678.0,1824.0,1333.0,1237.0,847.0,819.0,1101.2857142857142,1101.642857142857,1158.7666666666667,64.68,62.2,64.83,64.29,106.0,106.0,77.5,77.5,977.0
2018-02-22,1167.0,1725.0,1438.0,871.0,66.12,65.01,106.0,77.5,2018,2,1,3,1146.0,1114.0,1095.0,1303.0,1717.0,1793.0,1388.0,1228.0,856.0,817.0,1104.5714285714287,1103.9285714285713,1151.4333333333334,64.81,61.94,64.76,64.27,106.0,106.0,77.5,77.5,953.0
2018-02-23,1185.0,1722.0,1481.0,892.0,67.04,64.71,106.0,77.5,2018,2,1,4,1167.0,1095.0,1082.0,1279.0,1725.0,1721.0,1438.0,1231.0,871.0,823.0,1112.142857142857,1109.0714285714287,1146.9,66.12,62.29,65.01,64.1,106.0,106.0,77.5,77.5,948.0
2018-02-26,1191.0,1680.0,1504.0,919.0,67.96,64.78,106.0,77.5,2018,2,1,0,1185.0,1089.0,1095.0,1264.0,1722.0,1663.0,1481.0,1251.0,892.0,832.0,1125.0,1116.4285714285713,1143.7666666666667,67.04,62.86,64.71,63.93,106.0,106.0,77.5,77.5,952.0
2018-02-27,1188.0,1595.0,1513.0,948.0,67.59,64.84,106.0,77.5,2018,2,1,1,1191.0,1084.0,1097.0,1221.0,1680.0,1608.0,1504.0,1273.0,919.0,837.0,1139.5714285714287,1123.2857142857142,1141.3333333333333,67.96,64.3,64.78,64.21,106.0,106.0,77.5,77.5,974.0
2018-02-28,1192.0,1560.0,1513.0,973.0,66.08,65.2,106.0,77.5,2018,2,1,2,1188.0,1087.0,1106.0,1164.0,1595.0,1597.0,1513.0,1294.0,948.0,840.0,1154.4285714285713,1129.7857142857142,1140.2333333333333,67.59,64.95,64.84,64.675,106.0,106.0,77.5,77.5,979.0
2018-03-01,1196.0,1568.0,1505.0,992.0,64.23,65.2,96.7,70.4,2018,3,1,3,1192.0,1117.0,1125.0,1139.0,1560.0,1678.0,1513.0,1333.0,973.0,847.0,1169.4285714285713,1135.9285714285713,1141.1666666666667,66.08,64.68,65.2,64.83,106.0,106.0,77.5,77.5,993.0
2018-03-02,1207.0,1592.0,1500.0,1004.0,64.26,65.24,96.7,70.4,2018,3,1,4,1196.0,1146.0,1123.0,1125.0,1568.0,1717.0,1505.0,1388.0,992.0,856.0,1180.7142857142858,1141.0,1143.0666666666666,64.23,64.81,65.2,64.76,96.7,106.0,70.4,77.5,1014.0
2018-03-05,1210.0,1597.0,1502.0,1006.0,65.78,65.06,96.7,70.4,2018,3,1,0,1207.0,1167.0,1114.0,1129.0,1592.0,1725.0,1500.0,1438.0,1004.0,871.0,1189.4285714285713,1147.0,1145.8,64.26,66.12,65.24,65.01,96.7,106.0,70.4,77.5,1025.0
2018-03-06,1212.0,1587.0,1528.0,1013.0,65.67,64.9,96.7,70.4,2018,3,1,1,1210.0,1185.0,1095.0,1157.0,1597.0,1722.0,1502.0,1481.0,1006.0,892.0,1195.5714285714287,1153.857142857143,1148.5,65.78,67.04,65.06,64.71,96.7,106.0,70.4,77.5,1052.0
2018-03-07,1191.0,1495.0,1553.0,1020.0,65.09,64.86,96.7,70.4,2018,3,1,2,1212.0,1191.0,1089.0,1200.0,1587.0,1680.0,1528.0,1504.0,1013.0,919.0,1199.4285714285713,1162.2142857142858,1150.3333333333333,65.67,67.96,64.9,64.78,96.7,106.0,70.4,77.5,1124.0
2018-03-08,1197.0,1489.0,1590.0,1026.0,63.87,65.15,96.7,70.4,2018,3,1,3,1191.0,1188.0,1084.0,1217.0,1495.0,1595.0,1553.0,1513.0,1020.0,948.0,1199.4285714285713,1169.5,1150.0333333333333,65.09,67.59,64.86,64.84,96.7,106.0,70.4,77.5,1201.0
2018-03-09,1201.0,1479.0,1615.0,1032.0,65.19,65.12,96.7,70.4,2018,3,1,4,1197.0,1192.0,1087.0,1219.0,1489.0,1560.0,1590.0,1513.0,1026.0,973.0,1200.7142857142858,1177.5714285714287,1149.3666666666666,63.87,66.08,65.15,65.2,96.7,106.0,70.4,77.5,1281.0
2018-03-12,1192.0,1425.0,1624.0,1040.0,64.53,65.0,96.7,70.4,2018,3,1,0,1201.0,1196.0,1117.0,1214.0,1479.0,1568.0,1615.0,1505.0,1032.0,992.0,1202.0,1185.7142857142858,1148.7666666666667,65.19,64.23,65.12,65.2,96.7,96.7,70.4,70.4,1306.0
2018-03-13,1179.0,1362.0,1623.0,1049.0,64.2,64.85,96.7,70.4,2018,3,1,1,1192.0,1207.0,1146.0,1191.0,1425.0,1592.0,1624.0,1500.0,1040.0,1004.0,1201.4285714285713,1191.0714285714287,1148.0333333333333,64.53,64.26,65.0,65.24,96.7,96.7,70.4,70.4,1330.0
2018-03-14,1169.0,1312.0,1623.0,1061.0,63.61,64.84,96.7,70.4,2018,3,1,2,1179.0,1210.0,1167.0,1152.0,1362.0,1597.0,1623.0,1502.0,1049.0,1006.0,1197.4285714285713,1193.4285714285713,1147.6333333333334,64.2,65.78,64.85,65.06,96.7,96.7,70.4,70.4,1376.0
2018-03-15,1150.0,1238.0,1619.0,1077.0,63.67,64.94,96.7,70.4,2018,3,1,3,1169.0,1212.0,1185.0,1114.0,1312.0,1587.0,1623.0,1528.0,1061.0,1013.0,1191.5714285714287,1193.5714285714287,1148.2,63.61,65.67,64.84,64.9,96.7,96.7,70.4,70.4,1375.0
2018-03-16,1143.0,1203.0,1618.0,1091.0,64.68,64.97,96.7,70.4,2018,3,1,4,1150.0,1191.0,1191.0,1095.0,1238.0,1495.0,1619.0,1553.0,1077.0,1020.0,1182.7142857142858,1191.0714285714287,1149.4,63.67,65.09,64.94,64.86,96.7,96.7,70.4,70.4,1361.0
2018-03-19,1136.0,1171.0,1621.0,1099.0,64.82,65.21,96.7,70.4,2018,3,1,0,1143.0,1197.0,1188.0,1082.0,1203.0,1489.0,1618.0,1590.0,1091.0,1026.0,1175.857142857143,1187.642857142857,1151.0,64.68,63.87,64.97,65.15,96.7,96.7,70.4,70.4,1341.0
2018-03-20,1122.0,1112.0,1615.0,1109.0,66.0,65.19,96.7,70.4,2018,3,1,1,1136.0,1201.0,1192.0,1095.0,1171.0,1479.0,1621.0,1615.0,1099.0,1032.0,1167.142857142857,1183.9285714285713,1152.8,64.82,65.19,65.21,65.12,96.7,96.7,70.4,70.4,1327.0
2018-03-21,1117.0,1109.0,1606.0,1117.0,68.15,65.2,96.7,70.4,2018,3,1,2,1122.0,1192.0,1196.0,1097.0,1112.0,1425.0,1615.0,1624.0,1109.0,1040.0,1155.857142857143,1178.9285714285713,1153.7,66.0,64.53,65.19,65.0,96.7,96.7,70.4,70.4,1346.0
2018-03-22,1117.0,1129.0,1593.0,1122.0,68.98,65.1,96.7,70.4,2018,3,1,3,1117.0,1179.0,1207.0,1106.0,1109.0,1362.0,1606.0,1623.0,1117.0,1049.0,1145.142857142857,1173.2857142857142,1154.3666666666666,68.15,64.2,65.2,64.85,96.7,96.7,70.4,70.4,1376.0
2018-03-23,1122.0,1157.0,1587.0,1121.0,69.03,64.98,96.7,70.4,2018,3,1,4,1117.0,1169.0,1210.0,1125.0,1129.0,1312.0,1593.0,1623.0,1122.0,1061.0,1136.2857142857142,1166.857142857143,1154.7333333333333,68.98,63.61,65.1,64.84,96.7,96.7,70.4,70.4,1384.0
2018-03-26,1126.0,1197.0,1575.0,1116.0,68.81,64.83,96.7,70.4,2018,3,1,0,1122.0,1150.0,1212.0,1123.0,1157.0,1238.0,1587.0,1619.0,1121.0,1077.0,1129.5714285714287,1160.5714285714287,1154.6333333333334,69.03,63.67,64.98,64.94,96.7,96.7,70.4,70.4,1420.0
2018-03-27,1117.0,1191.0,1552.0,1106.0,68.63,64.98,96.7,70.4,2018,3,1,1,1126.0,1143.0,1191.0,1114.0,1197.0,1203.0,1575.0,1618.0,1116.0,1091.0,1126.142857142857,1154.4285714285713,1154.7333333333333,68.81,64.68,64.83,64.97,96.7,96.7,70.4,70.4,1432.0
2018-03-28,1080.0,1065.0,1520.0,1093.0,68.13,65.15,96.7,70.4,2018,3,1,2,1117.0,1136.0,1197.0,1095.0,1191.0,1171.0,1552.0,1621.0,1106.0,1099.0,1122.4285714285713,1149.142857142857,1154.8333333333333,68.63,64.82,64.98,65.21,96.7,96.7,70.4,70.4,1465.0
2018-03-29,1055.0,1010.0,1495.0,1080.0,69.02,65.12,96.7,70.4,2018,3,1,3,1080.0,1122.0,1201.0,1089.0,1065.0,1112.0,1520.0,1615.0,1093.0,1109.0,1114.4285714285713,1140.7857142857142,1154.3333333333333,68.13,66.0,65.15,65.19,96.7,96.7,70.4,70.4,1453.0
2018-03-30,1047.2,992.8,1487.0,1077.4,69.02,65.11,96.7,70.4,2018,3,1,4,1055.0,1117.0,1192.0,1084.0,1010.0,1109.0,1495.0,1606.0,1080.0,1117.0,1104.857142857143,1130.357142857143,1153.2,69.02,68.15,65.12,65.2,96.7,96.7,70.4,70.4,1472.0
2018-04-02,1023.8,941.2,1463.0,1069.6,69.02,65.11,93.7,65.8,2018,4,2,0,1047.2,1117.0,1179.0,1087.0,992.8,1129.0,1487.0,1593.0,1077.4,1122.0,1094.8857142857144,1120.0142857142857,1151.9733333333331,69.02,68.98,65.11,65.1,96.7,96.7,70.4,70.4,1476.0
2018-04-03,1016.0,924.0,1455.0,1067.0,69.02,65.0,93.7,65.8,2018,4,2,1,1023.8,1122.0,1169.0,1117.0,941.2,1157.0,1463.0,1587.0,1069.6,1121.0,1081.5714285714287,1108.9285714285713,1149.8666666666666,69.02,69.03,65.11,64.98,93.7,96.7,65.8,70.4,1468.0
2018-04-04,977.0,841.0,1397.0,1056.0,66.04,65.08,93.7,65.8,2018,4,2,2,1016.0,1126.0,1150.0,1146.0,924.0,1197.0,1455.0,1575.0,1067.0,1116.0,1066.4285714285713,1098.0,1146.5,69.02,68.81,65.0,64.83,93.7,96.7,65.8,70.4,1403.0
2018-04-05,953.0,809.0,1343.0,1042.0,66.54,64.92,93.7,65.8,2018,4,2,3,977.0,1117.0,1143.0,1167.0,841.0,1191.0,1397.0,1552.0,1056.0,1106.0,1045.142857142857,1085.642857142857,1140.8666666666666,66.04,68.63,65.08,64.98,93.7,96.7,65.8,70.4,1305.0
2018-04-06,948.0,824.0,1317.0,1032.0,66.51,64.95,93.7,65.8,2018,4,2,4,953.0,1080.0,1136.0,1185.0,809.0,1065.0,1343.0,1520.0,1042.0,1093.0,1021.7142857142857,1072.0714285714287,1133.7333333333333,66.54,68.13,64.92,65.15,93.7,96.7,65.8,70.4,1273.0
2018-04-09,952.0,854.0,1315.0,1024.0,68.19,64.95,93.7,65.8,2018,4,2,0,948.0,1055.0,1122.0,1191.0,824.0,1010.0,1317.0,1495.0,1032.0,1080.0,1002.8571428571429,1058.642857142857,1125.8333333333333,66.51,69.02,64.95,65.12,93.7,96.7,65.8,70.4,1239.0
2018-04-10,974.0,930.0,1319.0,1016.0,70.67,64.95,93.7,65.8,2018,4,2,1,952.0,1047.2,1117.0,1188.0,854.0,992.8,1315.0,1487.0,1024.0,1077.4,988.1428571428571,1046.5,1117.8666666666666,68.19,69.02,64.95,65.11,93.7,96.7,65.8,70.4,1199.0
2018-04-11,979.0,940.0,1325.0,1014.0,72.74,65.26,93.7,65.8,2018,4,2,2,974.0,1023.8,1117.0,1192.0,930.0,941.2,1319.0,1463.0,1016.0,1069.6,977.6857142857143,1036.2857142857142,1110.7333333333333,70.67,69.02,64.95,65.11,93.7,93.7,65.8,65.8,1162.0
2018-04-12,993.0,982.0,1335.0,1014.0,71.44,65.28,93.7,65.8,2018,4,2,3,979.0,1016.0,1122.0,1196.0,940.0,924.0,1325.0,1455.0,1014.0,1067.0,971.2857142857143,1026.4285714285713,1103.6333333333334,72.74,69.02,65.26,65.0,93.7,93.7,65.8,65.8,1109.0
2018-04-13,1014.0,1038.0,1351.0,1013.0,73.18,65.27,93.7,65.8,2018,4,2,4,993.0,977.0,1126.0,1207.0,982.0,841.0,1335.0,1397.0,1014.0,1056.0,968.0,1017.2142857142857,1096.8666666666666,71.44,66.04,65.28,65.08,93.7,93.7,65.8,65.8,1077.0
2018-04-16,1025.0,1061.0,1359.0,1016.0,72.05,65.46,93.7,65.8,2018,4,2,0,1014.0,953.0,1117.0,1210.0,1038.0,809.0,1351.0,1343.0,1013.0,1042.0,973.2857142857143,1009.2142857142857,1090.4333333333334,73.18,66.54,65.27,64.92,93.7,93.7,65.8,65.8,1057.0
2018-04-17,1052.0,1152.0,1353.0,1018.0,71.71,65.66,93.7,65.8,2018,4,2,1,1025.0,948.0,1080.0,1212.0,1061.0,824.0,1359.0,1317.0,1016.0,1032.0,983.5714285714286,1002.6428571428571,1084.2666666666667,72.05,66.51,65.46,64.95,93.7,93.7,65.8,65.8,1042.0
2018-04-18,1124.0,1402.0,1329.0,1022.0,73.73,65.62,93.7,65.8,2018,4,2,2,1052.0,952.0,1055.0,1191.0,1152.0,854.0,1353.0,1315.0,1018.0,1024.0,998.4285714285714,1000.6428571428571,1078.9333333333334,71.71,68.19,65.66,64.95,93.7,93.7,65.8,65.8,1090.0
2018-04-19,1201.0,1668.0,1306.0,1022.0,74.85,65.79,93.7,65.8,2018,4,2,3,1124.0,974.0,1047.2,1197.0,1402.0,930.0,1329.0,1319.0,1022.0,1016.0,1023.0,1005.5714285714286,1076.7,73.73,70.67,65.62,64.95,93.7,93.7,65.8,65.8,1156.0
2018-04-20,1281.0,1915.0,1289.0,1025.0,74.62,66.15,93.7,65.8,2018,4,2,4,1201.0,979.0,1023.8,1201.0,1668.0,940.0,1306.0,1325.0,1022.0,1014.0,1055.4285714285713,1016.5571428571428,1076.8333333333333,74.85,72.74,65.79,65.26,93.7,93.7,65.8,65.8,1193.0
2018-04-23,1306.0,2009.0,1281.0,1027.0,74.54,66.42,93.7,65.8,2018,4,2,0,1281.0,993.0,1016.0,1192.0,1915.0,982.0,1289.0,1335.0,1025.0,1014.0,1098.5714285714287,1034.9285714285713,1079.5,74.62,71.44,66.15,65.28,93.7,93.7,65.8,65.8,1249.0
2018-04-24,1330.0,2130.0,1269.0,1030.0,75.86,66.36,93.7,65.8,2018,4,2,1,1306.0,1014.0,977.0,1179.0,2009.0,1038.0,1281.0,1351.0,1027.0,1013.0,1143.2857142857142,1055.642857142857,1083.3,74.54,73.18,66.42,65.27,93.7,93.7,65.8,65.8,1340.0
2018-04-25,1376.0,2314.0,1264.0,1037.0,73.79,66.92,93.7,65.8,2018,4,2,2,1330.0,1025.0,953.0,1169.0,2130.0,1061.0,1269.0,1359.0,1030.0,1016.0,1188.4285714285713,1080.857142857143,1088.3333333333333,75.86,72.05,66.36,65.46,93.7,93.7,65.8,65.8,1395.0
2018-04-26,1375.0,2306.0,1272.0,1040.0,75.39,66.8,93.7,65.8,2018,4,2,3,1376.0,1052.0,948.0,1150.0,2314.0,1152.0,1264.0,1353.0,1037.0,1018.0,1238.5714285714287,1111.0714285714287,1095.2333333333333,73.79,71.71,66.92,65.66,93.7,93.7,65.8,65.8,1391.0
2018-04-27,1361.0,2251.0,1275.0,1042.0,75.33,66.68,93.7,65.8,2018,4,2,4,1375.0,1124.0,952.0,1143.0,2306.0,1402.0,1272.0,1329.0,1040.0,1022.0,1284.7142857142858,1141.5714285714287,1102.7333333333333,75.39,73.73,66.8,65.62,93.7,93.7,65.8,65.8,1387.0
2018-04-30,1341.0,2173.0,1276.0,1045.0,75.92,66.5,93.7,65.8,2018,4,2,0,1361.0,1201.0,974.0,1136.0,2251.0,1668.0,1275.0,1306.0,1042.0,1022.0,1318.5714285714287,1170.7857142857142,1110.0,75.33,74.85,66.68,65.79,93.7,93.7,65.8,65.8,1390.0
2018-05-01,1327.0,2136.0,1271.0,1043.0,74.85,66.52,105.3,66.1,2018,5,2,1,1341.0,1281.0,979.0,1122.0,2173.0,1915.0,1276.0,1289.0,1045.0,1025.0,1338.5714285714287,1197.0,1116.8333333333333,75.92,74.62,66.5,66.15,93.7,93.7,65.8,65.8,1404.0
2018-05-02,1346.0,2197.0,1271.0,1043.0,73.14,66.71,105.3,66.1,2018,5,2,2,1327.0,1306.0,993.0,1117.0,2136.0,2009.0,1271.0,1281.0,1043.0,1027.0,1345.142857142857,1221.857142857143,1123.6666666666667,74.85,74.54,66.52,66.42,105.3,93.7,66.1,65.8,1433.0
2018-05-03,1376.0,2308.0,1266.0,1047.0,73.45,66.68,105.3,66.1,2018,5,2,3,1346.0,1330.0,1014.0,1117.0,2197.0,2130.0,1271.0,1269.0,1043.0,1030.0,1350.857142857143,1247.0714285714287,1131.3,73.14,75.86,66.71,66.36,105.3,93.7,66.1,65.8,1445.0
2018-05-04,1384.0,2337.0,1265.0,1050.0,74.75,66.83,105.3,66.1,2018,5,2,4,1376.0,1376.0,1025.0,1122.0,2308.0,2314.0,1266.0,1264.0,1047.0,1037.0,1357.4285714285713,1272.9285714285713,1139.9333333333334,73.45,73.79,66.68,66.92,105.3,93.7,66.1,65.8,1442.0
2018-05-07,1420.0,2445.75,1259.0,1050.75,74.3075,67.13,105.3,66.1,2018,5,2,0,1384.0,1375.0,1052.0,1126.0,2337.0,2306.0,1265.0,1272.0,1050.0,1040.0,1358.5714285714287,1298.5714285714287,1148.6666666666667,74.75,75.39,66.83,66.8,105.3,93.7,66.1,65.8,1419.0
2018-05-08,1432.0,2482.0,1257.0,1051.0,74.16,67.12,105.3,66.1,2018,5,2,1,1420.0,1361.0,1124.0,1117.0,2445.75,2251.0,1259.0,1275.0,1050.75,1042.0,1365.0,1324.857142857143,1158.4666666666667,74.3075,75.33,67.13,66.68,105.3,93.7,66.1,65.8,1373.0
2018-05-09,1465.0,2616.0,1253.0,1048.0,77.6,67.25,105.3,66.1,2018,5,2,2,1432.0,1341.0,1201.0,1080.0,2482.0,2173.0,1257.0,1276.0,1051.0,1045.0,1375.142857142857,1346.857142857143,1168.9666666666667,74.16,75.92,67.12,66.5,105.3,93.7,66.1,65.8,1347.0
2018-05-10,1453.0,2565.0,1246.0,1052.0,77.59,67.24,105.3,66.1,2018,5,2,3,1465.0,1327.0,1281.0,1055.0,2616.0,2136.0,1253.0,1271.0,1048.0,1043.0,1392.857142857143,1365.7142857142858,1181.8,77.6,74.85,67.25,66.52,105.3,105.3,66.1,66.1,1341.0
2018-05-11,1472.0,2630.0,1245.0,1053.0,77.37,67.28,105.3,66.1,2018,5,2,4,1453.0,1346.0,1306.0,1047.2,2565.0,2197.0,1246.0,1271.0,1052.0,1043.0,1410.857142857143,1378.0,1195.0666666666666,77.59,73.14,67.24,66.71,105.3,105.3,66.1,66.1,1333.0
2018-05-14,1476.0,2635.0,1240.0,1055.0,78.17,67.55,105.3,66.1,2018,5,2,0,1472.0,1376.0,1330.0,1023.8,2630.0,2308.0,1245.0,1266.0,1053.0,1047.0,1428.857142857143,1389.857142857143,1209.2266666666667,77.37,73.45,67.28,66.68,105.3,105.3,66.1,66.1,1323.0
2018-05-15,1468.0,2602.0,1237.0,1053.0,78.94,68.07,105.3,66.1,2018,5,2,1,1476.0,1384.0,1376.0,1016.0,2635.0,2337.0,1240.0,1265.0,1055.0,1050.0,1443.142857142857,1400.2857142857142,1224.3,78.17,74.75,67.55,66.83,105.3,105.3,66.1,66.1,1309.0
2018-05-16,1403.0,2407.0,1237.0,1056.0,78.19,67.77,105.3,66.1,2018,5,2,2,1468.0,1420.0,1375.0,977.0,2602.0,2445.75,1237.0,1259.0,1053.0,1050.75,1455.142857142857,1406.857142857143,1239.3666666666666,78.94,74.3075,68.07,67.13,105.3,105.3,66.1,66.1,1329.0
2018-05-17,1305.0,2106.0,1239.0,1064.0,80.09,67.76,105.3,66.1,2018,5,2,3,1403.0,1432.0,1361.0,953.0,2407.0,2482.0,1237.0,1257.0,1056.0,1051.0,1452.7142857142858,1408.857142857143,1253.5666666666666,78.19,74.16,67.77,67.12,105.3,105.3,66.1,66.1,1385.0
2018-05-18,1273.0,2053.0,1241.0,1069.0,78.38,68.04,105.3,66.1,2018,5,2,4,1305.0,1465.0,1341.0,948.0,2106.0,2616.0,1239.0,1253.0,1064.0,1048.0,1434.5714285714287,1404.857142857143,1265.3,80.09,77.6,67.76,67.25,105.3,105.3,66.1,66.1,1422.0
2018-05-21,1239.0,1957.0,1243.0,1071.0,78.34,68.11,105.3,66.1,2018,5,2,0,1273.0,1453.0,1327.0,952.0,2053.0,2565.0,1241.0,1246.0,1069.0,1052.0,1407.142857142857,1400.0,1276.1333333333334,78.38,77.59,68.04,67.24,105.3,105.3,66.1,66.1,1476.0
2018-05-22,1199.0,1854.0,1239.0,1074.0,80.42,68.04,105.3,66.1,2018,5,2,1,1239.0,1472.0,1346.0,974.0,1957.0,2630.0,1243.0,1245.0,1071.0,1053.0,1376.5714285714287,1393.7142857142858,1285.7,78.34,77.37,68.11,67.28,105.3,105.3,66.1,66.1,1567.0
2018-05-23,1162.0,1759.0,1222.0,1074.0,78.69,68.38,105.3,66.1,2018,5,2,2,1199.0,1476.0,1376.0,979.0,1854.0,2635.0,1239.0,1240.0,1074.0,1055.0,1337.5714285714287,1383.2142857142858,1293.2,80.42,78.17,68.04,67.55,105.3,105.3,66.1,66.1,1612.0
2018-05-24,1109.0,1551.0,1202.0,1074.0,78.9,68.32,105.3,66.1,2018,5,2,3,1162.0,1468.0,1384.0,993.0,1759.0,2602.0,1222.0,1237.0,1074.0,1053.0,1292.7142857142858,1367.9285714285713,1299.3,78.69,78.94,68.38,68.07,105.3,105.3,66.1,66.1,1622.0
2018-05-25,1077.0,1395.0,1187.0,1071.0,76.6,67.78,105.3,66.1,2018,5,2,4,1109.0,1403.0,1420.0,1014.0,1551.0,2407.0,1202.0,1237.0,1074.0,1056.0,1241.4285714285713,1348.2857142857142,1303.1666666666667,78.9,78.19,68.32,67.77,105.3,105.3,66.1,66.1,1609.0
2018-05-29,1057.0,1324.0,1163.0,1068.0,74.51,67.78,105.3,66.1,2018,5,2,1,1077.0,1305.0,1432.0,1025.0,1395.0,2106.0,1187.0,1239.0,1071.0,1064.0,1194.857142857143,1323.7857142857142,1305.2666666666667,76.6,80.09,67.78,67.76,105.3,105.3,66.1,66.1,1555.0
2018-05-30,1042.0,1276.0,1149.0,1064.0,75.89,67.46,105.3,66.1,2018,5,2,2,1057.0,1273.0,1465.0,1052.0,1324.0,2053.0,1163.0,1241.0,1068.0,1069.0,1159.4285714285713,1297.0,1306.3333333333333,74.51,78.38,67.78,68.04,105.3,105.3,66.1,66.1,1586.0
2018-05-31,1090.0,1401.0,1160.0,1063.0,76.45,67.4,105.3,66.1,2018,5,2,3,1042.0,1239.0,1453.0,1124.0,1276.0,1957.0,1149.0,1243.0,1064.0,1071.0,1126.4285714285713,1266.7857142857142,1306.0,75.89,78.34,67.46,68.11,105.3,105.3,66.1,66.1,1632.0
2018-06-01,1156.0,1602.0,1192.0,1061.0,74.54,66.99,114.3,65.0,2018,6,2,4,1090.0,1199.0,1472.0,1201.0,1401.0,1854.0,1160.0,1239.0,1063.0,1074.0,1105.142857142857,1240.857142857143,1304.8666666666666,76.45,80.42,67.4,68.04,105.3,105.3,66.1,66.1,1666.0
2018-06-04,1193.0,1712.0,1217.0,1061.0,73.41,67.05,114.3,65.0,2018,6,2,0,1156.0,1162.0,1476.0,1281.0,1602.0,1759.0,1192.0,1222.0,1061.0,1074.0,1099.0,1218.2857142857142,1303.3666666666666,74.54,78.69,66.99,68.38,114.3,105.3,65.0,66.1,1695.0
2018-06-05,1249.0,1835.0,1250.0,1065.0,72.91,67.12,114.3,65.0,2018,6,2,1,1193.0,1109.0,1468.0,1306.0,1712.0,1551.0,1217.0,1202.0,1061.0,1074.0,1103.4285714285713,1198.0714285714287,1300.4333333333334,73.41,78.9,67.05,68.32,114.3,105.3,65.0,66.1,1721.0
2018-06-06,1340.0,2088.0,1290.0,1065.0,73.23,66.87,114.3,65.0,2018,6,2,2,1249.0,1077.0,1403.0,1330.0,1835.0,1395.0,1250.0,1187.0,1065.0,1071.0,1123.4285714285713,1182.4285714285713,1298.5333333333333,72.91,76.6,67.12,67.78,114.3,105.3,65.0,66.1,1688.0
2018-06-07,1395.0,2220.0,1344.0,1072.0,75.23,67.2,114.3,65.0,2018,6,2,3,1340.0,1057.0,1305.0,1376.0,2088.0,1324.0,1290.0,1163.0,1065.0,1068.0,1161.0,1177.9285714285713,1298.8666666666666,73.23,74.51,66.87,67.78,114.3,105.3,65.0,66.1,1657.0
2018-06-08,1391.0,2151.0,1418.0,1075.0,75.11,67.56,114.3,65.0,2018,6,2,4,1395.0,1042.0,1273.0,1375.0,2220.0,1276.0,1344.0,1149.0,1072.0,1064.0,1209.2857142857142,1184.357142857143,1299.5,75.23,75.89,67.2,67.46,114.3,105.3,65.0,66.1,1689.0
2018-06-11,1387.0,2091.0,1451.0,1078.0,74.58,67.46,114.3,65.0,2018,6,2,0,1391.0,1090.0,1239.0,1361.0,2151.0,1401.0,1418.0,1160.0,1075.0,1063.0,1259.142857142857,1192.7857142857142,1300.0333333333333,75.11,76.45,67.56,67.4,114.3,105.3,65.0,66.1,1718.0
2018-06-12,1390.0,2068.0,1474.0,1084.0,74.86,67.48,114.3,65.0,2018,6,2,1,1387.0,1156.0,1199.0,1341.0,2091.0,1602.0,1451.0,1192.0,1078.0,1061.0,1301.5714285714287,1203.357142857143,1300.9,74.58,74.54,67.46,66.99,114.3,114.3,65.0,65.0,1774.0
2018-06-13,1404.0,2091.0,1488.0,1088.0,75.07,67.6,114.3,65.0,2018,6,2,2,1390.0,1193.0,1162.0,1327.0,2068.0,1712.0,1474.0,1217.0,1084.0,1061.0,1335.0,1217.0,1302.5333333333333,74.86,73.41,67.48,67.05,114.3,114.3,65.0,65.0,1772.0
2018-06-14,1433.0,2184.0,1498.0,1089.0,74.77,67.62,114.3,65.0,2018,6,2,3,1404.0,1249.0,1109.0,1346.0,2091.0,1835.0,1488.0,1250.0,1088.0,1065.0,1365.142857142857,1234.2857142857142,1305.1,75.07,72.91,67.6,67.12,114.3,114.3,65.0,65.0,1708.0
2018-06-15,1445.0,2223.0,1495.0,1091.0,72.02,68.06,114.3,65.0,2018,6,2,4,1433.0,1340.0,1077.0,1376.0,2184.0,2088.0,1498.0,1290.0,1089.0,1065.0,1391.4285714285713,1257.4285714285713,1308.0,74.77,73.23,67.62,66.87,114.3,114.3,65.0,65.0,1676.0
2018-06-18,1442.0,2228.0,1482.0,1092.0,74.87,68.1,114.3,65.0,2018,6,2,0,1445.0,1395.0,1057.0,1384.0,2223.0,2220.0,1495.0,1344.0,1091.0,1072.0,1406.4285714285713,1283.7142857142858,1310.3,72.02,75.23,68.06,67.2,114.3,114.3,65.0,65.0,1703.0
2018-06-19,1419.0,2187.0,1458.0,1093.0,74.92,68.3,114.3,65.0,2018,6,2,1,1442.0,1391.0,1042.0,1420.0,2228.0,2151.0,1482.0,1418.0,1092.0,1075.0,1413.142857142857,1311.2142857142858,1312.2333333333333,74.87,75.11,68.1,67.56,114.3,114.3,65.0,65.0,1747.0
2018-06-20,1373.0,2090.0,1419.0,1094.0,74.25,68.06,114.3,65.0,2018,6,2,2,1419.0,1387.0,1090.0,1432.0,2187.0,2091.0,1458.0,1451.0,1093.0,1078.0,1417.142857142857,1338.142857142857,1312.2,74.92,74.58,68.3,67.46,114.3,114.3,65.0,65.0,1760.0
2018-06-21,1347.0,2038.0,1382.0,1094.0,72.87,67.94,114.3,65.0,2018,6,2,3,1373.0,1390.0,1156.0,1465.0,2090.0,2068.0,1419.0,1474.0,1094.0,1084.0,1415.142857142857,1358.357142857143,1310.2333333333333,74.25,74.86,68.06,67.48,114.3,114.3,65.0,65.0,1756.0
2018-06-22,1341.0,2011.0,1355.0,1092.0,73.67,67.88,114.3,65.0,2018,6,2,4,1347.0,1404.0,1193.0,1453.0,2038.0,2091.0,1382.0,1488.0,1094.0,1088.0,1409.0,1372.0,1306.3,72.87,75.07,67.94,67.6,114.3,114.3,65.0,65.0,1773.0
2018-06-25,1333.0,2001.0,1339.0,1085.0,72.82,68.09,114.3,65.0,2018,6,2,0,1341.0,1433.0,1249.0,1472.0,2011.0,2184.0,1355.0,1498.0,1092.0,1089.0,1400.0,1382.5714285714287,1302.5666666666666,73.67,74.77,67.88,67.62,114.3,114.3,65.0,65.0,1773.0
2018-06-26,1323.0,1986.0,1321.0,1078.0,73.58,68.31,114.3,65.0,2018,6,2,1,1333.0,1445.0,1340.0,1476.0,2001.0,2223.0,1339.0,1495.0,1085.0,1091.0,1385.7142857142858,1388.5714285714287,1297.9333333333334,72.82,72.02,68.09,68.06,114.3,114.3,65.0,65.0,1732.0
2018-06-27,1309.0,1942.0,1324.0,1067.0,76.09,68.63,114.3,65.0,2018,6,2,2,1323.0,1442.0,1395.0,1468.0,1986.0,2228.0,1321.0,1482.0,1078.0,1092.0,1368.2857142857142,1387.357142857143,1292.8333333333333,73.58,74.87,68.31,68.1,114.3,114.3,65.0,65.0,1704.0
2018-06-28,1329.0,2025.0,1331.0,1055.0,76.26,68.81,114.3,65.0,2018,6,2,3,1309.0,1419.0,1391.0,1403.0,1942.0,2187.0,1324.0,1458.0,1067.0,1093.0,1349.2857142857142,1381.2142857142858,1287.5333333333333,76.09,74.92,68.63,68.3,114.3,114.3,65.0,65.0,1694.0
2018-06-29,1385.0,2170.0,1336.0,1042.0,77.44,68.46,114.3,65.0,2018,6,2,4,1329.0,1373.0,1387.0,1305.0,2025.0,2090.0,1331.0,1419.0,1055.0,1094.0,1336.4285714285713,1376.7857142857142,1285.0666666666666,76.26,74.25,68.81,68.06,114.3,114.3,65.0,65.0,1691.0
2018-07-02,1422.0,2304.0,1338.0,1034.0,76.71,68.78,119.6,64.6,2018,7,3,0,1385.0,1347.0,1390.0,1273.0,2170.0,2038.0,1336.0,1382.0,1042.0,1094.0,1338.142857142857,1376.642857142857,1287.7333333333333,77.44,72.87,68.46,67.94,114.3,114.3,65.0,65.0,1709.0
2018-07-03,1476.0,2478.0,1336.0,1025.0,75.87,68.58,119.6,64.6,2018,7,3,1,1422.0,1341.0,1404.0,1239.0,2304.0,2011.0,1338.0,1355.0,1034.0,1092.0,1348.857142857143,1378.9285714285713,1292.7,76.71,73.67,68.78,67.88,119.6,114.3,64.6,65.0,1725.0
2018-07-04,1567.0,2743.0,1334.0,1017.0,76.99,68.735,119.6,64.6,2018,7,3,2,1476.0,1333.0,1433.0,1199.0,2478.0,2001.0,1336.0,1339.0,1025.0,1085.0,1368.142857142857,1384.0714285714287,1300.6,75.87,72.82,68.58,68.09,119.6,114.3,64.6,65.0,1727.0
2018-07-05,1612.0,3013.0,1339.0,1005.0,77.09,68.89,119.6,64.6,2018,7,3,3,1567.0,1323.0,1445.0,1162.0,2743.0,1986.0,1334.0,1321.0,1017.0,1078.0,1401.5714285714287,1393.642857142857,1312.8666666666666,76.99,73.58,68.735,68.31,119.6,114.3,64.6,65.0,1720.0
2018-07-06,1622.0,3086.0,1347.0,999.0,74.98,68.8,119.6,64.6,2018,7,3,4,1612.0,1309.0,1442.0,1109.0,3013.0,1942.0,1339.0,1324.0,1005.0,1067.0,1442.857142857143,1405.5714285714287,1327.8666666666666,77.09,76.09,68.89,68.63,119.6,114.3,64.6,65.0,1723.0
2018-07-09,1609.0,3016.0,1367.0,997.0,77.08,68.66,119.6,64.6,2018,7,3,0,1622.0,1329.0,1419.0,1077.0,3086.0,2025.0,1347.0,1331.0,999.0,1055.0,1487.5714285714287,1418.4285714285713,1344.9666666666667,74.98,76.26,68.8,68.81,119.6,114.3,64.6,65.0,1727.0
2018-07-10,1555.0,2792.0,1431.0,994.0,77.8,68.76,119.6,64.6,2018,7,3,1,1609.0,1385.0,1373.0,1057.0,3016.0,2170.0,1367.0,1336.0,997.0,1042.0,1527.5714285714287,1432.0,1362.7,77.08,77.44,68.66,68.46,119.6,114.3,64.6,65.0,1736.0
2018-07-11,1586.0,2793.0,1498.0,992.0,75.35,68.7,119.6,64.6,2018,7,3,2,1555.0,1422.0,1347.0,1042.0,2792.0,2304.0,1431.0,1338.0,994.0,1034.0,1551.857142857143,1445.0,1379.3,77.8,76.71,68.76,68.78,119.6,119.6,64.6,64.6,1735.0
2018-07-12,1632.0,3041.0,1517.0,994.0,72.11,68.52,119.6,64.6,2018,7,3,3,1586.0,1476.0,1341.0,1090.0,2793.0,2478.0,1498.0,1336.0,992.0,1025.0,1575.2857142857142,1462.0714285714287,1397.4333333333334,75.35,75.87,68.7,68.58,119.6,119.6,64.6,64.6,1709.0
2018-07-13,1666.0,3156.0,1527.0,995.0,74.11,68.44,119.6,64.6,2018,7,3,4,1632.0,1567.0,1333.0,1156.0,3041.0,2743.0,1517.0,1334.0,994.0,1017.0,1597.5714285714287,1482.857142857143,1415.5,72.11,76.99,68.52,68.735,119.6,119.6,64.6,64.6,1697.0
2018-07-16,1695.0,3238.0,1529.0,998.0,71.03,68.6,119.6,64.6,2018,7,3,0,1666.0,1612.0,1323.0,1193.0,3156.0,3013.0,1527.0,1339.0,995.0,1005.0,1611.7142857142858,1506.642857142857,1432.5,74.11,77.09,68.44,68.89,119.6,119.6,64.6,64.6,1687.25
2018-07-17,1721.0,3335.0,1530.0,1003.0,70.87,68.42,119.6,64.6,2018,7,3,1,1695.0,1622.0,1309.0,1249.0,3238.0,3086.0,1529.0,1347.0,998.0,999.0,1623.5714285714287,1533.2142857142858,1449.2333333333333,71.03,74.98,68.6,68.8,119.6,119.6,64.6,64.6,1684.0
2018-07-18,1688.0,3230.0,1529.0,1008.0,70.52,68.62,119.6,64.6,2018,7,3,2,1721.0,1609.0,1329.0,1340.0,3335.0,3016.0,1530.0,1367.0,1003.0,997.0,1637.7142857142858,1562.642857142857,1464.9666666666667,70.87,77.08,68.42,68.66,119.6,119.6,64.6,64.6,1661.0
2018-07-19,1657.0,3130.0,1538.0,1016.0,71.94,69.01,119.6,64.6,2018,7,3,3,1688.0,1555.0,1385.0,1395.0,3230.0,2792.0,1529.0,1431.0,1008.0,994.0,1649.0,1588.2857142857142,1476.5666666666666,70.52,77.8,68.62,68.76,119.6,119.6,64.6,64.6,1614.0
2018-07-20,1689.0,3205.0,1557.0,1023.0,71.99,68.74,119.6,64.6,2018,7,3,4,1657.0,1586.0,1422.0,1391.0,3130.0,2793.0,1538.0,1498.0,1016.0,992.0,1663.5714285714287,1607.7142857142858,1485.3,71.94,75.35,69.01,68.7,119.6,119.6,64.6,64.6,1579.0
2018-07-23,1718.0,3304.0,1566.0,1028.0,73.45,68.84,119.6,64.6,2018,7,3,0,1689.0,1632.0,1476.0,1387.0,3205.0,3041.0,1557.0,1517.0,1023.0,994.0,1678.2857142857142,1626.7857142857142,1495.2333333333333,71.99,72.11,68.74,68.52,119.6,119.6,64.6,64.6,1557.0
2018-07-24,1774.0,3461.0,1581.0,1030.0,73.53,68.94,119.6,64.6,2018,7,3,1,1718.0,1666.0,1567.0,1390.0,3304.0,3156.0,1566.0,1527.0,1028.0,995.0,1690.5714285714287,1644.0714285714287,1506.2666666666667,73.45,74.11,68.84,68.44,119.6,119.6,64.6,64.6,1513.0
2018-07-25,1772.0,3462.0,1588.0,1033.0,73.67,68.72,119.6,64.6,2018,7,3,2,1774.0,1695.0,1612.0,1404.0,3461.0,3238.0,1581.0,1529.0,1030.0,998.0,1706.0,1658.857142857143,1519.0666666666666,73.53,71.03,68.94,68.6,119.6,119.6,64.6,64.6,1477.0
2018-07-26,1708.0,3303.0,1583.0,1034.0,74.51,68.66,119.6,64.6,2018,7,3,3,1772.0,1721.0,1622.0,1433.0,3462.0,3335.0,1588.0,1530.0,1033.0,1003.0,1717.0,1670.2857142857142,1531.3333333333333,73.67,70.87,68.72,68.42,119.6,119.6,64.6,64.6,1484.0
2018-07-27,1676.0,3197.0,1588.0,1035.0,74.84,68.6,119.6,64.6,2018,7,3,4,1708.0,1688.0,1609.0,1445.0,3303.0,3230.0,1583.0,1529.0,1034.0,1008.0,1715.142857142857,1676.4285714285713,1540.5,74.51,70.52,68.66,68.62,119.6,119.6,64.6,64.6,1490.0
2018-07-30,1703.0,3280.0,1587.0,1035.0,74.99,68.6,119.6,64.6,2018,7,3,0,1676.0,1657.0,1555.0,1442.0,3197.0,3130.0,1588.0,1538.0,1035.0,1016.0,1713.4285714285713,1681.2142857142858,1548.2,74.84,71.94,68.6,69.01,119.6,119.6,64.6,64.6,1482.0
2018-07-31,1747.0,3471.0,1570.0,1035.0,74.16,68.54,119.6,64.6,2018,7,3,1,1703.0,1689.0,1586.0,1419.0,3280.0,3205.0,1587.0,1557.0,1035.0,1023.0,1720.0,1691.7857142857142,1556.9,74.99,71.99,68.6,68.74,119.6,119.6,64.6,64.6,1439.0
2018-08-01,1760.0,3515.0,1539.0,1036.0,72.28,68.37,117.3,67.2,2018,8,3,2,1747.0,1718.0,1632.0,1373.0,3471.0,3304.0,1570.0,1566.0,1035.0,1028.0,1728.2857142857142,1703.2857142857142,1567.8333333333333,74.16,73.45,68.54,68.84,119.6,119.6,64.6,64.6,1411.0
2018-08-02,1756.0,3534.0,1491.0,1032.0,72.95,68.63,117.3,67.2,2018,8,3,3,1760.0,1774.0,1666.0,1347.0,3515.0,3461.0,1539.0,1581.0,1036.0,1030.0,1734.2857142857142,1712.4285714285713,1580.7333333333333,72.28,73.53,68.37,68.94,117.3,119.6,67.2,64.6,1382.0
2018-08-03,1773.0,3632.0,1447.0,1030.0,72.48,68.54,117.3,67.2,2018,8,3,4,1756.0,1772.0,1695.0,1341.0,3534.0,3462.0,1491.0,1588.0,1032.0,1033.0,1731.7142857142858,1718.857142857143,1594.3666666666666,72.95,73.67,68.63,68.72,117.3,119.6,67.2,64.6,1366.0
2018-08-06,1773.0,3654.0,1420.0,1030.0,72.51,68.82,117.3,67.2,2018,8,3,0,1773.0,1708.0,1721.0,1333.0,3632.0,3303.0,1447.0,1583.0,1030.0,1034.0,1731.857142857143,1724.4285714285713,1608.7666666666667,72.48,74.51,68.54,68.66,117.3,119.6,67.2,64.6,1357.0
2018-08-07,1732.0,3550.0,1386.0,1032.0,72.31,68.62,117.3,67.2,2018,8,3,1,1773.0,1676.0,1688.0,1323.0,3654.0,3197.0,1420.0,1588.0,1030.0,1035.0,1741.142857142857,1728.142857142857,1623.4333333333334,72.51,74.84,68.82,68.6,117.3,119.6,67.2,64.6,1356.0
2018-08-08,1704.0,3483.0,1365.0,1035.0,70.71,68.65,117.3,67.2,2018,8,3,2,1732.0,1703.0,1657.0,1309.0,3550.0,3280.0,1386.0,1587.0,1032.0,1035.0,1749.142857142857,1731.2857142857142,1637.0666666666666,72.31,74.99,68.62,68.6,117.3,119.6,67.2,64.6,1373.0
2018-08-09,1694.0,3472.0,1349.0,1036.0,70.55,68.74,117.3,67.2,2018,8,3,3,1704.0,1747.0,1689.0,1329.0,3483.0,3471.0,1365.0,1570.0,1035.0,1035.0,1749.2857142857142,1734.642857142857,1650.2333333333333,70.71,74.16,68.65,68.54,117.3,119.6,67.2,64.6,1396.0
2018-08-10,1691.0,3480.0,1339.0,1039.0,71.0,68.88,117.3,67.2,2018,8,3,4,1694.0,1760.0,1718.0,1385.0,3472.0,3515.0,1349.0,1539.0,1036.0,1036.0,1741.7142857142858,1735.0,1662.4,70.55,72.28,68.74,68.37,117.3,117.3,67.2,67.2,1413.0
2018-08-13,1709.0,3536.0,1339.0,1040.0,70.62,70.02,117.3,67.2,2018,8,3,0,1691.0,1756.0,1774.0,1422.0,3480.0,3534.0,1339.0,1491.0,1039.0,1032.0,1731.857142857143,1733.0714285714287,1672.6,71.0,72.95,68.88,68.63,117.3,117.3,67.2,67.2,1434.0
2018-08-14,1725.0,3587.0,1362.0,1042.0,70.77,69.95,117.3,67.2,2018,8,3,1,1709.0,1773.0,1772.0,1476.0,3536.0,3632.0,1339.0,1447.0,1040.0,1030.0,1725.142857142857,1728.4285714285713,1682.1666666666667,70.62,72.48,70.02,68.54,117.3,117.3,67.2,67.2,1450.0
2018-08-15,1727.0,3560.0,1403.0,1045.0,68.38,69.92,117.3,67.2,2018,8,3,2,1725.0,1773.0,1708.0,1567.0,3587.0,3654.0,1362.0,1420.0,1042.0,1030.0,1718.2857142857142,1725.0714285714287,1690.4666666666667,70.77,72.51,69.95,68.82,117.3,117.3,67.2,67.2,1503.0
2018-08-16,1720.0,3476.0,1447.0,1050.0,69.21,70.19,117.3,67.2,2018,8,3,3,1727.0,1732.0,1676.0,1612.0,3560.0,3550.0,1403.0,1386.0,1045.0,1032.0,1711.7142857142858,1726.4285714285713,1695.8,68.38,72.31,69.92,68.62,117.3,117.3,67.2,67.2,1524.0
2018-08-17,1723.0,3454.0,1485.0,1056.0,70.14,70.09,117.3,67.2,2018,8,3,4,1720.0,1704.0,1703.0,1622.0,3476.0,3483.0,1447.0,1365.0,1050.0,1035.0,1710.0,1729.5714285714287,1699.4,69.21,70.71,70.19,68.65,117.3,117.3,67.2,67.2,1540.0
2018-08-20,1727.0,3424.0,1506.0,1062.0,71.11,69.84,117.3,67.2,2018,8,3,0,1723.0,1694.0,1747.0,1609.0,3454.0,3472.0,1485.0,1349.0,1056.0,1036.0,1712.7142857142858,1731.0,1702.7666666666667,70.14,70.55,70.09,68.74,117.3,117.3,67.2,67.2,1555.0
2018-08-21,1736.0,3426.0,1530.0,1069.0,71.65,69.85,117.3,67.2,2018,8,3,1,1727.0,1691.0,1760.0,1555.0,3424.0,3480.0,1506.0,1339.0,1062.0,1039.0,1717.4285714285713,1729.5714285714287,1706.7,71.11,71.0,69.84,68.88,117.3,117.3,67.2,67.2,1570.0
2018-08-22,1735.0,3371.0,1560.0,1078.0,72.96,69.85,117.3,67.2,2018,8,3,2,1736.0,1709.0,1756.0,1586.0,3426.0,3536.0,1530.0,1339.0,1069.0,1040.0,1723.857142857143,1727.857142857143,1712.7333333333333,71.65,70.62,69.85,70.02,117.3,117.3,67.2,67.2,1574.0
2018-08-23,1709.0,3232.0,1607.0,1087.0,73.73,70.09,117.3,67.2,2018,8,3,3,1735.0,1725.0,1773.0,1632.0,3371.0,3587.0,1560.0,1362.0,1078.0,1042.0,1727.5714285714287,1726.357142857143,1717.7,72.96,70.77,69.85,69.95,117.3,117.3,67.2,67.2,1554.0
2018-08-24,1697.0,3164.0,1630.0,1095.0,74.41,69.96,117.3,67.2,2018,8,3,4,1709.0,1727.0,1773.0,1666.0,3232.0,3560.0,1607.0,1403.0,1087.0,1045.0,1725.2857142857142,1721.7857142857142,1720.2666666666667,73.73,68.38,70.09,69.92,117.3,117.3,67.2,67.2,1536.0
2018-08-27,1687.25,3107.0,1639.75,1106.25,74.41,70.16,117.3,67.2,2018,8,3,0,1697.0,1720.0,1732.0,1695.0,3164.0,3476.0,1630.0,1447.0,1095.0,1050.0,1721.0,1716.357142857143,1721.3,74.41,69.21,69.96,70.19,117.3,117.3,67.2,67.2,1530.0
2018-08-28,1684.0,3088.0,1643.0,1110.0,75.91,70.09,117.3,67.2,2018,8,3,1,1687.25,1723.0,1704.0,1721.0,3107.0,3454.0,1639.75,1485.0,1106.25,1056.0,1716.3214285714287,1713.1607142857142,1721.0416666666667,74.41,70.14,70.16,70.09,117.3,117.3,67.2,67.2,1503.0
2018-08-29,1661.0,2994.0,1639.0,1121.0,76.07,70.53,117.3,67.2,2018,8,3,2,1684.0,1727.0,1694.0,1688.0,3088.0,3424.0,1643.0,1506.0,1110.0,1062.0,1710.75,1711.732142857143,1719.8083333333334,75.91,71.11,70.09,69.84,117.3,117.3,67.2,67.2,1493.0
2018-08-30,1614.0,2826.0,1608.0,1128.0,77.05,70.74,117.3,67.2,2018,8,3,3,1661.0,1736.0,1691.0,1657.0,2994.0,3426.0,1639.0,1530.0,1121.0,1069.0,1701.3214285714287,1709.375,1718.9083333333333,76.07,71.65,70.53,69.85,117.3,117.3,67.2,67.2,1515.0
2018-08-31,1579.0,2732.0,1571.0,1132.0,76.94,71.0,117.3,67.2,2018,8,3,4,1614.0,1735.0,1709.0,1689.0,2826.0,3371.0,1608.0,1560.0,1128.0,1078.0,1683.892857142857,1703.875,1717.475,77.05,72.96,70.74,69.85,117.3,117.3,67.2,67.2,1579.0
2018-09-03,1557.0,2672.0,1540.0,1133.0,77.81,71.435,114.2,68.4,2018,9,3,0,1579.0,1709.0,1725.0,1718.0,2732.0,3232.0,1571.0,1607.0,1132.0,1087.0,1661.607142857143,1694.5892857142858,1713.8083333333334,76.94,73.73,71.0,70.09,117.3,117.3,67.2,67.2,1584.0
2018-09-04,1513.0,2535.0,1517.0,1135.0,77.51,71.58,114.2,68.4,2018,9,3,1,1557.0,1697.0,1727.0,1774.0,2672.0,3164.0,1540.0,1630.0,1133.0,1095.0,1639.892857142857,1682.5892857142858,1708.4416666666666,77.81,74.41,71.435,69.96,114.2,117.3,68.4,67.2,1578.0
2018-09-05,1477.0,2410.0,1504.0,1135.0,76.68,71.75,114.2,68.4,2018,9,3,2,1513.0,1687.25,1720.0,1772.0,2535.0,3107.0,1517.0,1639.75,1135.0,1106.25,1613.607142857143,1667.3035714285713,1699.7416666666666,77.51,74.41,71.58,70.16,114.2,117.3,68.4,67.2,1554.0
2018-09-06,1484.0,2424.0,1516.0,1135.0,75.67,71.94,114.2,68.4,2018,9,3,3,1477.0,1684.0,1723.0,1708.0,2410.0,3088.0,1504.0,1643.0,1135.0,1110.0,1583.5714285714287,1649.9464285714287,1689.9083333333333,76.68,75.91,71.75,70.09,114.2,117.3,68.4,67.2,1565.0
2018-09-07,1490.0,2411.0,1528.0,1134.0,75.55,71.78,114.2,68.4,2018,9,3,4,1484.0,1661.0,1727.0,1676.0,2424.0,2994.0,1516.0,1639.0,1135.0,1121.0,1555.0,1632.875,1682.4416666666666,75.67,76.07,71.94,70.53,114.2,117.3,68.4,67.2,1576.0
2018-09-10,1482.0,2363.0,1544.0,1136.0,76.77,72.45,114.2,68.4,2018,9,3,0,1490.0,1614.0,1736.0,1703.0,2411.0,2826.0,1528.0,1608.0,1134.0,1128.0,1530.5714285714287,1615.9464285714287,1676.2416666666666,75.55,77.05,71.78,70.74,114.2,117.3,68.4,67.2,1579.0
2018-09-11,1439.0,2191.0,1556.0,1135.0,78.22,72.69,114.2,68.4,2018,9,3,1,1482.0,1579.0,1735.0,1747.0,2363.0,2732.0,1544.0,1571.0,1136.0,1132.0,1511.7142857142858,1597.8035714285713,1668.875,76.77,76.94,72.45,71.0,114.2,117.3,68.4,67.2,1577.0
2018-09-12,1411.0,2074.0,1550.0,1134.0,80.02,72.15,114.2,68.4,2018,9,3,2,1439.0,1557.0,1709.0,1760.0,2191.0,2672.0,1556.0,1540.0,1135.0,1133.0,1491.7142857142858,1576.6607142857142,1658.6083333333333,78.22,77.81,72.69,71.435,114.2,114.2,68.4,68.4,1546.0
2018-09-13,1382.0,1980.0,1534.0,1132.0,77.66,72.02,114.2,68.4,2018,9,3,3,1411.0,1513.0,1697.0,1756.0,2074.0,2535.0,1550.0,1517.0,1134.0,1135.0,1470.857142857143,1555.375,1646.975,80.02,77.51,72.15,71.58,114.2,114.2,68.4,68.4,1516.0
2018-09-14,1366.0,1900.0,1523.0,1134.0,77.87,71.87,114.2,68.4,2018,9,3,4,1382.0,1477.0,1687.25,1773.0,1980.0,2410.0,1534.0,1504.0,1132.0,1135.0,1452.142857142857,1532.875,1634.5083333333334,77.66,76.68,72.02,71.75,114.2,114.2,68.4,68.4,1519.0
2018-09-17,1357.0,1853.0,1518.0,1138.0,78.22,72.51,114.2,68.4,2018,9,3,0,1366.0,1484.0,1684.0,1773.0,1900.0,2424.0,1523.0,1516.0,1134.0,1135.0,1436.2857142857142,1509.9285714285713,1620.9416666666666,77.87,75.67,71.87,71.94,114.2,114.2,68.4,68.4,1522.0
2018-09-18,1356.0,1826.0,1525.0,1151.0,79.25,72.98,114.2,68.4,2018,9,3,1,1357.0,1490.0,1661.0,1732.0,1853.0,2411.0,1518.0,1528.0,1138.0,1134.0,1418.142857142857,1486.5714285714287,1607.075,78.22,75.55,72.51,71.78,114.2,114.2,68.4,68.4,1513.0
2018-09-19,1373.0,1850.0,1530.0,1159.0,79.43,72.35,114.2,68.4,2018,9,3,2,1356.0,1482.0,1614.0,1704.0,1826.0,2363.0,1525.0,1544.0,1151.0,1136.0,1399.0,1464.7857142857142,1594.5416666666667,79.25,76.77,72.98,72.45,114.2,114.2,68.4,68.4,1490.0
2018-09-20,1396.0,1838.0,1557.0,1169.0,79.03,72.01,114.2,68.4,2018,9,3,3,1373.0,1439.0,1579.0,1694.0,1850.0,2191.0,1530.0,1556.0,1159.0,1135.0,1383.4285714285713,1447.5714285714287,1583.5083333333334,79.43,78.22,72.35,72.69,114.2,114.2,68.4,68.4,1470.0
2018-09-21,1413.0,1840.0,1586.0,1175.0,78.9,72.18,114.2,68.4,2018,9,3,4,1396.0,1411.0,1557.0,1691.0,1838.0,2074.0,1557.0,1550.0,1169.0,1134.0,1377.2857142857142,1434.5,1573.575,79.03,80.02,72.01,72.15,114.2,114.2,68.4,68.4,1457.0
2018-09-24,1434.0,1864.0,1609.0,1185.0,80.89,72.66,114.2,68.4,2018,9,3,0,1413.0,1382.0,1513.0,1709.0,1840.0,1980.0,1586.0,1534.0,1175.0,1132.0,1377.5714285714287,1424.2142857142858,1564.3083333333334,78.9,77.66,72.18,72.02,114.2,114.2,68.4,68.4,1428.0
2018-09-25,1450.0,1868.0,1639.0,1190.0,82.21,72.68,114.2,68.4,2018,9,3,1,1434.0,1366.0,1477.0,1725.0,1864.0,1900.0,1609.0,1523.0,1185.0,1134.0,1385.0,1418.5714285714287,1555.1416666666667,80.89,77.87,72.66,71.87,114.2,114.2,68.4,68.4,1395.0
2018-09-26,1503.0,1910.0,1677.0,1194.0,81.87,72.59,114.2,68.4,2018,9,3,2,1450.0,1357.0,1484.0,1727.0,1868.0,1853.0,1639.0,1518.0,1190.0,1138.0,1397.0,1416.642857142857,1545.975,82.21,78.22,72.68,72.51,114.2,114.2,68.4,68.4,1304.0
2018-09-27,1524.0,1949.0,1689.0,1195.0,81.54,72.55,114.2,68.4,2018,9,3,3,1503.0,1356.0,1490.0,1720.0,1910.0,1826.0,1677.0,1525.0,1194.0,1151.0,1417.857142857143,1418.0,1538.5083333333334,81.87,79.25,72.59,72.98,114.2,114.2,68.4,68.4,1231.0
2018-09-28,1540.0,2000.0,1695.0,1194.0,82.72,72.54,114.2,68.4,2018,9,3,4,1524.0,1373.0,1482.0,1723.0,1949.0,1850.0,1689.0,1530.0,1195.0,1159.0,1441.857142857143,1420.4285714285713,1531.975,81.54,79.43,72.55,72.35,114.2,114.2,68.4,68.4,1147.0
2018-10-01,1555.0,2061.0,1692.0,1193.0,84.94,72.92,108.7,73.4,2018,10,4,0,1540.0,1396.0,1439.0,1727.0,2000.0,1838.0,1695.0,1557.0,1194.0,1169.0,1465.7142857142858,1424.5714285714287,1525.875,82.72,79.03,72.54,72.01,114.2,114.2,68.4,68.4,1125.0
2018-10-02,1570.0,2148.0,1678.0,1189.0,85.63,72.91,108.7,73.4,2018,10,4,1,1555.0,1413.0,1411.0,1736.0,2061.0,1840.0,1692.0,1586.0,1193.0,1175.0,1488.4285714285713,1432.857142857143,1520.1416666666667,84.94,78.9,72.92,72.18,108.7,114.2,73.4,68.4,1064.0
2018-10-03,1574.0,2199.0,1679.0,1190.0,85.45,73.34,108.7,73.4,2018,10,4,2,1570.0,1434.0,1382.0,1735.0,2148.0,1864.0,1678.0,1609.0,1189.0,1185.0,1510.857142857143,1444.2142857142858,1514.6083333333333,85.63,80.89,72.91,72.66,108.7,114.2,73.4,68.4,1009.0
2018-10-04,1554.0,2148.0,1706.0,1192.0,86.07,73.62,108.7,73.4,2018,10,4,3,1574.0,1450.0,1366.0,1709.0,2199.0,1868.0,1679.0,1639.0,1190.0,1190.0,1530.857142857143,1457.9285714285713,1509.2416666666666,85.45,82.21,73.34,72.68,108.7,114.2,73.4,68.4,1020.0
2018-10-05,1536.0,2081.0,1727.0,1197.0,85.12,73.76,108.7,73.4,2018,10,4,4,1554.0,1503.0,1357.0,1697.0,2148.0,1910.0,1706.0,1677.0,1192.0,1194.0,1545.7142857142858,1471.357142857143,1504.075,86.07,81.87,73.62,72.59,108.7,114.2,73.4,68.4,1031.0
2018-10-08,1530.0,2042.0,1749.0,1201.0,84.22,74.1875,108.7,73.4,2018,10,4,0,1536.0,1524.0,1356.0,1687.25,2081.0,1949.0,1727.0,1689.0,1197.0,1195.0,1550.4285714285713,1484.142857142857,1498.7083333333333,85.12,81.54,73.76,72.55,108.7,114.2,73.4,68.4,1023.0
2018-10-09,1503.0,1961.0,1747.0,1203.0,85.16,74.33,108.7,73.4,2018,10,4,1,1530.0,1540.0,1373.0,1684.0,2042.0,2000.0,1749.0,1695.0,1201.0,1194.0,1551.2857142857142,1496.5714285714287,1493.4666666666667,84.22,82.72,74.1875,72.54,108.7,114.2,73.4,68.4,1003.0
2018-10-10,1493.0,1949.0,1749.0,1205.0,83.82,74.25,108.7,73.4,2018,10,4,2,1503.0,1555.0,1396.0,1661.0,1961.0,2061.0,1747.0,1692.0,1203.0,1193.0,1546.0,1505.857142857143,1487.4333333333334,85.16,84.94,74.33,72.92,108.7,108.7,73.4,73.4,1008.0
2018-10-11,1515.0,2005.0,1763.0,1207.0,81.35,74.04,108.7,73.4,2018,10,4,3,1493.0,1570.0,1413.0,1614.0,1949.0,2148.0,1749.0,1678.0,1205.0,1189.0,1537.142857142857,1512.7857142857142,1481.8333333333333,83.82,85.63,74.25,72.91,108.7,108.7,73.4,73.4,1018.0
2018-10-12,1579.0,2169.0,1775.0,1204.0,80.71,73.6,108.7,73.4,2018,10,4,4,1515.0,1574.0,1434.0,1579.0,2005.0,2199.0,1763.0,1679.0,1207.0,1190.0,1529.2857142857142,1520.0714285714287,1478.5333333333333,81.35,85.45,74.04,73.34,108.7,108.7,73.4,73.4,1093.0
2018-10-15,1584.0,2189.0,1779.0,1200.0,80.91,73.76,108.7,73.4,2018,10,4,0,1579.0,1554.0,1450.0,1557.0,2169.0,2148.0,1775.0,1706.0,1204.0,1192.0,1530.0,1530.4285714285713,1478.5333333333333,80.71,86.07,73.6,73.62,108.7,108.7,73.4,73.4,1217.0
2018-10-16,1578.0,2164.0,1793.0,1196.0,80.53,73.46,108.7,73.4,2018,10,4,1,1584.0,1536.0,1503.0,1513.0,2189.0,2081.0,1779.0,1727.0,1200.0,1197.0,1534.2857142857142,1540.0,1479.4333333333334,80.91,85.12,73.76,73.76,108.7,108.7,73.4,73.4,1339.0
2018-10-17,1554.0,2106.0,1796.0,1192.0,79.91,73.52,108.7,73.4,2018,10,4,2,1578.0,1530.0,1524.0,1477.0,2164.0,2042.0,1793.0,1749.0,1196.0,1201.0,1540.2857142857142,1545.357142857143,1481.6,80.53,84.22,73.46,74.1875,108.7,108.7,73.4,73.4,1330.0
2018-10-18,1565.0,2176.0,1789.0,1181.0,80.3,73.52,108.7,73.4,2018,10,4,3,1554.0,1503.0,1540.0,1484.0,2106.0,1961.0,1796.0,1747.0,1192.0,1203.0,1543.7142857142858,1547.5,1484.1666666666667,79.91,85.16,73.52,74.33,108.7,108.7,73.4,73.4,1281.0
2018-10-19,1576.0,2230.0,1775.0,1170.0,80.38,73.37,108.7,73.4,2018,10,4,4,1565.0,1493.0,1555.0,1490.0,2176.0,1949.0,1789.0,1749.0,1181.0,1205.0,1552.5714285714287,1549.2857142857142,1486.8666666666666,80.3,83.82,73.52,74.25,108.7,108.7,73.4,73.4,1231.0
2018-10-22,1579.0,2296.0,1756.0,1163.0,80.45,73.56,108.7,73.4,2018,10,4,0,1576.0,1515.0,1570.0,1482.0,2230.0,2005.0,1775.0,1763.0,1170.0,1207.0,1564.4285714285713,1550.7857142857142,1489.7333333333333,80.38,81.35,73.37,74.04,108.7,108.7,73.4,73.4,1203.0
2018-10-23,1577.0,2363.0,1715.0,1156.0,78.67,73.54,108.7,73.4,2018,10,4,1,1579.0,1579.0,1574.0,1439.0,2296.0,2169.0,1756.0,1775.0,1163.0,1204.0,1573.5714285714287,1551.4285714285713,1492.9666666666667,80.45,80.71,73.56,73.6,108.7,108.7,73.4,73.4,1237.0
2018-10-24,1546.0,2388.0,1669.0,1144.0,77.34,73.18,108.7,73.4,2018,10,4,2,1577.0,1584.0,1554.0,1411.0,2363.0,2189.0,1715.0,1779.0,1156.0,1200.0,1573.2857142857142,1551.642857142857,1497.5666666666666,78.67,80.91,73.54,73.76,108.7,108.7,73.4,73.4,1296.0
2018-10-25,1516.0,2353.0,1622.0,1132.0,77.3,73.21,108.7,73.4,2018,10,4,3,1546.0,1578.0,1536.0,1382.0,2388.0,2164.0,1669.0,1793.0,1144.0,1196.0,1567.857142857143,1551.0714285714287,1502.0666666666666,77.34,80.53,73.18,73.46,108.7,108.7,73.4,73.4,1339.0
2018-10-26,1519.0,2526.0,1583.0,1117.0,77.4,73.46,108.7,73.4,2018,10,4,4,1516.0,1554.0,1530.0,1366.0,2353.0,2106.0,1622.0,1796.0,1132.0,1192.0,1559.0,1549.642857142857,1506.5333333333333,77.3,79.91,73.21,73.52,108.7,108.7,73.4,73.4,1372.0
2018-10-29,1522.0,2607.0,1556.0,1106.0,77.56,73.42,108.7,73.4,2018,10,4,0,1519.0,1565.0,1503.0,1357.0,2526.0,2176.0,1583.0,1789.0,1117.0,1181.0,1554.0,1548.857142857143,1511.6333333333334,77.4,80.3,73.46,73.52,108.7,108.7,73.4,73.4,1385.0
2018-10-30,1513.0,2630.0,1530.0,1087.0,75.68,73.62,108.7,73.4,2018,10,4,1,1522.0,1576.0,1493.0,1356.0,2607.0,2230.0,1556.0,1775.0,1106.0,1170.0,1547.857142857143,1550.2142857142858,1517.1333333333334,77.56,80.38,73.42,73.37,108.7,108.7,73.4,73.4,1364.0
2018-10-31,1490.0,2596.0,1524.0,1073.0,74.84,73.95,108.7,73.4,2018,10,4,2,1513.0,1579.0,1515.0,1373.0,2630.0,2296.0,1530.0,1756.0,1087.0,1163.0,1538.857142857143,1551.642857142857,1522.3666666666666,75.68,80.45,73.62,73.56,108.7,108.7,73.4,73.4,1353.0
2018-11-01,1470.0,2530.0,1526.0,1061.0,71.25,73.45,100.7,73.3,2018,11,4,3,1490.0,1577.0,1579.0,1396.0,2596.0,2363.0,1524.0,1715.0,1073.0,1156.0,1526.142857142857,1549.857142857143,1526.2666666666667,74.84,78.67,73.95,73.54,108.7,108.7,73.4,73.4,1365.0
2018-11-02,1457.0,2502.0,1530.0,1051.0,71.11,72.44,100.7,73.3,2018,11,4,4,1470.0,1546.0,1584.0,1413.0,2530.0,2388.0,1526.0,1669.0,1061.0,1144.0,1510.857142857143,1542.0714285714287,1528.7333333333333,71.25,77.34,73.45,73.18,100.7,108.7,73.3,73.4,1401.0
2018-11-05,1428.0,2397.0,1531.0,1041.0,72.68,73.08,100.7,73.3,2018,11,4,0,1457.0,1516.0,1578.0,1434.0,2502.0,2353.0,1530.0,1622.0,1051.0,1132.0,1498.142857142857,1533.0,1530.2,71.11,77.3,72.44,73.21,100.7,108.7,73.3,73.4,1406.0
2018-11-06,1395.0,2296.0,1528.0,1033.0,70.64,72.95,100.7,73.3,2018,11,4,1,1428.0,1519.0,1554.0,1450.0,2397.0,2526.0,1531.0,1583.0,1041.0,1117.0,1485.5714285714287,1522.2857142857142,1530.0,72.68,77.4,73.08,73.46,100.7,108.7,73.3,73.4,1395.0
2018-11-07,1304.0,1968.0,1511.0,1021.0,70.1,72.44,100.7,73.3,2018,11,4,2,1395.0,1522.0,1565.0,1503.0,2296.0,2607.0,1528.0,1556.0,1033.0,1106.0,1467.857142857143,1510.9285714285713,1528.1666666666667,70.64,77.56,72.95,73.42,100.7,108.7,73.3,73.4,1378.0
2018-11-08,1231.0,1747.0,1496.0,1013.0,69.29,72.37,100.7,73.3,2018,11,4,3,1304.0,1513.0,1576.0,1524.0,1968.0,2630.0,1511.0,1530.0,1021.0,1087.0,1436.7142857142858,1492.2857142857142,1521.5333333333333,70.1,75.68,72.44,73.62,100.7,108.7,73.3,73.4,1318.0
2018-11-09,1147.0,1461.0,1495.0,1003.0,69.01,72.48,100.7,73.3,2018,11,4,4,1231.0,1490.0,1579.0,1540.0,1747.0,2596.0,1496.0,1524.0,1013.0,1073.0,1396.4285714285713,1467.642857142857,1511.7666666666667,69.29,74.84,72.37,73.95,100.7,108.7,73.3,73.4,1279.0
2018-11-12,1125.0,1398.0,1496.0,994.0,69.81,72.5775,100.7,73.3,2018,11,4,0,1147.0,1470.0,1577.0,1555.0,1461.0,2530.0,1495.0,1526.0,1003.0,1061.0,1347.4285714285713,1436.7857142857142,1498.6666666666667,69.01,71.25,72.48,73.45,100.7,100.7,73.3,73.3,1271.0
2018-11-13,1064.0,1153.0,1498.0,986.0,65.45,72.61,100.7,73.3,2018,11,4,1,1125.0,1457.0,1546.0,1570.0,1398.0,2502.0,1496.0,1530.0,994.0,1051.0,1298.142857142857,1404.5,1484.3333333333333,69.81,71.11,72.5775,72.44,100.7,100.7,73.3,73.3,1273.4444444444443
2018-11-14,1009.0,940.0,1484.0,982.0,64.88,72.3,100.7,73.3,2018,11,4,2,1064.0,1428.0,1516.0,1574.0,1153.0,2397.0,1498.0,1531.0,986.0,1041.0,1242.0,1370.0714285714287,1467.4666666666667,65.45,72.68,72.61,73.08,100.7,100.7,73.3,73.3,1274.6666666666667
2018-11-15,1020.0,1007.0,1466.0,970.0,65.61,71.97,100.7,73.3,2018,11,4,3,1009.0,1395.0,1519.0,1554.0,940.0,2296.0,1484.0,1528.0,982.0,1033.0,1182.142857142857,1333.857142857143,1448.6333333333334,64.88,70.64,72.3,72.95,100.7,100.7,73.3,73.3,1275.888888888889
2018-11-16,1031.0,1057.0,1453.0,969.0,65.29,71.98,100.7,73.3,2018,11,4,4,1020.0,1304.0,1522.0,1536.0,1007.0,1968.0,1466.0,1511.0,970.0,1021.0,1128.5714285714287,1298.2142857142858,1430.8333333333333,65.61,70.1,71.97,72.44,100.7,100.7,73.3,73.3,1279.5555555555557
2018-11-19,1023.0,1050.0,1437.0,964.0,64.14,71.6,100.7,73.3,2018,11,4,0,1031.0,1231.0,1513.0,1530.0,1057.0,1747.0,1453.0,1496.0,969.0,1013.0,1089.5714285714287,1263.142857142857,1414.0,65.29,69.29,71.98,72.37,100.7,100.7,73.3,73.3,1282.0
2018-11-20,1003.0,1002.0,1416.0,963.0,61.5,71.49,100.7,73.3,2018,11,4,1,1023.0,1147.0,1490.0,1503.0,1050.0,1461.0,1437.0,1495.0,964.0,1003.0,1059.857142857143,1228.142857142857,1397.1,64.14,69.01,71.6,72.48,100.7,100.7,73.3,73.3,1267.0
2018-11-21,1008.0,1056.0,1393.0,959.0,61.65,71.3,100.7,73.3,2018,11,4,2,1003.0,1125.0,1470.0,1493.0,1002.0,1398.0,1416.0,1496.0,963.0,994.0,1039.2857142857142,1193.357142857143,1380.4333333333334,61.5,69.81,71.49,72.5775,100.7,100.7,73.3,73.3,1260.0
2018-11-22,1018.0,1089.0,1378.0,956.0,61.11,70.975,100.7,73.3,2018,11,4,3,1008.0,1064.0,1457.0,1515.0,1056.0,1153.0,1393.0,1498.0,959.0,986.0,1022.5714285714286,1160.357142857143,1364.2666666666667,61.65,65.45,71.3,72.61,100.7,100.7,73.3,73.3,1247.0
2018-11-23,1093.0,1358.0,1376.0,952.0,57.69,70.65,100.7,73.3,2018,11,4,4,1018.0,1009.0,1428.0,1579.0,1089.0,940.0,1378.0,1484.0,956.0,982.0,1016.0,1129.0,1347.7,61.11,64.88,70.975,72.3,100.7,100.7,73.3,73.3,1262.0
2018-11-26,1217.0,1789.0,1389.0,947.0,59.7,70.81,100.7,73.3,2018,11,4,0,1093.0,1020.0,1395.0,1584.0,1358.0,1007.0,1376.0,1466.0,952.0,970.0,1028.0,1105.0714285714287,1331.5,57.69,65.61,70.65,71.97,100.7,100.7,73.3,73.3,1238.0
2018-11-27,1339.0,2170.0,1416.0,943.0,59.58,70.8,100.7,73.3,2018,11,4,1,1217.0,1031.0,1304.0,1578.0,1789.0,1057.0,1389.0,1453.0,947.0,969.0,1056.142857142857,1092.357142857143,1319.2666666666667,59.7,65.29,70.81,71.98,100.7,100.7,73.3,73.3,1189.0
2018-11-28,1330.0,2121.0,1444.0,942.0,57.97,70.63,100.7,73.3,2018,11,4,2,1339.0,1023.0,1231.0,1554.0,2170.0,1050.0,1416.0,1437.0,943.0,964.0,1100.142857142857,1094.857142857143,1311.3,59.58,64.14,70.8,71.6,100.7,100.7,73.3,73.3,1169.0
2018-11-29,1281.0,1950.0,1455.0,945.0,58.29,69.79,100.7,73.3,2018,11,4,3,1330.0,1003.0,1147.0,1565.0,2121.0,1002.0,1444.0,1416.0,942.0,963.0,1144.0,1101.9285714285713,1303.8333333333333,57.97,61.5,70.63,71.49,100.7,100.7,73.3,73.3,1147.0
2018-11-30,1231.0,1755.0,1463.0,944.0,57.71,69.62,100.7,73.3,2018,11,4,4,1281.0,1008.0,1125.0,1576.0,1950.0,1056.0,1455.0,1393.0,945.0,959.0,1183.7142857142858,1111.5,1294.3666666666666,58.29,61.65,69.79,71.3,100.7,100.7,73.3,73.3,1096.0
2018-12-03,1203.0,1638.0,1469.0,945.0,60.17,70.4,101.4,69.2,2018,12,4,0,1231.0,1018.0,1064.0,1579.0,1755.0,1089.0,1463.0,1378.0,944.0,956.0,1215.5714285714287,1119.0714285714287,1282.8666666666666,57.71,61.11,69.62,70.975,100.7,100.7,73.3,73.3,1055.0
2018-12-04,1237.0,1739.0,1474.0,949.0,61.22,70.52,101.4,69.2,2018,12,4,1,1203.0,1093.0,1009.0,1577.0,1638.0,1358.0,1469.0,1376.0,945.0,952.0,1242.0,1129.0,1270.3333333333333,60.17,57.69,70.4,70.65,101.4,100.7,69.2,73.3,1077.0
2018-12-05,1296.0,1925.0,1472.0,950.0,61.4,70.68,101.4,69.2,2018,12,4,2,1237.0,1217.0,1020.0,1546.0,1739.0,1789.0,1474.0,1389.0,949.0,947.0,1262.5714285714287,1145.2857142857142,1259.0,61.22,59.7,70.52,70.81,101.4,100.7,69.2,73.3,1112.0
2018-12-06,1339.0,2080.0,1473.0,951.0,57.83,70.84,101.4,69.2,2018,12,4,3,1296.0,1339.0,1031.0,1516.0,1925.0,2170.0,1472.0,1416.0,950.0,943.0,1273.857142857143,1165.0,1250.6666666666667,61.4,59.58,70.68,70.8,101.4,100.7,69.2,73.3,1092.0
2018-12-07,1372.0,2197.0,1469.0,953.0,61.71,70.85,101.4,69.2,2018,12,4,4,1339.0,1330.0,1023.0,1519.0,2080.0,2121.0,1473.0,1444.0,951.0,942.0,1273.857142857143,1187.0,1244.7666666666667,57.83,57.97,70.84,70.63,101.4,100.7,69.2,73.3,1036.0
2018-12-10,1385.0,2244.0,1464.0,955.0,60.29,72.436,101.4,69.2,2018,12,4,0,1372.0,1281.0,1003.0,1522.0,2197.0,1950.0,1469.0,1455.0,953.0,945.0,1279.857142857143,1211.9285714285713,1239.8666666666666,61.71,58.29,70.85,69.79,101.4,100.7,69.2,73.3,982.0
2018-12-11,1364.0,2183.0,1454.0,958.0,59.73,72.27,101.4,69.2,2018,12,4,1,1385.0,1231.0,1008.0,1513.0,2244.0,1755.0,1464.0,1463.0,955.0,944.0,1294.7142857142858,1239.2142857142858,1235.3,60.29,57.71,72.436,69.62,101.4,100.7,69.2,73.3,939.0
2018-12-12,1353.0,2153.0,1445.0,963.0,59.94,71.79,101.4,69.2,2018,12,4,2,1364.0,1203.0,1018.0,1490.0,2183.0,1638.0,1454.0,1469.0,958.0,945.0,1313.7142857142858,1264.642857142857,1230.3333333333333,59.73,60.17,72.27,70.4,101.4,101.4,69.2,69.2,905.0
2018-12-13,1365.0,2180.0,1459.0,968.0,59.03,71.52,101.4,69.2,2018,12,4,3,1353.0,1237.0,1093.0,1470.0,2153.0,1739.0,1445.0,1474.0,963.0,949.0,1335.142857142857,1288.5714285714287,1225.7666666666667,59.94,61.22,71.79,70.52,101.4,101.4,69.2,69.2,852.0
2018-12-14,1401.0,2383.0,1478.0,974.0,58.56,71.94,101.4,69.2,2018,12,4,4,1365.0,1296.0,1217.0,1457.0,2180.0,1925.0,1459.0,1472.0,968.0,950.0,1353.4285714285713,1308.0,1222.2666666666667,59.03,61.4,71.52,70.68,101.4,101.4,69.2,69.2,797.0
2018-12-17,1406.0,2433.0,1490.0,978.0,57.59,71.6,101.4,69.2,2018,12,4,0,1401.0,1339.0,1339.0,1428.0,2383.0,2080.0,1478.0,1473.0,974.0,951.0,1368.4285714285713,1321.142857142857,1220.4,58.56,57.83,71.94,70.84,101.4,101.4,69.2,69.2,721.0
2018-12-18,1395.0,2393.0,1494.0,977.0,55.26,70.61,101.4,69.2,2018,12,4,1,1406.0,1372.0,1330.0,1395.0,2433.0,2197.0,1490.0,1469.0,978.0,953.0,1378.0,1325.9285714285713,1219.6666666666667,57.59,61.71,71.6,70.85,101.4,101.4,69.2,69.2,668.0
2018-12-19,1378.0,2264.0,1492.0,979.0,55.6,70.26,101.4,69.2,2018,12,4,2,1395.0,1385.0,1281.0,1304.0,2393.0,2244.0,1494.0,1464.0,977.0,955.0,1381.2857142857142,1330.5714285714287,1219.6666666666667,55.26,60.29,70.61,72.436,101.4,101.4,69.2,69.2,645.0
2018-12-20,1318.0,2071.0,1473.0,979.0,52.84,69.96,101.4,69.2,2018,12,4,3,1378.0,1364.0,1231.0,1231.0,2264.0,2183.0,1492.0,1454.0,979.0,958.0,1380.2857142857142,1337.5,1222.1333333333334,55.6,59.73,70.26,72.27,101.4,101.4,69.2,69.2,634.0
2018-12-21,1279.0,1913.0,1437.0,977.0,51.93,70.09,101.4,69.2,2018,12,4,4,1318.0,1353.0,1203.0,1147.0,2071.0,2153.0,1473.0,1445.0,979.0,963.0,1373.7142857142858,1343.7142857142858,1225.0333333333333,52.84,59.94,69.96,71.79,101.4,101.4,69.2,69.2,629.0
2018-12-24,1271.0,1905.0,1421.0,975.0,51.71,70.078,101.4,69.2,2018,12,4,0,1279.0,1365.0,1237.0,1125.0,1913.0,2180.0,1437.0,1459.0,977.0,968.0,1363.142857142857,1349.142857142857,1229.4333333333334,51.93,59.03,70.09,71.52,101.4,101.4,69.2,69.2,629.0
2018-12-26,1273.4444444444443,1923.2222222222224,1414.3333333333333,973.2222222222222,51.56333333333333,70.07,101.4,69.2,2018,12,4,2,1271.0,1401.0,1296.0,1064.0,1905.0,2383.0,1421.0,1478.0,975.0,974.0,1349.7142857142858,1351.5714285714287,1234.3,51.71,58.56,70.078,71.94,101.4,101.4,69.2,69.2,610.0
2018-12-27,1274.6666666666667,1932.3333333333333,1411.0,972.3333333333334,51.49,70.34,101.4,69.2,2018,12,4,3,1273.4444444444443,1406.0,1339.0,1009.0,1923.2222222222224,2433.0,1414.3333333333333,1490.0,973.2222222222222,978.0,1331.4920634920636,1349.9603174603176,1241.2814814814815,51.56333333333333,57.59,70.07,71.6,101.4,101.4,69.2,69.2,601.0
2018-12-28,1275.888888888889,1941.4444444444443,1407.6666666666667,971.4444444444443,50.57,69.92,101.4,69.2,2018,12,4,4,1274.6666666666667,1395.0,1372.0,1020.0,1932.3333333333333,2393.0,1411.0,1494.0,972.3333333333334,977.0,1312.7301587301588,1345.3650793650793,1250.137037037037,51.49,55.26,70.34,70.61,101.4,101.4,69.2,69.2,595.0
2018-12-31,1279.5555555555557,1968.7777777777776,1397.6666666666667,968.7777777777778,52.664,69.58,101.4,69.2,2018,12,4,0,1275.888888888889,1378.0,1385.0,1031.0,1941.4444444444443,2264.0,1407.6666666666667,1492.0,971.4444444444443,979.0,1295.7142857142858,1338.5,1258.6666666666667,50.57,55.6,69.92,70.26,101.4,101.4,69.2,69.2,598.0
2019-01-02,1282.0,1987.0,1391.0,967.0,54.06,70.02,98.6,76.2,2019,1,1,2,1279.5555555555557,1318.0,1364.0,1023.0,1968.7777777777776,2071.0,1397.6666666666667,1473.0,968.7777777777778,979.0,1281.6507936507935,1330.968253968254,1266.9518518518519,52.664,52.84,69.58,69.96,101.4,101.4,69.2,69.2,608.0
2019-01-03,1267.0,1963.0,1365.0,958.0,53.23,70.12,98.6,76.2,2019,1,1,3,1282.0,1279.0,1353.0,1003.0,1987.0,1913.0,1391.0,1437.0,967.0,977.0,1276.5079365079364,1325.111111111111,1275.585185185185,54.06,51.93,70.02,70.09,98.6,101.4,76.2,69.2,628.0
2019-01-04,1260.0,2003.0,1331.0,946.0,55.64,69.63,98.6,76.2,2019,1,1,4,1267.0,1271.0,1365.0,1008.0,1963.0,1905.0,1365.0,1421.0,958.0,975.0,1274.7936507936506,1318.968253968254,1284.3851851851853,53.23,51.71,70.12,70.078,98.6,101.4,76.2,69.2,639.0
2019-01-07,1247.0,2016.0,1300.0,933.0,57.1,69.78,98.6,76.2,2019,1,1,0,1260.0,1273.4444444444443,1401.0,1018.0,2003.0,1923.2222222222224,1331.0,1414.3333333333333,946.0,973.2222222222222,1273.2222222222222,1311.468253968254,1292.7851851851851,55.64,51.56333333333333,69.63,70.07,98.6,101.4,76.2,69.2,643.0
2019-01-08,1262.0,2117.0,1257.0,918.0,56.91,70.11,98.6,76.2,2019,1,1,1,1247.0,1274.6666666666667,1406.0,1093.0,2016.0,1932.3333333333333,1300.0,1411.0,933.0,972.3333333333334,1269.4444444444446,1300.468253968254,1300.4185185185186,57.1,51.49,69.78,70.34,98.6,101.4,76.2,69.2,635.0
2019-01-09,1238.0,2078.0,1218.0,893.0,59.46,70.42,98.6,76.2,2019,1,1,2,1262.0,1275.888888888889,1395.0,1217.0,2117.0,1941.4444444444443,1257.0,1407.6666666666667,918.0,971.4444444444443,1267.6349206349207,1290.1825396825395,1306.0518518518518,56.91,50.57,70.11,69.92,98.6,101.4,76.2,69.2,622.0
2019-01-10,1189.0,1987.0,1170.0,870.0,60.47,70.43,98.6,76.2,2019,1,1,3,1238.0,1279.5555555555557,1378.0,1339.0,2078.0,1968.7777777777776,1218.0,1397.6666666666667,893.0,968.7777777777778,1262.2222222222222,1278.968253968254,1306.7518518518518,59.46,52.664,70.42,69.58,98.6,101.4,76.2,69.2,630.0
2019-01-11,1169.0,1966.0,1137.0,842.0,59.24,70.38,98.6,76.2,2019,1,1,4,1189.0,1282.0,1318.0,1330.0,1987.0,1987.0,1170.0,1391.0,870.0,967.0,1249.2857142857142,1265.468253968254,1301.7518518518518,60.47,54.06,70.43,70.02,98.6,98.6,76.2,76.2,634.0
2019-01-14,1147.0,1952.0,1118.0,814.0,58.8,70.845,98.6,76.2,2019,1,1,0,1169.0,1267.0,1279.0,1281.0,1966.0,1963.0,1137.0,1365.0,842.0,958.0,1233.142857142857,1254.8253968253969,1296.3851851851853,59.24,53.23,70.38,70.12,98.6,98.6,76.2,76.2,637.0
2019-01-15,1096.0,1831.0,1104.0,785.0,58.65,71.0,98.6,76.2,2019,1,1,1,1147.0,1260.0,1271.0,1231.0,1952.0,2003.0,1118.0,1331.0,814.0,946.0,1216.0,1245.3968253968253,1291.9185185185186,58.8,55.64,70.845,69.63,98.6,98.6,76.2,76.2,649.0
2019-01-16,1055.0,1748.0,1079.0,755.0,59.81,70.97,98.6,76.2,2019,1,1,2,1096.0,1247.0,1273.4444444444443,1203.0,1831.0,2016.0,1104.0,1300.0,785.0,933.0,1192.5714285714287,1232.8968253968253,1287.4185185185186,58.65,57.1,71.0,69.78,98.6,98.6,76.2,76.2,651.0
2019-01-17,1077.0,1868.0,1045.0,729.0,59.85,71.09,98.6,76.2,2019,1,1,3,1055.0,1262.0,1274.6666666666667,1237.0,1748.0,2117.0,1079.0,1257.0,755.0,918.0,1165.142857142857,1217.2936507936508,1282.4851851851852,59.81,56.91,70.97,70.11,98.6,98.6,76.2,76.2,658.0
2019-01-18,1112.0,2037.0,1018.0,701.0,62.04,71.21,98.6,76.2,2019,1,1,4,1077.0,1238.0,1275.888888888889,1296.0,1868.0,2078.0,1045.0,1218.0,729.0,893.0,1138.7142857142858,1203.1746031746031,1277.151851851852,59.85,59.46,71.09,70.42,98.6,98.6,76.2,76.2,664.0
2019-01-21,1092.0,2024.0,991.0,680.0,62.18,71.225,98.6,76.2,2019,1,1,0,1112.0,1189.0,1279.5555555555557,1339.0,2037.0,1987.0,1018.0,1170.0,701.0,870.0,1120.7142857142858,1191.468253968254,1271.0185185185185,62.04,60.47,71.21,70.43,98.6,98.6,76.2,76.2,669.0
2019-01-22,1036.0,1892.0,950.0,660.0,60.9,71.23,98.6,76.2,2019,1,1,1,1092.0,1169.0,1282.0,1372.0,2024.0,1966.0,991.0,1137.0,680.0,842.0,1106.857142857143,1178.0714285714287,1262.7851851851851,62.18,59.24,71.225,70.38,98.6,98.6,76.2,76.2,663.0
2019-01-23,982.0,1775.0,893.0,638.0,61.05,71.21,98.6,76.2,2019,1,1,2,1036.0,1147.0,1267.0,1385.0,1892.0,1952.0,950.0,1118.0,660.0,814.0,1087.857142857143,1160.5,1251.585185185185,60.9,58.8,71.23,70.845,98.6,98.6,76.2,76.2,664.0
2019-01-24,939.0,1726.0,828.0,607.0,61.09,71.02,98.6,76.2,2019,1,1,3,982.0,1096.0,1260.0,1364.0,1775.0,1831.0,893.0,1104.0,638.0,785.0,1064.2857142857142,1140.142857142857,1238.151851851852,61.05,58.65,71.21,71.0,98.6,98.6,76.2,76.2,657.0
2019-01-25,905.0,1730.0,748.0,576.0,61.49,70.94,98.6,76.2,2019,1,1,4,939.0,1055.0,1247.0,1353.0,1726.0,1748.0,828.0,1079.0,607.0,755.0,1041.857142857143,1117.2142857142858,1223.9851851851852,61.09,59.81,71.02,70.97,98.6,98.6,76.2,76.2,649.0
2019-01-28,852.0,1631.0,687.0,552.0,59.71,71.06,98.6,76.2,2019,1,1,0,905.0,1077.0,1262.0,1365.0,1730.0,1868.0,748.0,1045.0,576.0,729.0,1020.4285714285714,1092.7857142857142,1209.0518518518518,61.49,59.85,70.94,71.09,98.6,98.6,76.2,76.2,645.0
2019-01-29,797.0,1508.0,644.0,526.0,60.98,71.4,98.6,76.2,2019,1,1,1,852.0,1112.0,1238.0,1401.0,1631.0,2037.0,687.0,1018.0,552.0,701.0,988.2857142857143,1063.5,1191.9518518518519,59.71,62.04,71.06,71.21,98.6,98.6,76.2,76.2,647.0
2019-01-30,721.0,1295.0,612.0,498.0,61.89,71.24,98.6,76.2,2019,1,1,2,797.0,1092.0,1189.0,1406.0,1508.0,2024.0,644.0,991.0,526.0,680.0,943.2857142857143,1032.0,1171.8185185185184,60.98,62.18,71.4,71.225,98.6,98.6,76.2,76.2,654.0
2019-01-31,668.0,1116.0,574.0,472.0,62.46,70.94,98.6,76.2,2019,1,1,3,721.0,1036.0,1169.0,1395.0,1295.0,1892.0,612.0,950.0,498.0,660.0,890.2857142857143,998.5714285714286,1148.9851851851852,61.89,60.9,71.24,71.23,98.6,98.6,76.2,76.2,677.0
2019-02-01,645.0,1014.0,560.0,450.0,61.86,71.41,95.4,88.2,2019,2,1,4,668.0,982.0,1147.0,1378.0,1116.0,1775.0,574.0,893.0,472.0,638.0,837.7142857142857,962.7857142857143,1124.7518518518518,62.46,61.05,70.94,71.21,98.6,98.6,76.2,76.2,730.0
2019-02-04,634.0,984.0,552.0,438.0,62.26,71.66,95.4,88.2,2019,2,1,0,645.0,939.0,1096.0,1318.0,1014.0,1726.0,560.0,828.0,450.0,607.0,789.5714285714286,926.9285714285714,1100.3185185185184,61.86,61.09,71.41,71.02,95.4,98.6,88.2,76.2,721.0
2019-02-05,629.0,972.0,553.0,423.0,61.67,71.52,95.4,88.2,2019,2,1,1,634.0,905.0,1055.0,1279.0,984.0,1730.0,552.0,748.0,438.0,576.0,746.0,893.9285714285714,1077.5185185185185,62.26,61.49,71.66,70.94,95.4,98.6,88.2,76.2,712.0
2019-02-06,629.0,929.0,553.0,415.0,62.22,71.55,95.4,88.2,2019,2,1,2,629.0,852.0,1077.0,1271.0,972.0,1631.0,553.0,687.0,423.0,552.0,706.5714285714286,863.5,1055.8518518518517,61.67,59.71,71.52,71.06,95.4,98.6,88.2,76.2,709.0
2019-02-07,610.0,846.0,561.0,414.0,61.01,71.3,95.4,88.2,2019,2,1,3,629.0,797.0,1112.0,1273.4444444444443,929.0,1508.0,553.0,644.0,415.0,526.0,674.7142857142857,831.5,1034.4518518518519,62.22,60.98,71.55,71.4,95.4,98.6,88.2,76.2,695.0
2019-02-08,601.0,792.0,574.0,415.0,61.37,71.23,95.4,88.2,2019,2,1,4,610.0,721.0,1092.0,1274.6666666666667,846.0,1295.0,561.0,612.0,414.0,498.0,648.0,795.6428571428571,1012.337037037037,61.01,61.89,71.3,71.24,95.4,98.6,88.2,76.2,690.0
2019-02-11,595.0,736.0,586.0,429.0,61.3,71.15,95.4,88.2,2019,2,1,0,601.0,668.0,1036.0,1275.888888888889,792.0,1116.0,574.0,574.0,415.0,472.0,630.8571428571429,760.5714285714286,989.8814814814815,61.37,62.46,71.23,70.94,95.4,98.6,88.2,76.2,689.0
2019-02-12,598.0,711.0,600.0,454.0,62.58,70.56,95.4,88.2,2019,2,1,1,595.0,645.0,982.0,1279.5555555555557,736.0,1014.0,586.0,560.0,429.0,450.0,620.4285714285714,729.0714285714286,967.1851851851851,61.3,61.86,71.15,71.41,95.4,95.4,88.2,88.2,683.0
2019-02-13,608.0,707.0,611.0,478.0,63.27,70.86,95.4,88.2,2019,2,1,2,598.0,634.0,939.0,1282.0,711.0,984.0,600.0,552.0,454.0,438.0,613.7142857142857,701.6428571428571,944.4666666666667,62.58,62.26,70.56,71.66,95.4,95.4,88.2,88.2,690.0
2019-02-14,628.0,729.0,619.0,526.0,64.0,71.18,95.4,88.2,2019,2,1,3,608.0,629.0,905.0,1267.0,707.0,972.0,611.0,553.0,478.0,423.0,610.0,678.0,922.0,63.27,61.67,70.86,71.52,95.4,95.4,88.2,88.2,692.0
2019-02-15,639.0,727.0,624.0,560.0,65.65,71.36,95.4,88.2,2019,2,1,4,628.0,629.0,852.0,1260.0,729.0,929.0,619.0,553.0,526.0,415.0,609.8571428571429,658.2142857142857,900.7,64.0,62.22,71.18,71.55,95.4,95.4,88.2,88.2,689.0
2019-02-18,643.0,713.0,628.0,594.0,66.41,71.3225,95.4,88.2,2019,2,1,0,639.0,610.0,797.0,1247.0,727.0,846.0,624.0,561.0,560.0,414.0,611.2857142857143,643.0,880.0,65.65,61.01,71.36,71.3,95.4,95.4,88.2,88.2,685.0
2019-02-19,635.0,650.0,639.0,625.0,65.86,71.31,95.4,88.2,2019,2,1,1,643.0,601.0,721.0,1262.0,713.0,792.0,628.0,574.0,594.0,415.0,616.0,632.0,859.8666666666667,66.41,61.37,71.3225,71.23,95.4,95.4,88.2,88.2,674.0
2019-02-20,622.0,578.0,649.0,649.0,66.82,71.23,95.4,88.2,2019,2,1,2,635.0,595.0,668.0,1238.0,650.0,736.0,639.0,586.0,625.0,429.0,620.8571428571429,625.8571428571429,838.9666666666667,65.86,61.3,71.31,71.15,95.4,95.4,88.2,88.2,672.0
2019-02-21,630.0,570.0,657.0,686.0,66.91,71.15,95.4,88.2,2019,2,1,3,622.0,598.0,645.0,1189.0,578.0,711.0,649.0,600.0,649.0,454.0,624.7142857142857,622.5714285714286,818.4333333333333,66.82,62.58,71.23,70.56,95.4,95.4,88.2,88.2,699.0
2019-02-22,634.0,545.0,666.0,707.0,66.91,71.07,95.4,88.2,2019,2,1,4,630.0,608.0,634.0,1169.0,570.0,707.0,657.0,611.0,686.0,478.0,629.2857142857143,621.5,799.8,66.91,63.27,71.15,70.86,95.4,95.4,88.2,88.2,711.0
2019-02-25,637.0,520.0,685.0,721.0,64.02,70.82,95.4,88.2,2019,2,1,0,634.0,628.0,629.0,1147.0,545.0,729.0,666.0,619.0,707.0,526.0,633.0,621.5,781.9666666666667,66.91,64.0,71.07,71.18,95.4,95.4,88.2,88.2,714.0
2019-02-26,649.0,522.0,713.0,729.0,64.51,71.02,95.4,88.2,2019,2,1,1,637.0,639.0,629.0,1096.0,520.0,727.0,685.0,624.0,721.0,560.0,634.2857142857143,622.0714285714286,764.9666666666667,64.02,65.65,70.82,71.36,95.4,95.4,88.2,88.2,725.0
2019-02-27,651.0,500.0,752.0,738.0,65.55,71.15,95.4,88.2,2019,2,1,2,649.0,643.0,610.0,1055.0,522.0,713.0,713.0,628.0,729.0,594.0,635.7142857142857,623.5,750.0666666666667,64.51,66.41,71.02,71.3225,95.4,95.4,88.2,88.2,734.0
2019-02-28,658.0,459.0,813.0,749.0,65.03,70.83,95.4,88.2,2019,2,1,3,651.0,635.0,601.0,1077.0,500.0,650.0,752.0,639.0,738.0,625.0,636.8571428571429,626.4285714285714,736.6,65.55,65.86,71.15,71.31,95.4,95.4,88.2,88.2,728.0
2019-03-01,664.0,383.0,863.0,759.0,63.71,70.9,93.1,86.5,2019,3,1,4,658.0,622.0,595.0,1112.0,459.0,578.0,813.0,649.0,749.0,649.0,640.1428571428571,630.5,722.6333333333333,65.03,66.82,70.83,71.23,95.4,95.4,88.2,88.2,726.0
2019-03-04,669.0,355.0,900.0,767.0,64.44,70.91,93.1,86.5,2019,3,1,0,664.0,630.0,598.0,1092.0,383.0,570.0,863.0,657.0,759.0,686.0,646.1428571428571,635.4285714285714,707.7,63.71,66.91,70.9,71.15,93.1,95.4,86.5,88.2,738.0
2019-03-05,663.0,299.0,924.0,776.0,64.24,70.55,93.1,86.5,2019,3,1,1,669.0,634.0,608.0,1036.0,355.0,545.0,900.0,666.0,767.0,707.0,651.7142857142857,640.5,693.6,64.44,66.91,70.91,71.07,93.1,95.4,86.5,88.2,749.0
2019-03-06,664.0,270.0,938.0,783.0,64.51,70.02,93.1,86.5,2019,3,1,2,663.0,637.0,628.0,982.0,299.0,520.0,924.0,685.0,776.0,721.0,655.8571428571429,644.4285714285714,681.1666666666666,64.24,64.02,70.55,70.82,93.1,95.4,86.5,88.2,767.0
2019-03-07,657.0,236.0,926.0,790.0,64.82,70.09,93.1,86.5,2019,3,1,3,664.0,649.0,639.0,939.0,270.0,522.0,938.0,713.0,783.0,729.0,659.7142857142857,647.0,670.5666666666667,64.51,64.51,70.02,71.02,93.1,95.4,86.5,88.2,790.0
2019-03-08,649.0,235.0,894.0,790.0,65.66,70.0,93.1,86.5,2019,3,1,4,657.0,651.0,643.0,905.0,236.0,500.0,926.0,752.0,790.0,738.0,660.8571428571429,648.2857142857143,661.1666666666666,64.82,65.55,70.09,71.15,93.1,95.4,86.5,88.2,796.2
2019-03-11,645.0,250.0,866.0,790.0,65.06,69.82,93.1,86.5,2019,3,1,0,649.0,658.0,635.0,852.0,235.0,459.0,894.0,813.0,790.0,749.0,660.5714285714286,648.7142857142857,652.6333333333333,65.66,65.03,70.0,70.83,93.1,95.4,86.5,88.2,814.8
2019-03-12,647.0,278.0,839.0,789.0,65.33,69.62,93.1,86.5,2019,3,1,1,645.0,664.0,622.0,797.0,250.0,383.0,866.0,863.0,790.0,759.0,658.7142857142857,649.4285714285714,645.7333333333333,65.06,63.71,69.82,70.9,93.1,93.1,86.5,86.5,821.0
2019-03-13,654.0,327.0,823.0,789.0,65.89,69.52,93.1,86.5,2019,3,1,2,647.0,669.0,630.0,721.0,278.0,355.0,839.0,900.0,789.0,767.0,656.2857142857143,651.2142857142857,640.7333333333333,65.33,64.44,69.62,70.91,93.1,93.1,86.5,86.5,850.0
2019-03-14,677.0,403.0,841.0,786.0,66.18,69.33,93.1,86.5,2019,3,1,3,654.0,663.0,634.0,668.0,327.0,299.0,823.0,924.0,789.0,776.0,654.1428571428571,652.9285714285714,638.5,65.89,64.24,69.52,70.55,93.1,93.1,86.5,86.5,869.0
2019-03-15,730.0,520.0,883.0,786.0,66.11,68.94,93.1,86.5,2019,3,1,4,677.0,664.0,637.0,645.0,403.0,270.0,841.0,938.0,786.0,783.0,656.1428571428571,656.0,638.8,66.18,64.51,69.33,70.02,93.1,93.1,86.5,86.5,889.0
2019-03-18,721.0,476.0,905.0,787.0,66.65,68.6,93.1,86.5,2019,3,1,0,730.0,657.0,649.0,634.0,520.0,236.0,883.0,926.0,786.0,790.0,665.5714285714286,662.6428571428571,641.6333333333333,66.11,64.82,68.94,70.09,93.1,93.1,86.5,86.5,913.0
2019-03-19,712.0,421.0,922.0,789.0,67.13,69.02,93.1,86.5,2019,3,1,1,721.0,649.0,651.0,629.0,476.0,235.0,905.0,894.0,787.0,790.0,674.7142857142857,667.7857142857143,644.5333333333333,66.65,65.66,68.6,70.0,93.1,93.1,86.5,86.5,1011.0
2019-03-20,709.0,399.0,962.0,796.0,68.35,68.85,93.1,86.5,2019,3,1,2,712.0,645.0,658.0,629.0,421.0,250.0,922.0,866.0,789.0,790.0,683.7142857142857,672.1428571428571,647.3,67.13,65.06,69.02,69.82,93.1,93.1,86.5,86.5,1031.0
2019-03-21,695.0,288.0,1009.0,813.0,68.3,68.72,93.1,86.5,2019,3,1,3,709.0,647.0,664.0,610.0,399.0,278.0,962.0,839.0,796.0,789.0,692.8571428571429,675.7857142857143,649.9666666666667,68.35,65.33,68.85,69.62,93.1,93.1,86.5,86.5,1032.0
2019-03-22,690.0,251.0,1027.0,826.0,66.29,69.01,93.1,86.5,2019,3,1,4,695.0,654.0,669.0,601.0,288.0,327.0,1009.0,823.0,813.0,789.0,699.7142857142857,678.0,652.8,68.3,65.89,68.72,69.52,93.1,93.1,86.5,86.5,985.0
2019-03-25,689.0,230.0,1036.0,830.0,67.37,68.88,93.1,86.5,2019,3,1,0,690.0,677.0,663.0,595.0,251.0,403.0,1027.0,841.0,826.0,786.0,704.8571428571429,679.5,655.7666666666667,66.29,66.18,69.01,69.33,93.1,93.1,86.5,86.5,948.25
2019-03-26,683.0,190.0,1053.0,833.0,67.51,68.98,93.1,86.5,2019,3,1,1,689.0,730.0,664.0,598.0,230.0,520.0,1036.0,883.0,830.0,786.0,706.5714285714286,681.3571428571429,658.9,67.37,66.11,68.88,68.94,93.1,93.1,86.5,86.5,936.0
2019-03-27,690.0,178.0,1056.0,831.0,67.35,69.13,93.1,86.5,2019,3,1,2,683.0,721.0,657.0,608.0,190.0,476.0,1053.0,905.0,833.0,787.0,699.8571428571429,682.7142857142857,661.7333333333333,67.51,66.65,68.98,68.6,93.1,93.1,86.5,86.5,940.0
2019-03-28,692.0,167.0,1087.0,823.0,66.08,69.23,93.1,86.5,2019,3,1,3,690.0,712.0,649.0,628.0,178.0,421.0,1056.0,922.0,831.0,789.0,695.4285714285714,685.0714285714286,664.4666666666667,67.35,67.13,69.13,69.02,93.1,93.1,86.5,86.5,974.0
2019-03-29,689.0,150.0,1102.0,813.0,67.93,69.16,93.1,86.5,2019,3,1,4,692.0,709.0,645.0,639.0,167.0,399.0,1087.0,962.0,823.0,796.0,692.5714285714286,688.1428571428571,666.6,66.08,68.35,69.23,68.85,93.1,93.1,86.5,86.5,1013.0
2019-04-01,685.0,122.0,1110.0,807.0,69.08,69.18,86.8,93.7,2019,4,2,0,689.0,695.0,647.0,643.0,150.0,288.0,1102.0,1009.0,813.0,813.0,689.7142857142857,691.2857142857143,668.2666666666667,67.93,68.3,69.16,68.72,93.1,93.1,86.5,86.5,1026.0
2019-04-02,674.0,92.0,1120.0,795.0,69.68,68.91,86.8,93.7,2019,4,2,1,685.0,690.0,654.0,635.0,122.0,251.0,1110.0,1027.0,807.0,826.0,688.2857142857143,694.0,669.6666666666666,69.08,66.29,69.18,69.01,86.8,93.1,93.7,86.5,1043.0
2019-04-03,672.0,104.0,1127.0,775.0,69.21,68.58,86.8,93.7,2019,4,2,2,674.0,689.0,677.0,622.0,92.0,230.0,1120.0,1036.0,795.0,830.0,686.0,695.4285714285714,670.9666666666667,69.68,67.37,68.91,68.88,86.8,93.1,93.7,86.5,1032.0
2019-04-04,699.0,210.0,1124.0,757.0,69.8,69.03,86.8,93.7,2019,4,2,3,672.0,683.0,730.0,630.0,104.0,190.0,1127.0,1053.0,775.0,833.0,683.5714285714286,695.0714285714286,672.6333333333333,69.21,67.51,68.58,68.98,86.8,93.1,93.7,86.5,1032.0
2019-04-05,711.0,276.0,1114.0,742.0,69.93,69.11,86.8,93.7,2019,4,2,4,699.0,690.0,721.0,634.0,210.0,178.0,1124.0,1056.0,757.0,831.0,685.8571428571429,692.8571428571429,674.9333333333333,69.8,67.35,69.03,69.13,86.8,93.1,93.7,86.5,1040.0
2019-04-08,714.0,312.0,1101.0,733.0,71.12,69.56,86.8,93.7,2019,4,2,0,711.0,692.0,712.0,637.0,276.0,167.0,1114.0,1087.0,742.0,823.0,688.8571428571429,692.1428571428571,677.5,69.93,66.08,69.11,69.23,86.8,93.1,93.7,86.5,1041.0
2019-04-09,725.0,375.0,1085.0,726.0,71.02,69.28,86.8,93.7,2019,4,2,1,714.0,689.0,709.0,649.0,312.0,150.0,1101.0,1102.0,733.0,813.0,692.0,692.2857142857143,680.0666666666667,71.12,67.93,69.56,69.16,86.8,93.1,93.7,86.5,1049.0
2019-04-10,734.0,428.0,1074.0,718.0,71.63,69.12,86.8,93.7,2019,4,2,2,725.0,685.0,695.0,651.0,375.0,122.0,1085.0,1110.0,726.0,807.0,697.1428571428571,693.4285714285714,682.6,71.02,69.08,69.28,69.18,86.8,86.8,93.7,93.7,1059.0
2019-04-11,728.0,423.0,1071.0,715.0,71.3,68.97,86.8,93.7,2019,4,2,3,734.0,674.0,690.0,658.0,428.0,92.0,1074.0,1120.0,718.0,795.0,704.1428571428571,696.2142857142857,685.3666666666667,71.63,69.68,69.12,68.91,86.8,86.8,93.7,93.7,1068.0
2019-04-12,726.0,418.0,1073.0,711.0,71.57,69.21,86.8,93.7,2019,4,2,4,728.0,672.0,689.0,664.0,423.0,104.0,1071.0,1127.0,715.0,775.0,711.8571428571429,698.9285714285714,687.7,71.3,69.21,68.97,68.58,86.8,86.8,93.7,93.7,1066.0
2019-04-15,738.0,445.0,1092.0,714.0,70.9,69.38,86.8,93.7,2019,4,2,0,726.0,699.0,683.0,669.0,418.0,210.0,1073.0,1124.0,711.0,757.0,719.5714285714286,701.5714285714286,689.7666666666667,71.57,69.8,69.21,69.03,86.8,86.8,93.7,93.7,1082.0
2019-04-16,749.0,459.0,1119.0,718.0,70.74,69.51,86.8,93.7,2019,4,2,1,738.0,711.0,690.0,663.0,445.0,276.0,1092.0,1114.0,714.0,742.0,725.1428571428571,705.5,692.0666666666667,70.9,69.93,69.38,69.11,86.8,86.8,93.7,93.7,1107.0
2019-04-17,767.0,463.0,1147.0,726.0,71.14,69.43,86.8,93.7,2019,4,2,2,749.0,714.0,692.0,664.0,459.0,312.0,1119.0,1101.0,718.0,733.0,730.5714285714286,709.7142857142857,694.9333333333333,70.74,71.12,69.51,69.56,86.8,86.8,93.7,93.7,1097.0
2019-04-18,790.0,490.0,1162.0,732.0,70.71,69.42,86.8,93.7,2019,4,2,3,767.0,725.0,689.0,657.0,463.0,375.0,1147.0,1085.0,726.0,726.0,738.1428571428571,715.0714285714286,698.3666666666667,71.14,71.02,69.43,69.28,86.8,86.8,93.7,93.7,1096.0
2019-04-19,796.2,506.4,1163.8,735.8,70.71,69.37,86.8,93.7,2019,4,2,4,790.0,734.0,685.0,649.0,490.0,428.0,1162.0,1074.0,732.0,718.0,747.4285714285714,722.2857142857143,702.8,70.71,71.63,69.42,69.12,86.8,86.8,93.7,93.7,1103.0
2019-04-22,814.8,555.6,1169.2,747.2,70.71,69.64,86.8,93.7,2019,4,2,0,796.2,728.0,674.0,645.0,506.4,423.0,1163.8,1071.0,735.8,715.0,756.3142857142857,730.2285714285715,707.7066666666667,70.71,71.3,69.37,68.97,86.8,86.8,93.7,93.7,1122.0
2019-04-23,821.0,572.0,1171.0,751.0,74.39,69.78,86.8,93.7,2019,4,2,1,814.8,726.0,672.0,647.0,555.6,418.0,1169.2,1073.0,747.2,711.0,768.7142857142857,740.2857142857143,713.3666666666667,70.71,71.57,69.64,69.21,86.8,86.8,93.7,93.7,1141.0
2019-04-24,850.0,648.0,1177.0,773.0,73.59,69.91,86.8,93.7,2019,4,2,2,821.0,738.0,699.0,654.0,572.0,445.0,1171.0,1092.0,751.0,714.0,782.2857142857143,750.9285714285714,719.1666666666666,74.39,70.9,69.78,69.38,86.8,86.8,93.7,93.7,1138.0
2019-04-25,869.0,691.0,1182.0,781.0,74.94,70.19,86.8,93.7,2019,4,2,3,850.0,749.0,711.0,677.0,648.0,459.0,1177.0,1119.0,773.0,718.0,798.2857142857143,761.7142857142857,725.7,73.59,70.74,69.91,69.51,86.8,86.8,93.7,93.7,1138.0
2019-04-26,889.0,783.0,1186.0,780.0,71.03,69.93,86.8,93.7,2019,4,2,4,869.0,767.0,714.0,730.0,691.0,463.0,1182.0,1147.0,781.0,726.0,815.4285714285714,773.0,732.1,74.94,71.14,70.19,69.43,86.8,86.8,93.7,93.7,1125.0
2019-04-29,913.0,884.0,1189.0,777.0,71.22,69.8,86.8,93.7,2019,4,2,0,889.0,790.0,725.0,721.0,783.0,490.0,1186.0,1162.0,780.0,732.0,832.8571428571429,785.5,737.4,71.03,70.71,69.93,69.42,86.8,86.8,93.7,93.7,1105.0
2019-04-30,1011.0,1276.0,1188.0,768.0,72.19,69.64,86.8,93.7,2019,4,2,1,913.0,796.2,734.0,712.0,884.0,506.4,1189.0,1163.8,777.0,735.8,850.4285714285714,798.9285714285714,743.8,71.22,70.71,69.8,69.37,86.8,86.8,93.7,93.7,1080.0
2019-05-01,1031.0,1389.0,1187.0,763.0,72.01,69.52,82.3,100.2,2019,5,2,2,1011.0,814.8,728.0,709.0,1276.0,555.6,1188.0,1169.2,768.0,747.2,881.1142857142858,818.7142857142857,753.7666666666667,72.19,70.71,69.64,69.64,86.8,86.8,93.7,93.7,1062.0
2019-05-02,1032.0,1420.0,1189.0,755.0,70.56,69.4,82.3,100.2,2019,5,2,3,1031.0,821.0,726.0,695.0,1389.0,572.0,1187.0,1171.0,763.0,751.0,912.0,840.3571428571429,764.5,72.01,74.39,69.52,69.78,82.3,86.8,100.2,93.7,1085.0
2019-05-03,985.0,1290.0,1190.0,752.0,71.95,69.08,82.3,100.2,2019,5,2,4,1032.0,850.0,738.0,690.0,1420.0,648.0,1189.0,1177.0,755.0,773.0,942.1428571428571,862.2142857142857,775.7333333333333,70.56,73.59,69.4,69.91,82.3,86.8,100.2,93.7,1093.0
2019-05-06,948.25,1161.75,1189.25,758.75,71.95,69.4,82.3,100.2,2019,5,2,0,985.0,869.0,749.0,689.0,1290.0,691.0,1190.0,1182.0,752.0,781.0,961.4285714285714,879.8571428571429,785.5666666666667,71.95,74.94,69.08,70.19,82.3,86.8,100.2,93.7,1135.0
2019-05-07,936.0,1119.0,1189.0,761.0,70.98,69.62,82.3,100.2,2019,5,2,1,948.25,889.0,767.0,683.0,1161.75,783.0,1189.25,1186.0,758.75,780.0,972.75,894.0892857142857,794.2083333333334,71.95,71.03,69.4,69.93,82.3,86.8,100.2,93.7,1179.0
2019-05-08,940.0,1159.0,1188.0,770.0,71.09,69.73,82.3,100.2,2019,5,2,2,936.0,913.0,790.0,690.0,1119.0,884.0,1189.0,1189.0,761.0,777.0,979.4642857142857,906.1607142857143,802.6416666666667,70.98,71.22,69.62,69.8,82.3,86.8,100.2,93.7,1194.0
2019-05-09,974.0,1270.0,1193.0,776.0,70.61,70.21,82.3,100.2,2019,5,2,3,940.0,1011.0,796.2,692.0,1159.0,1276.0,1188.0,1188.0,770.0,768.0,983.3214285714286,916.875,810.975,71.09,72.19,69.73,69.64,82.3,86.8,100.2,93.7,1239.0
2019-05-10,1013.0,1371.0,1198.0,779.0,71.63,70.02,82.3,100.2,2019,5,2,4,974.0,1031.0,814.8,689.0,1270.0,1389.0,1193.0,1187.0,776.0,763.0,978.0357142857143,929.5749999999999,820.375,70.61,72.01,70.21,69.52,82.3,82.3,100.2,100.2,1258.0
2019-05-13,1026.0,1405.0,1211.0,782.0,72.35,70.62,82.3,100.2,2019,5,2,0,1013.0,1032.0,821.0,685.0,1371.0,1420.0,1198.0,1189.0,779.0,755.0,975.4642857142857,943.7321428571429,831.175,71.63,70.56,70.02,69.4,82.3,82.3,100.2,100.2,1280.0
2019-05-14,1043.0,1462.0,1229.0,783.0,72.53,70.3,82.3,100.2,2019,5,2,1,1026.0,985.0,850.0,674.0,1405.0,1290.0,1211.0,1190.0,782.0,752.0,974.6071428571429,958.375,842.5416666666666,72.35,71.95,70.62,69.08,82.3,82.3,100.2,100.2,1317.0
2019-05-15,1032.0,1417.0,1243.0,784.0,73.09,70.22,82.3,100.2,2019,5,2,2,1043.0,948.25,869.0,672.0,1462.0,1161.75,1229.0,1189.25,783.0,758.75,982.8928571428571,972.1607142857143,854.8416666666667,72.53,71.95,70.3,69.4,82.3,82.3,100.2,100.2,1340.0
2019-05-16,1032.0,1428.0,1252.0,783.0,74.7,70.08,82.3,100.2,2019,5,2,3,1032.0,936.0,889.0,699.0,1417.0,1119.0,1243.0,1189.0,784.0,761.0,994.8571428571429,983.8035714285714,866.8416666666667,73.09,70.98,70.22,69.62,82.3,82.3,100.2,100.2,1354.0
2019-05-17,1040.0,1463.0,1255.0,780.0,73.94,70.28,82.3,100.2,2019,5,2,4,1032.0,940.0,913.0,711.0,1428.0,1159.0,1252.0,1188.0,783.0,770.0,1008.5714285714286,994.0178571428571,877.9416666666667,74.7,71.09,70.08,69.73,82.3,82.3,100.2,100.2,1381.0
2019-05-20,1041.0,1470.0,1256.0,778.0,73.21,69.59,82.3,100.2,2019,5,2,0,1040.0,974.0,1011.0,714.0,1463.0,1270.0,1255.0,1193.0,780.0,776.0,1022.8571428571429,1003.0892857142857,888.9083333333333,73.94,70.61,70.28,70.21,82.3,82.3,100.2,100.2,1446.0
2019-05-21,1049.0,1501.0,1258.0,777.0,72.94,69.61,82.3,100.2,2019,5,2,1,1041.0,1013.0,1031.0,725.0,1470.0,1371.0,1256.0,1198.0,778.0,779.0,1032.4285714285713,1005.2321428571429,899.8083333333333,73.21,71.63,69.59,70.02,82.3,82.3,100.2,100.2,1549.0
2019-05-22,1059.0,1537.0,1268.0,778.0,71.94,69.71,82.3,100.2,2019,5,2,2,1049.0,1026.0,1032.0,734.0,1501.0,1405.0,1258.0,1211.0,777.0,782.0,1037.5714285714287,1006.5178571428571,910.6083333333333,72.94,72.35,69.61,70.62,82.3,82.3,100.2,100.2,1700.0
2019-05-23,1068.0,1558.0,1287.0,779.0,68.37,69.66,82.3,100.2,2019,5,2,3,1059.0,1043.0,985.0,728.0,1537.0,1462.0,1268.0,1229.0,778.0,783.0,1042.2857142857142,1008.4464285714286,921.4416666666667,71.94,72.53,69.71,70.3,82.3,82.3,100.2,100.2,1740.0
2019-05-24,1066.0,1545.0,1304.0,778.0,67.98,69.37,82.3,100.2,2019,5,2,4,1068.0,1032.0,948.25,726.0,1558.0,1417.0,1287.0,1243.0,779.0,784.0,1045.857142857143,1014.375,932.775,68.37,73.09,69.66,70.22,82.3,82.3,100.2,100.2,1725.0
2019-05-28,1082.0,1585.0,1322.0,771.0,70.19,69.56,82.3,100.2,2019,5,2,1,1066.0,1032.0,936.0,738.0,1545.0,1428.0,1304.0,1252.0,778.0,783.0,1050.7142857142858,1022.7857142857143,944.1083333333333,67.98,74.7,69.37,70.08,82.3,82.3,100.2,100.2,1759.0
2019-05-29,1107.0,1659.0,1337.0,763.0,70.64,69.8,82.3,100.2,2019,5,2,2,1082.0,1040.0,940.0,749.0,1585.0,1463.0,1322.0,1255.0,771.0,780.0,1057.857142857143,1033.2142857142858,955.575,70.19,73.94,69.56,70.28,82.3,82.3,100.2,100.2,1777.0
2019-05-30,1097.0,1623.0,1340.0,756.0,69.55,69.81,82.3,100.2,2019,5,2,3,1107.0,1041.0,974.0,767.0,1659.0,1470.0,1337.0,1256.0,763.0,778.0,1067.4285714285713,1045.142857142857,967.5083333333333,70.64,73.21,69.8,69.59,82.3,82.3,100.2,100.2,1816.0
2019-05-31,1096.0,1620.0,1335.0,752.0,66.78,69.63,82.3,100.2,2019,5,2,4,1097.0,1049.0,1013.0,790.0,1623.0,1501.0,1340.0,1258.0,756.0,777.0,1075.4285714285713,1053.9285714285713,978.5083333333333,69.55,72.94,69.81,69.61,82.3,82.3,100.2,100.2,1865.0
2019-06-03,1103.0,1650.0,1325.0,748.0,63.16,69.15,72.5,108.9,2019,6,2,0,1096.0,1059.0,1026.0,796.2,1620.0,1537.0,1335.0,1268.0,752.0,778.0,1082.142857142857,1059.857142857143,988.7083333333334,66.78,71.94,69.63,69.71,82.3,82.3,100.2,100.2,1928.0
2019-06-04,1122.0,1739.0,1304.0,739.0,63.56,69.28,72.5,108.9,2019,6,2,1,1103.0,1068.0,1043.0,814.8,1650.0,1558.0,1325.0,1287.0,748.0,779.0,1088.4285714285713,1065.357142857143,998.935,63.16,68.37,69.15,69.66,72.5,82.3,108.9,100.2,2011.0
2019-06-05,1141.0,1806.0,1285.0,731.0,62.14,69.41,72.5,108.9,2019,6,2,2,1122.0,1066.0,1032.0,821.0,1739.0,1545.0,1304.0,1304.0,739.0,778.0,1096.142857142857,1071.0,1009.175,63.56,67.98,69.28,69.37,72.5,82.3,108.9,100.2,2064.0
2019-06-06,1138.0,1826.0,1246.0,726.0,62.77,69.21,72.5,108.9,2019,6,2,3,1141.0,1082.0,1032.0,850.0,1806.0,1585.0,1285.0,1322.0,731.0,771.0,1106.857142857143,1078.7857142857142,1019.8416666666667,62.14,70.19,69.41,69.56,72.5,82.3,108.9,100.2,2130.0
2019-06-07,1138.0,1862.0,1213.0,719.0,64.1,69.32,72.5,108.9,2019,6,2,4,1138.0,1107.0,1040.0,869.0,1826.0,1659.0,1246.0,1337.0,726.0,763.0,1114.857142857143,1086.357142857143,1029.4416666666666,62.77,70.64,69.21,69.8,72.5,82.3,108.9,100.2,2170.0
2019-06-10,1125.0,1848.0,1187.0,717.0,64.31,69.49,72.5,108.9,2019,6,2,0,1138.0,1097.0,1041.0,889.0,1862.0,1623.0,1213.0,1340.0,719.0,756.0,1119.2857142857142,1093.357142857143,1038.4083333333333,64.1,69.55,69.32,69.81,72.5,82.3,108.9,100.2,2191.0
2019-06-11,1105.0,1798.0,1166.0,714.0,63.56,69.42,72.5,108.9,2019,6,2,1,1125.0,1096.0,1049.0,913.0,1848.0,1620.0,1187.0,1335.0,717.0,752.0,1123.2857142857142,1099.357142857143,1046.275,64.31,66.78,69.49,69.63,72.5,82.3,108.9,100.2,2165.0
2019-06-12,1080.0,1746.0,1149.0,712.0,61.66,69.35,72.5,108.9,2019,6,2,2,1105.0,1103.0,1059.0,1011.0,1798.0,1650.0,1166.0,1325.0,714.0,748.0,1124.5714285714287,1103.357142857143,1052.675,63.56,63.16,69.42,69.15,72.5,72.5,108.9,108.9,2014.0
2019-06-13,1062.0,1718.0,1137.0,710.0,63.28,69.53,72.5,108.9,2019,6,2,3,1080.0,1122.0,1068.0,1031.0,1746.0,1739.0,1149.0,1304.0,712.0,739.0,1121.2857142857142,1104.857142857143,1054.975,61.66,63.56,69.35,69.28,72.5,72.5,108.9,108.9,1947.0
2019-06-14,1085.0,1800.0,1131.0,716.0,63.13,69.81,72.5,108.9,2019,6,2,4,1062.0,1141.0,1066.0,1032.0,1718.0,1806.0,1137.0,1285.0,710.0,731.0,1112.7142857142858,1104.4285714285713,1056.0083333333334,63.28,62.14,69.53,69.41,72.5,72.5,108.9,108.9,1937.0
2019-06-17,1093.0,1826.0,1125.0,720.0,62.56,69.83,72.5,108.9,2019,6,2,0,1085.0,1138.0,1082.0,985.0,1800.0,1826.0,1131.0,1246.0,716.0,726.0,1104.7142857142858,1105.7857142857142,1057.775,63.13,62.77,69.81,69.21,72.5,72.5,108.9,108.9,1922.0
2019-06-18,1135.0,1956.0,1117.0,728.0,63.35,69.6,72.5,108.9,2019,6,2,1,1093.0,1138.0,1107.0,948.25,1826.0,1862.0,1125.0,1213.0,720.0,719.0,1098.2857142857142,1106.5714285714287,1061.375,62.56,64.1,69.83,69.32,72.5,72.5,108.9,108.9,1899.0
2019-06-19,1179.0,2051.0,1110.0,736.0,62.85,69.64,72.5,108.9,2019,6,2,2,1135.0,1125.0,1097.0,936.0,1956.0,1848.0,1117.0,1187.0,728.0,717.0,1097.857142857143,1108.5714285714287,1067.6,63.35,64.31,69.6,69.49,72.5,72.5,108.9,108.9,1868.0
2019-06-20,1194.0,2080.0,1101.0,743.0,65.44,69.44,72.5,108.9,2019,6,2,3,1179.0,1105.0,1096.0,940.0,2051.0,1798.0,1110.0,1166.0,736.0,714.0,1105.5714285714287,1114.4285714285713,1075.7,62.85,63.56,69.64,69.42,72.5,72.5,108.9,108.9,1812.0
2019-06-21,1239.0,2278.0,1096.0,751.0,65.99,69.59,72.5,108.9,2019,6,2,4,1194.0,1080.0,1103.0,974.0,2080.0,1746.0,1101.0,1149.0,743.0,712.0,1118.2857142857142,1121.4285714285713,1084.1666666666667,65.44,61.66,69.44,69.35,72.5,72.5,108.9,108.9,1788.0
2019-06-24,1258.0,2363.0,1111.0,756.0,65.16,69.32,72.5,108.9,2019,6,2,0,1239.0,1062.0,1122.0,1013.0,2278.0,1718.0,1096.0,1137.0,751.0,710.0,1141.0,1131.142857142857,1093.0,65.99,63.28,69.59,69.53,72.5,72.5,108.9,108.9,1774.0
2019-06-25,1280.0,2389.0,1150.0,765.0,66.24,69.26,72.5,108.9,2019,6,2,1,1258.0,1085.0,1141.0,1026.0,2363.0,1800.0,1111.0,1131.0,756.0,716.0,1169.0,1140.857142857143,1101.1666666666667,65.16,63.13,69.32,69.81,72.5,72.5,108.9,108.9,1734.0
2019-06-26,1317.0,2440.0,1191.0,774.0,66.85,69.18,72.5,108.9,2019,6,2,2,1280.0,1093.0,1138.0,1043.0,2389.0,1826.0,1150.0,1125.0,765.0,720.0,1196.857142857143,1150.7857142857142,1109.6333333333334,66.24,62.56,69.26,69.83,72.5,72.5,108.9,108.9,1712.0
2019-06-27,1340.0,2465.0,1243.0,783.0,66.78,69.01,72.5,108.9,2019,6,2,3,1317.0,1135.0,1138.0,1032.0,2440.0,1956.0,1191.0,1117.0,774.0,728.0,1228.857142857143,1163.5714285714287,1118.7666666666667,66.85,63.35,69.18,69.6,72.5,72.5,108.9,108.9,1720.0
2019-06-28,1354.0,2488.0,1286.0,787.0,67.52,68.92,72.5,108.9,2019,6,2,4,1340.0,1179.0,1125.0,1032.0,2465.0,2051.0,1243.0,1110.0,783.0,736.0,1258.142857142857,1178.0,1129.0333333333333,66.78,62.85,69.01,69.64,72.5,72.5,108.9,108.9,1748.0
2019-07-01,1381.0,2557.0,1317.0,792.0,65.1,68.87,72.1,120.2,2019,7,3,0,1354.0,1194.0,1105.0,1040.0,2488.0,2080.0,1286.0,1101.0,787.0,743.0,1283.142857142857,1194.357142857143,1139.7666666666667,67.52,65.44,68.92,69.44,72.5,72.5,108.9,108.9,1774.0
2019-07-02,1446.0,2717.0,1370.0,796.0,62.72,68.87,72.1,120.2,2019,7,3,1,1381.0,1239.0,1080.0,1041.0,2557.0,2278.0,1317.0,1096.0,792.0,751.0,1309.857142857143,1214.0714285714287,1151.1333333333334,65.1,65.99,68.87,69.59,72.1,72.5,120.2,108.9,1864.0
2019-07-03,1549.0,2939.0,1433.0,803.0,63.53,68.79,72.1,120.2,2019,7,3,2,1446.0,1258.0,1062.0,1049.0,2717.0,2363.0,1370.0,1111.0,796.0,756.0,1339.4285714285713,1240.2142857142858,1164.6333333333334,62.72,65.16,68.87,69.32,72.1,72.5,120.2,108.9,1950.0
2019-07-04,1700.0,3298.0,1569.0,814.0,63.62,68.635,72.1,120.2,2019,7,3,3,1549.0,1280.0,1085.0,1059.0,2939.0,2389.0,1433.0,1150.0,803.0,765.0,1381.0,1275.0,1181.3,63.53,66.24,68.79,69.26,72.1,72.5,120.2,108.9,2047.0
2019-07-05,1740.0,3346.0,1665.0,820.0,64.23,68.48,72.1,120.2,2019,7,3,4,1700.0,1317.0,1093.0,1068.0,3298.0,2440.0,1569.0,1191.0,814.0,774.0,1441.0,1318.9285714285713,1202.6666666666667,63.62,66.85,68.635,69.18,72.1,72.5,120.2,108.9,2088.0
2019-07-08,1725.0,3260.0,1695.0,829.0,64.89,68.55,72.1,120.2,2019,7,3,0,1740.0,1340.0,1135.0,1066.0,3346.0,2465.0,1665.0,1243.0,820.0,783.0,1501.4285714285713,1365.142857142857,1225.0666666666666,64.23,66.78,68.48,69.01,72.1,72.5,120.2,108.9,2067.0
2019-07-09,1759.0,3343.0,1739.0,835.0,64.3,68.54,72.1,120.2,2019,7,3,1,1725.0,1354.0,1179.0,1082.0,3260.0,2488.0,1695.0,1286.0,829.0,787.0,1556.4285714285713,1407.2857142857142,1247.0333333333333,64.89,67.52,68.55,68.92,72.1,72.5,120.2,108.9,2059.0
2019-07-10,1777.0,3361.0,1791.0,845.0,66.41,68.4,72.1,120.2,2019,7,3,2,1759.0,1381.0,1194.0,1107.0,3343.0,2557.0,1739.0,1317.0,835.0,792.0,1614.2857142857142,1448.7142857142858,1269.6,64.3,65.1,68.54,68.87,72.1,72.1,120.2,120.2,2061.0
2019-07-11,1816.0,3416.0,1881.0,860.0,67.64,68.4,72.1,120.2,2019,7,3,3,1777.0,1446.0,1239.0,1097.0,3361.0,2717.0,1791.0,1370.0,845.0,796.0,1670.857142857143,1490.357142857143,1291.9333333333334,66.41,62.72,68.4,68.87,72.1,72.1,120.2,120.2,2118.0
2019-07-12,1865.0,3541.0,1945.0,879.0,66.65,68.57,72.1,120.2,2019,7,3,4,1816.0,1549.0,1258.0,1096.0,3416.0,2939.0,1881.0,1433.0,860.0,803.0,1723.7142857142858,1531.5714285714287,1315.9,67.64,63.53,68.4,68.79,72.1,72.1,120.2,120.2,2168.0
2019-07-15,1928.0,3724.0,1992.0,888.0,66.86,68.52,72.1,120.2,2019,7,3,0,1865.0,1700.0,1280.0,1103.0,3541.0,3298.0,1945.0,1569.0,879.0,814.0,1768.857142857143,1574.9285714285713,1341.5333333333333,66.65,63.62,68.57,68.635,72.1,72.1,120.2,120.2,2201.75
2019-07-16,2011.0,3968.0,2052.0,905.0,65.87,68.66,72.1,120.2,2019,7,3,1,1928.0,1740.0,1317.0,1122.0,3724.0,3346.0,1992.0,1665.0,888.0,820.0,1801.4285714285713,1621.2142857142858,1369.0333333333333,66.86,64.23,68.52,68.48,72.1,72.1,120.2,120.2,2213.0
2019-07-17,2064.0,4095.0,2085.0,928.0,63.67,68.84,72.1,120.2,2019,7,3,2,2011.0,1725.0,1340.0,1141.0,3968.0,3260.0,2052.0,1695.0,905.0,829.0,1840.142857142857,1670.7857142857142,1398.6666666666667,65.87,64.89,68.66,68.55,72.1,72.1,120.2,120.2,2267.0
2019-07-18,2130.0,4256.0,2134.0,953.0,60.7,68.85,72.1,120.2,2019,7,3,3,2064.0,1759.0,1354.0,1138.0,4095.0,3343.0,2085.0,1739.0,928.0,835.0,1888.5714285714287,1722.5,1429.4333333333334,63.67,64.3,68.84,68.54,72.1,72.1,120.2,120.2,2277.0
2019-07-19,2170.0,4379.0,2170.0,982.0,61.04,68.82,72.1,120.2,2019,7,3,4,2130.0,1777.0,1381.0,1138.0,4256.0,3361.0,2134.0,1791.0,953.0,845.0,1941.5714285714287,1777.9285714285713,1462.5,60.7,66.41,68.85,68.4,72.1,72.1,120.2,120.2,2378.0
2019-07-22,2191.0,4438.0,2201.0,1002.0,61.96,68.89,72.1,120.2,2019,7,3,0,2170.0,1816.0,1446.0,1125.0,4379.0,3416.0,2170.0,1881.0,982.0,860.0,1997.7142857142858,1834.2857142857142,1496.9,61.04,67.64,68.82,68.4,72.1,72.1,120.2,120.2,2442.0
2019-07-23,2165.0,4315.0,2219.0,1017.0,62.28,68.99,72.1,120.2,2019,7,3,1,2191.0,1865.0,1549.0,1105.0,4438.0,3541.0,2201.0,1945.0,1002.0,879.0,2051.285714285714,1887.5,1532.4333333333334,61.96,66.65,68.89,68.57,72.1,72.1,120.2,120.2,2501.0
2019-07-24,2014.0,3808.0,2209.0,1019.0,63.83,68.94,72.1,120.2,2019,7,3,2,2165.0,1928.0,1700.0,1080.0,4315.0,3724.0,2219.0,1992.0,1017.0,888.0,2094.1428571428573,1931.5,1567.7666666666667,62.28,66.86,68.99,68.52,72.1,72.1,120.2,120.2,2518.0
2019-07-25,1947.0,3609.0,2180.0,1012.0,63.47,69.03,72.1,120.2,2019,7,3,3,2014.0,2011.0,1740.0,1062.0,3808.0,3968.0,2209.0,2052.0,1019.0,905.0,2106.4285714285716,1953.9285714285713,1598.9,63.83,65.87,68.94,68.66,72.1,72.1,120.2,120.2,2499.0
2019-07-26,1937.0,3647.0,2109.0,1005.0,62.46,68.89,72.1,120.2,2019,7,3,4,1947.0,2064.0,1725.0,1085.0,3609.0,4095.0,2180.0,2085.0,1012.0,928.0,2097.285714285714,1968.7142857142858,1628.4,63.47,63.67,69.03,68.84,72.1,72.1,120.2,120.2,2462.0
2019-07-29,1922.0,3660.0,2050.0,996.0,62.29,68.73,72.1,120.2,2019,7,3,0,1937.0,2130.0,1759.0,1093.0,3647.0,4256.0,2109.0,2134.0,1005.0,953.0,2079.1428571428573,1983.857142857143,1656.8,62.46,60.7,68.89,68.85,72.1,72.1,120.2,120.2,2422.0
2019-07-30,1899.0,3664.0,1969.0,988.0,62.55,68.82,72.1,120.2,2019,7,3,1,1922.0,2170.0,1777.0,1135.0,3660.0,4379.0,2050.0,2170.0,996.0,982.0,2049.4285714285716,1995.5,1684.4333333333334,62.29,61.04,68.73,68.82,72.1,72.1,120.2,120.2,2393.0
2019-07-31,1868.0,3657.0,1891.0,982.0,64.07,68.81,72.1,120.2,2019,7,3,2,1899.0,2191.0,1816.0,1179.0,3664.0,4438.0,1969.0,2201.0,988.0,1002.0,2010.7142857142858,2004.2142857142858,1709.9,62.55,61.96,68.82,68.89,72.1,72.1,120.2,120.2,2366.0
2019-08-01,1812.0,3534.0,1818.0,974.0,62.9,69.0,65.6,93.1,2019,8,3,3,1868.0,2165.0,1865.0,1194.0,3657.0,4315.0,1891.0,2219.0,982.0,1017.0,1964.5714285714287,2007.9285714285713,1732.8666666666666,64.07,62.28,68.81,68.99,72.1,72.1,120.2,120.2,2331.0
2019-08-02,1788.0,3492.0,1779.0,968.0,61.12,69.65,65.6,93.1,2019,8,3,4,1812.0,2014.0,1928.0,1239.0,3534.0,3808.0,1818.0,2209.0,974.0,1019.0,1914.142857142857,2004.142857142857,1753.4666666666667,62.9,63.83,69.0,68.94,65.6,72.1,93.1,120.2,2312.0
2019-08-05,1774.0,3480.0,1753.0,959.0,59.32,70.8,65.6,93.1,2019,8,3,0,1788.0,1947.0,2011.0,1258.0,3492.0,3609.0,1779.0,2180.0,968.0,1012.0,1881.857142857143,1994.142857142857,1771.7666666666667,61.12,63.47,69.65,69.03,65.6,72.1,93.1,120.2,2311.0
2019-08-06,1734.0,3302.0,1759.0,956.0,58.63,70.9,65.6,93.1,2019,8,3,1,1774.0,1937.0,2064.0,1280.0,3480.0,3647.0,1753.0,2109.0,959.0,1005.0,1857.142857142857,1977.2142857142858,1788.9666666666667,59.32,62.46,70.8,68.89,65.6,72.1,93.1,120.2,2283.0
2019-08-07,1712.0,3171.0,1791.0,955.0,55.03,71.18,65.6,93.1,2019,8,3,2,1734.0,1922.0,2130.0,1317.0,3302.0,3660.0,1759.0,2050.0,956.0,996.0,1828.142857142857,1953.642857142857,1804.1,58.63,62.29,70.9,68.73,65.6,72.1,93.1,120.2,2266.0
2019-08-08,1720.0,3181.0,1839.0,959.0,56.29,70.62,65.6,93.1,2019,8,3,3,1712.0,1899.0,2170.0,1340.0,3171.0,3664.0,1791.0,1969.0,955.0,988.0,1798.142857142857,1923.7857142857142,1817.2666666666667,55.03,62.55,71.18,68.82,65.6,72.1,93.1,120.2,2192.0
2019-08-09,1748.0,3222.0,1898.0,970.0,57.37,70.91,65.6,93.1,2019,8,3,4,1720.0,1868.0,2191.0,1354.0,3181.0,3657.0,1839.0,1891.0,959.0,982.0,1772.5714285714287,1891.642857142857,1829.9333333333334,56.29,64.07,70.62,68.81,65.6,72.1,93.1,120.2,2131.0
2019-08-12,1774.0,3266.0,1932.0,975.0,57.13,71.27,65.6,93.1,2019,8,3,0,1748.0,1812.0,2165.0,1381.0,3222.0,3534.0,1898.0,1818.0,970.0,974.0,1755.4285714285713,1860.0,1843.0666666666666,57.37,62.9,70.91,69.0,65.6,65.6,93.1,93.1,2108.0
2019-08-13,1864.0,3454.0,1999.0,992.0,59.9,71.41,65.6,93.1,2019,8,3,1,1774.0,1788.0,2014.0,1446.0,3266.0,3492.0,1932.0,1779.0,975.0,968.0,1750.0,1832.0714285714287,1856.1666666666667,57.13,61.12,71.27,69.65,65.6,65.6,93.1,93.1,2116.0
2019-08-14,1950.0,3588.0,2089.0,1022.0,57.86,71.27,65.6,93.1,2019,8,3,2,1864.0,1774.0,1947.0,1549.0,3454.0,3480.0,1999.0,1753.0,992.0,959.0,1760.857142857143,1821.357142857143,1870.1,59.9,59.32,71.41,70.8,65.6,65.6,93.1,93.1,2053.0
2019-08-15,2047.0,3767.0,2150.0,1070.0,57.37,71.79,65.6,93.1,2019,8,3,3,1950.0,1734.0,1937.0,1700.0,3588.0,3302.0,2089.0,1759.0,1022.0,956.0,1786.0,1821.5714285714287,1883.4666666666667,57.86,58.63,71.27,70.9,65.6,65.6,93.1,93.1,1963.0
2019-08-16,2088.0,3826.0,2169.0,1118.0,59.0,71.15,65.6,93.1,2019,8,3,4,2047.0,1712.0,1922.0,1740.0,3767.0,3171.0,2150.0,1791.0,1070.0,955.0,1830.7142857142858,1829.4285714285713,1895.0333333333333,57.37,55.03,71.79,71.18,65.6,65.6,93.1,93.1,1857.0
2019-08-19,2067.0,3728.0,2174.0,1141.0,59.79,71.44,65.6,93.1,2019,8,3,0,2088.0,1720.0,1899.0,1725.0,3826.0,3181.0,2169.0,1839.0,1118.0,959.0,1884.4285714285713,1841.2857142857142,1906.6333333333334,59.0,56.29,71.15,70.62,65.6,65.6,93.1,93.1,1823.0
2019-08-20,2059.0,3665.0,2161.0,1161.0,59.03,71.54,65.6,93.1,2019,8,3,1,2067.0,1748.0,1868.0,1759.0,3728.0,3222.0,2174.0,1898.0,1141.0,970.0,1934.0,1853.2857142857142,1918.0333333333333,59.79,57.37,71.44,70.91,65.6,65.6,93.1,93.1,1809.0
2019-08-21,2061.0,3671.0,2163.0,1188.0,60.6,71.43,65.6,93.1,2019,8,3,2,2059.0,1774.0,1812.0,1777.0,3665.0,3266.0,2161.0,1932.0,1161.0,975.0,1978.4285714285713,1866.9285714285713,1928.0333333333333,59.03,57.13,71.54,71.27,65.6,65.6,93.1,93.1,1803.0
2019-08-22,2118.0,3829.0,2181.0,1220.0,59.81,71.9,65.6,93.1,2019,8,3,3,2061.0,1864.0,1788.0,1816.0,3671.0,3454.0,2163.0,1999.0,1188.0,992.0,2019.4285714285713,1884.7142857142858,1937.5,60.6,59.9,71.43,71.41,65.6,65.6,93.1,93.1,1757.0
2019-08-23,2168.0,3991.0,2196.0,1249.0,58.64,71.49,65.6,93.1,2019,8,3,4,2118.0,1950.0,1774.0,1865.0,3829.0,3588.0,2181.0,2089.0,1220.0,1022.0,2055.714285714286,1908.2857142857142,1947.5666666666666,59.81,57.86,71.9,71.27,65.6,65.6,93.1,93.1,1767.0
2019-08-26,2201.75,4059.25,2212.5,1276.75,58.64,72.02,65.6,93.1,2019,8,3,0,2168.0,2047.0,1734.0,1928.0,3991.0,3767.0,2196.0,2150.0,1249.0,1070.0,2086.8571428571427,1936.4285714285713,1957.6666666666667,58.64,57.37,71.49,71.79,65.6,65.6,93.1,93.1,1770.0
2019-08-27,2213.0,4082.0,2218.0,1286.0,58.44,71.52,65.6,93.1,2019,8,3,1,2201.75,2088.0,1712.0,2011.0,4059.25,3826.0,2212.5,2169.0,1276.75,1118.0,2108.964285714286,1969.8392857142858,1966.7916666666667,58.64,59.0,72.02,71.15,65.6,65.6,93.1,93.1,1801.0
2019-08-28,2267.0,4213.0,2235.0,1310.0,60.42,71.75,65.6,93.1,2019,8,3,2,2213.0,2067.0,1720.0,2064.0,4082.0,3728.0,2218.0,2174.0,1286.0,1141.0,2126.8214285714284,2005.625,1973.525,58.44,59.79,71.52,71.44,65.6,65.6,93.1,93.1,1873.0
2019-08-29,2277.0,4206.0,2249.0,1328.0,60.59,71.67,65.6,93.1,2019,8,3,3,2267.0,2059.0,1748.0,2130.0,4213.0,3665.0,2235.0,2161.0,1310.0,1161.0,2155.3928571428573,2044.6964285714287,1980.2916666666667,60.42,59.03,71.75,71.54,65.6,65.6,93.1,93.1,1929.0
2019-08-30,2378.0,4467.0,2260.0,1336.0,61.04,71.45,65.6,93.1,2019,8,3,4,2277.0,2061.0,1774.0,2170.0,4206.0,3671.0,2249.0,2163.0,1328.0,1188.0,2186.535714285714,2082.4821428571427,1985.1916666666666,60.59,60.6,71.67,71.43,65.6,65.6,93.1,93.1,1924.0
2019-09-02,2442.0,4659.0,2262.0,1346.0,58.55,72.0125,66.0,93.1,2019,9,3,0,2378.0,2118.0,1864.0,2191.0,4467.0,3829.0,2260.0,2181.0,1336.0,1220.0,2231.8214285714284,2125.625,1992.125,61.04,59.81,71.45,71.9,65.6,65.6,93.1,93.1,1916.0
2019-09-03,2501.0,4862.0,2261.0,1350.0,57.93,72.2,66.0,93.1,2019,9,3,1,2442.0,2168.0,1950.0,2165.0,4659.0,3991.0,2262.0,2196.0,1346.0,1249.0,2278.1071428571427,2166.910714285714,2000.4916666666666,58.55,58.64,72.0125,71.49,66.0,65.6,93.1,93.1,1898.0
2019-09-04,2518.0,5043.0,2250.0,1351.0,60.68,72.11,66.0,93.1,2019,9,3,2,2501.0,2201.75,2047.0,2014.0,4862.0,4059.25,2261.0,2212.5,1350.0,1276.75,2325.6785714285716,2206.2678571428573,2011.6916666666666,57.93,58.64,72.2,72.02,66.0,65.6,93.1,93.1,1897.0
2019-09-05,2499.0,5036.0,2234.0,1348.0,62.7,71.84,66.0,93.1,2019,9,3,3,2518.0,2213.0,2088.0,1947.0,5043.0,4082.0,2250.0,2218.0,1351.0,1286.0,2370.8571428571427,2239.910714285714,2028.4916666666666,60.68,58.44,72.11,71.52,66.0,65.6,93.1,93.1,1861.0
2019-09-06,2462.0,4949.0,2216.0,1338.0,61.28,71.68,66.0,93.1,2019,9,3,4,2499.0,2267.0,2067.0,1937.0,5036.0,4213.0,2234.0,2235.0,1348.0,1310.0,2411.714285714286,2269.2678571428573,2046.8916666666667,62.7,60.42,71.84,71.75,66.0,65.6,93.1,93.1,1855.0
2019-09-09,2422.0,4844.0,2191.0,1330.0,63.99,71.66,66.0,93.1,2019,9,3,0,2462.0,2277.0,2059.0,1922.0,4949.0,4206.0,2216.0,2249.0,1338.0,1328.0,2439.5714285714284,2297.4821428571427,2064.391666666667,61.28,60.59,71.68,71.67,66.0,65.6,93.1,93.1,1846.0
2019-09-10,2393.0,4794.0,2161.0,1319.0,64.67,71.89,66.0,93.1,2019,9,3,1,2422.0,2378.0,2061.0,1899.0,4844.0,4467.0,2191.0,2260.0,1330.0,1336.0,2460.285714285714,2323.410714285714,2081.0583333333334,63.99,61.04,71.66,71.45,66.0,65.6,93.1,93.1,1806.0
2019-09-11,2366.0,4726.0,2144.0,1311.0,63.02,71.62,66.0,93.1,2019,9,3,2,2393.0,2442.0,2118.0,1868.0,4794.0,4659.0,2161.0,2262.0,1319.0,1346.0,2462.4285714285716,2347.125,2097.525,64.67,58.55,71.89,72.0125,66.0,66.0,93.1,93.1,1779.0
2019-09-12,2331.0,4612.0,2129.0,1305.0,60.76,70.91,66.0,93.1,2019,9,3,3,2366.0,2501.0,2168.0,1812.0,4726.0,4862.0,2144.0,2261.0,1311.0,1350.0,2451.5714285714284,2364.839285714286,2114.125,63.02,57.93,71.62,72.2,66.0,66.0,93.1,93.1,1785.0
2019-09-13,2312.0,4547.0,2133.0,1299.0,61.25,71.0,66.0,93.1,2019,9,3,4,2331.0,2518.0,2201.75,1788.0,4612.0,5043.0,2129.0,2250.0,1305.0,1351.0,2427.285714285714,2376.4821428571427,2131.425,60.76,60.68,70.91,72.11,66.0,66.0,93.1,93.1,1801.0
2019-09-16,2311.0,4538.0,2133.0,1294.0,68.42,71.53,66.0,93.1,2019,9,3,0,2312.0,2499.0,2213.0,1774.0,4547.0,5036.0,2133.0,2234.0,1299.0,1348.0,2397.8571428571427,2384.3571428571427,2148.891666666667,61.25,62.7,71.0,71.84,66.0,66.0,93.1,93.1,1803.0
2019-09-17,2283.0,4456.0,2121.0,1292.0,65.59,71.47,66.0,93.1,2019,9,3,1,2311.0,2462.0,2267.0,1734.0,4538.0,4949.0,2133.0,2216.0,1294.0,1338.0,2371.0,2391.3571428571427,2166.7916666666665,68.42,61.28,71.53,71.68,66.0,66.0,93.1,93.1,1802.0
2019-09-18,2266.0,4394.0,2089.0,1292.0,64.29,71.16,66.0,93.1,2019,9,3,2,2283.0,2422.0,2277.0,1712.0,4456.0,4844.0,2121.0,2191.0,1292.0,1330.0,2345.4285714285716,2392.5,2185.0916666666667,65.59,63.99,71.47,71.66,66.0,66.0,93.1,93.1,1782.0
2019-09-19,2192.0,4136.0,2052.0,1296.0,64.25,71.31,66.0,93.1,2019,9,3,3,2266.0,2393.0,2378.0,1720.0,4394.0,4794.0,2089.0,2161.0,1292.0,1319.0,2323.1428571428573,2391.714285714286,2203.5583333333334,64.29,64.67,71.16,71.89,66.0,66.0,93.1,93.1,1731.0
2019-09-20,2131.0,3952.0,2013.0,1300.0,65.23,71.05,66.0,93.1,2019,9,3,4,2192.0,2366.0,2442.0,1748.0,4136.0,4726.0,2052.0,2144.0,1296.0,1311.0,2294.4285714285716,2378.4285714285716,2219.2916666666665,64.25,63.02,71.31,71.62,66.0,66.0,93.1,93.1,1697.0
2019-09-23,2108.0,3903.0,1978.0,1298.0,64.66,70.79,66.0,93.1,2019,9,3,0,2131.0,2331.0,2501.0,1774.0,3952.0,4612.0,2013.0,2129.0,1300.0,1305.0,2260.8571428571427,2356.214285714286,2232.0583333333334,65.23,60.76,71.05,70.91,66.0,66.0,93.1,93.1,1675.0
2019-09-24,2116.0,3982.0,1939.0,1294.0,64.13,70.94,66.0,93.1,2019,9,3,1,2108.0,2312.0,2518.0,1864.0,3903.0,4547.0,1978.0,2133.0,1298.0,1299.0,2229.0,2328.1428571428573,2243.1916666666666,64.66,61.25,70.79,71.0,66.0,66.0,93.1,93.1,1656.0
2019-09-25,2053.0,3829.0,1900.0,1282.0,62.41,71.0,66.0,93.1,2019,9,3,2,2116.0,2311.0,2499.0,1950.0,3982.0,4538.0,1939.0,2133.0,1294.0,1294.0,2201.0,2299.4285714285716,2251.5916666666667,64.13,68.42,70.94,71.53,66.0,66.0,93.1,93.1,1533.0
2019-09-26,1963.0,3601.0,1846.0,1272.0,62.08,70.93,66.0,93.1,2019,9,3,3,2053.0,2283.0,2462.0,2047.0,3829.0,4456.0,1900.0,2121.0,1282.0,1292.0,2164.1428571428573,2267.5714285714284,2255.025,62.41,65.59,71.0,71.47,66.0,66.0,93.1,93.1,1428.0
2019-09-27,1857.0,3338.0,1804.0,1260.0,62.48,70.49,66.0,93.1,2019,9,3,4,1963.0,2266.0,2422.0,2088.0,3601.0,4394.0,1846.0,2089.0,1272.0,1292.0,2118.4285714285716,2231.9285714285716,2252.225,62.08,64.29,70.93,71.16,66.0,66.0,93.1,93.1,1378.0
2019-09-30,1823.0,3269.0,1766.0,1248.0,60.99,70.64,66.0,93.1,2019,9,3,0,1857.0,2192.0,2393.0,2067.0,3338.0,4136.0,1804.0,2052.0,1260.0,1296.0,2060.0,2191.5714285714284,2244.525,62.48,64.25,70.49,71.31,66.0,66.0,93.1,93.1,1345.0
2019-10-01,1809.0,3232.0,1745.0,1231.0,60.06,71.11,69.2,88.5,2019,10,4,1,1823.0,2131.0,2366.0,2059.0,3269.0,3952.0,1766.0,2013.0,1248.0,1300.0,2007.2857142857142,2150.8571428571427,2236.391666666667,60.99,65.23,70.64,71.05,66.0,66.0,93.1,93.1,1354.0
2019-10-02,1803.0,3231.0,1725.0,1217.0,57.92,71.17,69.2,88.5,2019,10,4,2,1809.0,2108.0,2331.0,2061.0,3232.0,3903.0,1745.0,1978.0,1231.0,1298.0,1961.2857142857142,2111.0714285714284,2228.0583333333334,60.06,64.66,71.11,70.79,69.2,66.0,88.5,93.1,1365.0
2019-10-03,1757.0,3013.0,1722.0,1204.0,58.01,71.03,69.2,88.5,2019,10,4,3,1803.0,2116.0,2312.0,2118.0,3231.0,3982.0,1725.0,1939.0,1217.0,1294.0,1917.7142857142858,2073.3571428571427,2219.4583333333335,57.92,64.13,71.17,70.94,69.2,66.0,88.5,93.1,1364.0
2019-10-04,1767.0,3021.0,1731.0,1199.0,59.13,70.86,69.2,88.5,2019,10,4,4,1757.0,2053.0,2311.0,2168.0,3013.0,3829.0,1722.0,1900.0,1204.0,1282.0,1866.4285714285713,2033.7142857142858,2207.425,58.01,62.41,71.03,71.0,69.2,66.0,88.5,93.1,1357.0
2019-10-07,1770.0,3003.0,1748.0,1196.0,59.46,70.97,69.2,88.5,2019,10,4,0,1767.0,1963.0,2283.0,2201.75,3021.0,3601.0,1731.0,1846.0,1199.0,1272.0,1825.5714285714287,1994.857142857143,2194.0583333333334,59.13,62.08,70.86,70.93,69.2,66.0,88.5,93.1,1338.0
2019-10-08,1801.0,3031.0,1804.0,1199.0,58.14,71.21,69.2,88.5,2019,10,4,1,1770.0,1857.0,2266.0,2213.0,3003.0,3338.0,1748.0,1804.0,1196.0,1260.0,1798.0,1958.2142857142858,2179.6666666666665,59.46,62.48,70.97,70.49,69.2,66.0,88.5,93.1,1304.0
2019-10-09,1873.0,3208.0,1852.0,1204.0,59.7,71.09,69.2,88.5,2019,10,4,2,1801.0,1823.0,2192.0,2267.0,3031.0,3269.0,1804.0,1766.0,1199.0,1248.0,1790.0,1925.0,2165.9333333333334,58.14,60.99,71.21,70.64,69.2,66.0,88.5,93.1,1260.0
2019-10-10,1929.0,3319.0,1899.0,1211.0,59.08,70.98,69.2,88.5,2019,10,4,3,1873.0,1809.0,2131.0,2277.0,3208.0,3232.0,1852.0,1745.0,1204.0,1231.0,1797.142857142857,1902.2142857142858,2152.8,59.7,60.06,71.09,71.11,69.2,69.2,88.5,88.5,1255.0
2019-10-11,1924.0,3290.0,1916.0,1218.0,60.59,70.91,69.2,88.5,2019,10,4,4,1929.0,1803.0,2108.0,2378.0,3319.0,3231.0,1899.0,1725.0,1211.0,1217.0,1814.2857142857142,1887.7857142857142,2141.2,59.08,57.92,70.98,71.17,69.2,69.2,88.5,88.5,1284.0
2019-10-14,1916.0,3254.0,1928.0,1223.0,58.81,71.3375,69.2,88.5,2019,10,4,0,1924.0,1757.0,2116.0,2442.0,3290.0,3013.0,1916.0,1722.0,1218.0,1204.0,1831.5714285714287,1874.642857142857,2126.0666666666666,60.59,58.01,70.91,71.03,69.2,69.2,88.5,88.5,1351.0
2019-10-15,1898.0,3204.0,1918.0,1227.0,59.19,71.48,69.2,88.5,2019,10,4,1,1916.0,1767.0,2053.0,2501.0,3254.0,3021.0,1928.0,1731.0,1223.0,1199.0,1854.2857142857142,1860.357142857143,2108.5333333333333,58.81,59.13,71.3375,70.86,69.2,69.2,88.5,88.5,1426.0
2019-10-16,1897.0,3194.0,1888.0,1226.0,59.3,71.37,69.2,88.5,2019,10,4,2,1898.0,1770.0,1963.0,2518.0,3204.0,3003.0,1918.0,1748.0,1227.0,1196.0,1873.0,1849.2857142857142,2088.4333333333334,59.19,59.46,71.48,70.97,69.2,69.2,88.5,88.5,1440.0
2019-10-17,1861.0,3081.0,1861.0,1224.0,59.35,71.09,69.2,88.5,2019,10,4,3,1897.0,1801.0,1857.0,2499.0,3194.0,3031.0,1888.0,1804.0,1226.0,1199.0,1891.142857142857,1844.5714285714287,2067.733333333333,59.3,58.14,71.37,71.21,69.2,69.2,88.5,88.5,1467.0
2019-10-18,1855.0,3064.0,1840.0,1222.0,59.96,71.07,69.2,88.5,2019,10,4,4,1861.0,1873.0,1823.0,2462.0,3081.0,3208.0,1861.0,1852.0,1224.0,1204.0,1899.7142857142858,1844.857142857143,2046.4666666666667,59.35,59.7,71.09,71.09,69.2,69.2,88.5,88.5,1528.0
2019-10-21,1846.0,3047.0,1819.0,1221.0,58.95,70.9,69.2,88.5,2019,10,4,0,1855.0,1929.0,1809.0,2422.0,3064.0,3319.0,1840.0,1899.0,1222.0,1211.0,1897.142857142857,1847.142857142857,2026.2333333333333,59.96,59.08,71.07,70.98,69.2,69.2,88.5,88.5,1568.0
2019-10-22,1806.0,2944.0,1795.0,1217.0,60.5,70.81,69.2,88.5,2019,10,4,1,1846.0,1924.0,1803.0,2393.0,3047.0,3290.0,1819.0,1916.0,1221.0,1218.0,1885.2857142857142,1849.7857142857142,2007.0333333333333,58.95,60.59,70.9,70.91,69.2,69.2,88.5,88.5,1606.0
2019-10-23,1779.0,2873.0,1770.0,1210.0,60.52,70.81,69.2,88.5,2019,10,4,2,1806.0,1916.0,1757.0,2366.0,2944.0,3254.0,1795.0,1928.0,1217.0,1223.0,1868.4285714285713,1850.0,1987.4666666666667,60.5,58.81,70.81,71.3375,69.2,69.2,88.5,88.5,1599.0
2019-10-24,1785.0,2926.0,1748.0,1200.0,61.71,71.01,69.2,88.5,2019,10,4,3,1779.0,1898.0,1767.0,2331.0,2873.0,3204.0,1770.0,1918.0,1210.0,1227.0,1848.857142857143,1851.5714285714287,1967.9,60.52,59.19,70.81,71.48,69.2,69.2,88.5,88.5,1575.0
2019-10-25,1801.0,3009.0,1695.0,1187.0,62.06,70.78,69.2,88.5,2019,10,4,4,1785.0,1897.0,1770.0,2312.0,2926.0,3194.0,1748.0,1888.0,1200.0,1226.0,1832.7142857142858,1852.857142857143,1949.7,61.71,59.3,71.01,71.37,69.2,69.2,88.5,88.5,1558.0
2019-10-28,1803.0,3052.0,1646.0,1179.0,60.39,70.71,69.2,88.5,2019,10,4,0,1801.0,1861.0,1801.0,2311.0,3009.0,3081.0,1695.0,1861.0,1187.0,1224.0,1819.0,1855.0714285714287,1932.6666666666667,62.06,59.35,70.78,71.09,69.2,69.2,88.5,88.5,1551.0
2019-10-29,1802.0,3078.0,1608.0,1159.0,61.05,70.86,69.2,88.5,2019,10,4,1,1803.0,1855.0,1873.0,2283.0,3052.0,3064.0,1646.0,1840.0,1179.0,1222.0,1810.7142857142858,1855.2142857142858,1915.7333333333333,60.39,59.96,70.71,71.07,69.2,69.2,88.5,88.5,1528.0
2019-10-30,1782.0,3078.0,1574.0,1127.0,60.22,70.96,69.2,88.5,2019,10,4,2,1802.0,1846.0,1929.0,2266.0,3078.0,3047.0,1608.0,1819.0,1159.0,1221.0,1803.142857142857,1850.142857142857,1899.7,61.05,58.95,70.86,70.9,69.2,69.2,88.5,88.5,1460.0
2019-10-31,1731.0,2978.0,1543.0,1091.0,59.3,71.01,69.2,88.5,2019,10,4,3,1782.0,1806.0,1924.0,2192.0,3078.0,2944.0,1574.0,1795.0,1127.0,1217.0,1794.0,1839.642857142857,1883.5666666666666,60.22,60.5,70.96,70.81,69.2,69.2,88.5,88.5,1388.0
2019-11-01,1697.0,2950.0,1513.0,1045.0,60.17,70.76,67.0,85.0,2019,11,4,4,1731.0,1779.0,1916.0,2131.0,2978.0,2873.0,1543.0,1770.0,1091.0,1210.0,1783.2857142857142,1825.857142857143,1868.2,59.3,60.52,71.01,70.81,69.2,69.2,88.5,88.5,1355.0
2019-11-04,1675.0,2946.0,1477.0,1005.0,62.52,70.79,67.0,85.0,2019,11,4,0,1697.0,1785.0,1898.0,2108.0,2950.0,2926.0,1513.0,1748.0,1045.0,1200.0,1771.5714285714287,1810.2142857142858,1853.7333333333333,60.17,61.71,70.76,71.01,67.0,69.2,85.0,88.5,1315.0
2019-11-05,1656.0,2975.0,1436.0,974.0,62.72,70.81,67.0,85.0,2019,11,4,1,1675.0,1801.0,1897.0,2116.0,2946.0,3009.0,1477.0,1695.0,1005.0,1187.0,1755.857142857143,1794.2857142857142,1839.3,62.52,62.06,70.79,70.78,67.0,69.2,85.0,88.5,1281.0
2019-11-06,1533.0,2726.0,1385.0,926.0,62.11,70.96,67.0,85.0,2019,11,4,2,1656.0,1803.0,1861.0,2053.0,2975.0,3052.0,1436.0,1646.0,974.0,1179.0,1735.142857142857,1777.0714285714287,1823.9666666666667,62.72,60.39,70.81,70.71,67.0,69.2,85.0,88.5,1221.0
2019-11-07,1428.0,2517.0,1340.0,865.0,62.6,71.04,67.0,85.0,2019,11,4,3,1533.0,1802.0,1855.0,1963.0,2726.0,3078.0,1385.0,1608.0,926.0,1159.0,1696.5714285714287,1753.642857142857,1806.6333333333334,62.11,61.05,70.96,70.86,67.0,69.2,85.0,88.5,1151.0
2019-11-08,1378.0,2444.0,1290.0,824.0,62.0,71.35,67.0,85.0,2019,11,4,4,1428.0,1782.0,1846.0,1857.0,2517.0,3078.0,1340.0,1574.0,865.0,1127.0,1643.142857142857,1723.142857142857,1788.8,62.6,60.22,71.04,70.96,67.0,69.2,85.0,88.5,1123.0
2019-11-11,1345.0,2393.0,1246.0,796.0,62.58,71.65,67.0,85.0,2019,11,4,0,1378.0,1731.0,1806.0,1823.0,2444.0,2978.0,1290.0,1543.0,824.0,1091.0,1585.4285714285713,1689.7142857142858,1772.8333333333333,62.0,59.3,71.35,71.01,67.0,69.2,85.0,88.5,1103.0
2019-11-12,1354.0,2485.0,1207.0,774.0,62.19,71.75,67.0,85.0,2019,11,4,1,1345.0,1697.0,1779.0,1809.0,2393.0,2950.0,1246.0,1513.0,796.0,1045.0,1530.2857142857142,1656.7857142857142,1756.9,62.58,60.17,71.65,70.76,67.0,67.0,85.0,85.0,1090.0
2019-11-13,1365.0,2565.0,1170.0,758.0,62.27,72.12,67.0,85.0,2019,11,4,2,1354.0,1675.0,1785.0,1803.0,2485.0,2946.0,1207.0,1477.0,774.0,1005.0,1481.2857142857142,1626.4285714285713,1741.7333333333333,62.19,62.52,71.75,70.79,67.0,67.0,85.0,85.0,1064.6666666666667
2019-11-14,1364.0,2623.0,1137.0,745.0,62.46,71.99,67.0,85.0,2019,11,4,3,1365.0,1656.0,1801.0,1757.0,2565.0,2975.0,1170.0,1436.0,758.0,974.0,1437.0,1596.4285714285713,1727.1333333333334,62.27,62.72,72.12,70.81,67.0,67.0,85.0,85.0,1052.0
2019-11-15,1357.0,2635.0,1118.0,735.0,63.32,71.6,67.0,85.0,2019,11,4,4,1364.0,1533.0,1803.0,1767.0,2623.0,2726.0,1137.0,1385.0,745.0,926.0,1395.2857142857142,1565.2142857142858,1714.0333333333333,62.46,62.11,71.99,70.96,67.0,67.0,85.0,85.0,1014.0
2019-11-18,1338.0,2603.0,1112.0,723.0,62.82,71.9,67.0,85.0,2019,11,4,0,1357.0,1428.0,1802.0,1770.0,2635.0,2517.0,1118.0,1340.0,735.0,865.0,1370.142857142857,1533.357142857143,1700.3666666666666,63.32,62.6,71.6,71.04,67.0,67.0,85.0,85.0,1001.3333333333334
2019-11-19,1304.0,2543.0,1116.0,716.0,62.37,71.86,67.0,85.0,2019,11,4,1,1338.0,1378.0,1782.0,1801.0,2603.0,2444.0,1112.0,1290.0,723.0,824.0,1357.2857142857142,1500.2142857142858,1685.9666666666667,62.82,62.0,71.9,71.35,67.0,67.0,85.0,85.0,976.0
2019-11-20,1260.0,2435.0,1127.0,718.0,63.8,71.74,67.0,85.0,2019,11,4,2,1304.0,1345.0,1731.0,1873.0,2543.0,2393.0,1116.0,1246.0,716.0,796.0,1346.7142857142858,1466.0714285714287,1669.4,62.37,62.58,71.86,71.65,67.0,67.0,85.0,85.0,907.0
2019-11-21,1255.0,2401.0,1129.0,731.0,64.99,71.75,67.0,85.0,2019,11,4,3,1260.0,1354.0,1697.0,1929.0,2435.0,2485.0,1127.0,1207.0,718.0,774.0,1334.5714285714287,1432.4285714285713,1648.9666666666667,63.8,62.19,71.74,71.75,67.0,67.0,85.0,85.0,844.0
2019-11-22,1284.0,2493.0,1129.0,747.0,64.83,71.76,67.0,85.0,2019,11,4,4,1255.0,1365.0,1675.0,1924.0,2401.0,2565.0,1129.0,1170.0,731.0,758.0,1320.4285714285713,1400.857142857143,1626.5,64.99,62.27,71.75,72.12,67.0,67.0,85.0,85.0,791.0
2019-11-25,1351.0,2716.0,1119.0,767.0,64.67,71.69,67.0,85.0,2019,11,4,0,1284.0,1364.0,1656.0,1916.0,2493.0,2623.0,1129.0,1137.0,747.0,745.0,1308.857142857143,1372.9285714285713,1605.1666666666667,64.83,62.46,71.76,71.99,67.0,67.0,85.0,85.0,773.0
2019-11-26,1426.0,2953.0,1111.0,783.0,64.82,71.51,67.0,85.0,2019,11,4,1,1351.0,1357.0,1533.0,1898.0,2716.0,2635.0,1119.0,1118.0,767.0,735.0,1307.0,1351.142857142857,1586.3333333333333,64.67,63.32,71.69,71.6,67.0,67.0,85.0,85.0,772.0
2019-11-27,1440.0,2983.0,1121.0,796.0,65.03,71.26,67.0,85.0,2019,11,4,2,1426.0,1338.0,1428.0,1897.0,2953.0,2603.0,1111.0,1112.0,783.0,723.0,1316.857142857143,1343.5,1570.6,64.82,62.82,71.51,71.9,67.0,67.0,85.0,85.0,774.0
2019-11-28,1467.0,2995.0,1167.0,807.0,64.68,71.505,67.0,85.0,2019,11,4,3,1440.0,1304.0,1378.0,1861.0,2983.0,2543.0,1121.0,1116.0,796.0,716.0,1331.4285714285713,1344.357142857143,1555.3666666666666,65.03,62.37,71.26,71.86,67.0,67.0,85.0,85.0,765.0
2019-11-29,1528.0,3131.0,1225.0,816.0,64.5,71.75,67.0,85.0,2019,11,4,4,1467.0,1260.0,1345.0,1855.0,2995.0,2435.0,1167.0,1127.0,807.0,718.0,1354.7142857142858,1350.7142857142858,1542.2333333333333,64.68,63.8,71.505,71.74,67.0,67.0,85.0,85.0,763.0
2019-12-02,1568.0,3231.0,1282.0,819.0,63.2,71.65,66.2,92.7,2019,12,4,0,1528.0,1255.0,1354.0,1846.0,3131.0,2401.0,1225.0,1129.0,816.0,731.0,1393.0,1363.7857142857142,1531.3333333333333,64.5,64.99,71.75,71.75,67.0,67.0,85.0,85.0,768.0
2019-12-03,1606.0,3350.0,1315.0,825.0,62.95,71.7,66.2,92.7,2019,12,4,1,1568.0,1284.0,1365.0,1806.0,3231.0,2493.0,1282.0,1129.0,819.0,747.0,1437.7142857142858,1379.0714285714287,1522.0666666666666,63.2,64.83,71.65,71.76,66.2,67.0,92.7,85.0,768.0
2019-12-04,1599.0,3382.0,1326.0,828.0,65.25,71.47,66.2,92.7,2019,12,4,2,1606.0,1351.0,1364.0,1779.0,3350.0,2716.0,1315.0,1119.0,825.0,767.0,1483.7142857142858,1396.2857142857142,1515.4,62.95,64.67,71.7,71.69,66.2,67.0,92.7,85.0,754.0
2019-12-05,1575.0,3325.0,1336.0,831.0,65.67,71.26,66.2,92.7,2019,12,4,3,1599.0,1426.0,1357.0,1785.0,3382.0,2953.0,1326.0,1111.0,828.0,783.0,1519.142857142857,1413.0714285714287,1509.4,65.25,64.82,71.47,71.51,66.2,67.0,92.7,85.0,729.0
2019-12-06,1558.0,3273.0,1347.0,835.0,66.5,71.26,66.2,92.7,2019,12,4,4,1575.0,1440.0,1338.0,1801.0,3325.0,2983.0,1336.0,1121.0,831.0,796.0,1540.4285714285713,1428.642857142857,1502.4,65.67,65.03,71.26,71.26,66.2,67.0,92.7,85.0,689.0
2019-12-09,1551.0,3242.0,1359.0,837.0,66.44,71.02,66.2,92.7,2019,12,4,0,1558.0,1467.0,1304.0,1803.0,3273.0,2995.0,1347.0,1167.0,835.0,807.0,1557.2857142857142,1444.357142857143,1494.3,66.5,64.68,71.26,71.505,66.2,67.0,92.7,85.0,623.0
2019-12-10,1528.0,3167.0,1395.0,838.0,66.57,70.84,66.2,92.7,2019,12,4,1,1551.0,1528.0,1260.0,1802.0,3242.0,3131.0,1359.0,1225.0,837.0,816.0,1569.2857142857142,1462.0,1485.9,66.44,64.5,71.02,71.75,66.2,67.0,92.7,85.0,576.0
2019-12-11,1460.0,2883.0,1443.0,838.0,65.37,70.73,66.2,92.7,2019,12,4,2,1528.0,1568.0,1255.0,1782.0,3167.0,3231.0,1395.0,1282.0,838.0,819.0,1569.2857142857142,1481.142857142857,1476.7666666666667,66.57,63.2,70.84,71.65,66.2,66.2,92.7,92.7,557.0
2019-12-12,1388.0,2598.0,1459.0,835.0,66.67,70.62,66.2,92.7,2019,12,4,3,1460.0,1606.0,1284.0,1731.0,2883.0,3350.0,1443.0,1315.0,838.0,825.0,1553.857142857143,1495.7857142857142,1466.0333333333333,65.37,62.95,70.73,71.7,66.2,66.2,92.7,92.7,546.0
2019-12-13,1355.0,2455.0,1467.0,823.0,67.44,70.8,66.2,92.7,2019,12,4,4,1388.0,1599.0,1351.0,1697.0,2598.0,3382.0,1459.0,1326.0,835.0,828.0,1522.7142857142858,1503.2142857142858,1454.6,66.67,65.25,70.62,71.47,66.2,66.2,92.7,92.7,539.0
2019-12-16,1315.0,2334.0,1465.0,815.0,68.04,70.89,66.2,92.7,2019,12,4,0,1355.0,1575.0,1426.0,1675.0,2455.0,3325.0,1467.0,1336.0,823.0,831.0,1487.857142857143,1503.5,1443.2,67.44,65.67,70.8,71.26,66.2,66.2,92.7,92.7,525.0
2019-12-17,1281.0,2240.0,1421.0,802.0,68.99,71.04,66.2,92.7,2019,12,4,1,1315.0,1558.0,1440.0,1656.0,2334.0,3273.0,1465.0,1347.0,815.0,835.0,1450.7142857142858,1495.5714285714287,1431.2,68.04,66.5,70.89,71.26,66.2,66.2,92.7,92.7,498.0
2019-12-18,1221.0,2103.0,1340.0,785.0,69.12,70.97,66.2,92.7,2019,12,4,2,1281.0,1551.0,1467.0,1533.0,2240.0,3242.0,1421.0,1359.0,802.0,837.0,1411.142857142857,1484.2142857142858,1418.7,68.99,66.44,71.04,71.02,66.2,66.2,92.7,92.7,487.0
2019-12-19,1151.0,1976.0,1265.0,764.0,69.7,71.11,66.2,92.7,2019,12,4,3,1221.0,1528.0,1528.0,1428.0,2103.0,3167.0,1340.0,1395.0,785.0,838.0,1364.0,1466.642857142857,1408.3,69.12,66.57,70.97,70.84,66.2,66.2,92.7,92.7,466.0
2019-12-20,1123.0,1958.0,1201.0,743.0,68.66,71.07,66.2,92.7,2019,12,4,4,1151.0,1460.0,1568.0,1378.0,1976.0,2883.0,1265.0,1443.0,764.0,838.0,1310.142857142857,1439.7142857142858,1399.0666666666666,69.7,65.37,71.11,70.73,66.2,66.2,92.7,92.7,453.0
2019-12-23,1103.0,1954.0,1154.0,728.0,67.49,71.24,66.2,92.7,2019,12,4,0,1123.0,1388.0,1606.0,1345.0,1958.0,2598.0,1201.0,1459.0,743.0,835.0,1262.0,1407.9285714285713,1390.5666666666666,68.66,66.67,71.07,70.62,66.2,66.2,92.7,92.7,430.0
2019-12-24,1090.0,1950.0,1117.0,718.0,69.26,71.23,66.2,92.7,2019,12,4,1,1103.0,1355.0,1599.0,1354.0,1954.0,2455.0,1154.0,1467.0,728.0,823.0,1221.2857142857142,1372.0,1382.5,67.49,67.44,71.24,70.8,66.2,66.2,92.7,92.7,431.0
2019-12-26,1064.6666666666667,1882.4444444444443,1091.6666666666667,710.6666666666666,69.26,71.28,66.2,92.7,2019,12,4,3,1090.0,1315.0,1575.0,1365.0,1950.0,2334.0,1117.0,1465.0,718.0,815.0,1183.4285714285713,1335.642857142857,1373.7,69.26,68.04,71.23,70.89,66.2,66.2,92.7,92.7,415.0
2019-12-27,1052.0,1848.6666666666667,1079.0,707.0,68.91,71.45,66.2,92.7,2019,12,4,4,1064.6666666666667,1281.0,1558.0,1364.0,1882.4444444444443,2240.0,1091.6666666666667,1421.0,710.6666666666666,802.0,1147.6666666666667,1299.1904761904764,1363.6888888888889,69.26,68.99,71.28,71.04,66.2,66.2,92.7,92.7,411.0
2019-12-30,1014.0,1747.3333333333333,1041.0,696.0,68.3,71.3,66.2,92.7,2019,12,4,0,1052.0,1221.0,1551.0,1357.0,1848.6666666666667,2103.0,1079.0,1340.0,707.0,785.0,1114.952380952381,1263.047619047619,1353.2888888888888,68.91,69.12,71.45,70.97,66.2,66.2,92.7,92.7,418.0
2019-12-31,1001.3333333333334,1713.5555555555557,1028.3333333333333,692.3333333333334,67.77,71.36,66.2,92.7,2019,12,4,1,1014.0,1151.0,1528.0,1338.0,1747.3333333333333,1976.0,1041.0,1265.0,696.0,764.0,1085.3809523809525,1224.6904761904764,1341.8555555555554,68.3,69.7,71.3,71.11,66.2,66.2,92.7,92.7,421.0
2020-01-02,976.0,1646.0,1003.0,685.0,67.05,71.34,69.7,95.8,2020,1,1,3,1001.3333333333334,1123.0,1460.0,1304.0,1713.5555555555557,1958.0,1028.3333333333333,1201.0,692.3333333333334,743.0,1064.0,1187.0714285714287,1330.6333333333334,67.77,68.66,71.36,71.07,66.2,66.2,92.7,92.7,421.0
2020-01-03,907.0,1507.0,949.0,662.0,69.08,71.76,69.7,95.8,2020,1,1,4,976.0,1103.0,1388.0,1260.0,1646.0,1954.0,1003.0,1154.0,685.0,728.0,1043.0,1152.5,1319.7,67.05,67.49,71.34,71.24,69.7,66.2,95.8,92.7,425.0
2020-01-06,844.0,1388.0,890.0,642.0,70.25,71.86,69.7,95.8,2020,1,1,0,907.0,1090.0,1355.0,1255.0,1507.0,1950.0,949.0,1117.0,662.0,718.0,1015.0,1118.142857142857,1307.9333333333334,69.08,69.26,71.76,71.23,69.7,66.2,95.8,92.7,434.0
2020-01-07,791.0,1271.0,845.0,611.0,68.74,71.84,69.7,95.8,2020,1,1,1,844.0,1064.6666666666667,1315.0,1284.0,1388.0,1882.4444444444443,890.0,1091.6666666666667,642.0,710.6666666666666,979.8571428571429,1081.642857142857,1294.2333333333333,70.25,69.26,71.86,71.28,69.7,66.2,95.8,92.7,450.0
2020-01-08,773.0,1197.0,803.0,593.0,67.31,71.51,69.7,95.8,2020,1,1,2,791.0,1052.0,1281.0,1351.0,1271.0,1848.6666666666667,845.0,1079.0,611.0,707.0,940.7619047619047,1044.2142857142858,1277.8,68.74,68.91,71.84,71.45,69.7,66.2,95.8,92.7,465.0
2020-01-09,772.0,1155.0,785.0,581.0,66.58,71.16,69.7,95.8,2020,1,1,3,773.0,1014.0,1221.0,1426.0,1197.0,1747.3333333333333,803.0,1041.0,593.0,696.0,900.9047619047618,1007.9285714285714,1258.5333333333333,67.31,68.3,71.51,71.3,69.7,66.2,95.8,92.7,480.0
2020-01-10,774.0,1066.0,771.0,570.0,66.77,70.94,69.7,95.8,2020,1,1,4,772.0,1001.3333333333334,1151.0,1440.0,1155.0,1713.5555555555557,785.0,1028.3333333333333,581.0,692.3333333333334,866.3333333333333,975.8571428571429,1236.7333333333333,66.58,67.77,71.16,71.36,69.7,66.2,95.8,92.7,497.0
2020-01-13,765.0,1004.0,759.0,566.0,64.14,70.74,69.7,95.8,2020,1,1,0,774.0,976.0,1123.0,1467.0,1066.0,1646.0,771.0,1003.0,570.0,685.0,833.8571428571429,948.9285714285714,1214.5333333333333,66.77,67.05,70.94,71.34,69.7,69.7,95.8,95.8,506.0
2020-01-14,763.0,970.0,767.0,563.0,64.45,70.85,69.7,95.8,2020,1,1,1,765.0,907.0,1103.0,1528.0,1004.0,1507.0,759.0,949.0,566.0,662.0,803.7142857142857,923.3571428571429,1191.1333333333334,64.14,69.08,70.74,71.76,69.7,69.7,95.8,95.8,508.0
2020-01-15,768.0,878.0,825.0,559.0,63.29,70.69,69.7,95.8,2020,1,1,2,763.0,844.0,1090.0,1568.0,970.0,1388.0,767.0,890.0,563.0,642.0,783.1428571428571,899.0714285714286,1165.6333333333334,64.45,70.25,70.85,71.86,69.7,69.7,95.8,95.8,517.0
2020-01-16,768.0,784.0,859.0,559.0,64.63,70.95,69.7,95.8,2020,1,1,3,768.0,791.0,1064.6666666666667,1606.0,878.0,1271.0,825.0,845.0,559.0,611.0,772.2857142857143,876.0714285714286,1138.9666666666667,63.29,68.74,70.69,71.84,69.7,69.7,95.8,95.8,529.0
2020-01-17,754.0,712.0,870.0,560.0,64.05,71.08,69.7,95.8,2020,1,1,4,768.0,773.0,1052.0,1599.0,784.0,1197.0,859.0,803.0,559.0,593.0,769.0,854.8809523809524,1111.0333333333333,64.63,67.31,70.95,71.51,69.7,69.7,95.8,95.8,535.0
2020-01-20,729.0,593.0,866.0,560.0,64.63,71.14750000000001,69.7,95.8,2020,1,1,0,754.0,772.0,1014.0,1575.0,712.0,1155.0,870.0,785.0,560.0,581.0,766.2857142857143,833.5952380952382,1082.8666666666666,64.05,66.58,71.08,71.16,69.7,69.7,95.8,95.8,539.0
2020-01-21,689.0,495.0,824.0,556.0,63.66,71.17,69.7,95.8,2020,1,1,1,729.0,774.0,1001.3333333333334,1558.0,593.0,1066.0,866.0,771.0,560.0,570.0,760.1428571428571,813.2380952380953,1054.6666666666667,64.63,66.77,71.14750000000001,70.94,69.7,69.7,95.8,95.8,549.0
2020-01-22,623.0,325.0,760.0,550.0,62.11,71.07,69.7,95.8,2020,1,1,2,689.0,765.0,976.0,1551.0,495.0,1004.0,824.0,759.0,556.0,566.0,748.0,790.9285714285714,1025.7,63.66,64.14,71.17,70.74,69.7,69.7,95.8,95.8,562.0
2020-01-23,576.0,207.0,714.0,546.0,61.26,71.45,69.7,95.8,2020,1,1,3,623.0,763.0,907.0,1528.0,325.0,970.0,760.0,767.0,550.0,563.0,727.7142857142857,765.7142857142857,994.7666666666667,62.11,64.45,71.07,70.85,69.7,69.7,95.8,95.8,599.0
2020-01-24,557.0,165.0,691.0,543.0,59.34,71.31,69.7,95.8,2020,1,1,4,576.0,768.0,844.0,1460.0,207.0,878.0,714.0,825.0,546.0,559.0,701.0,742.0714285714286,963.0333333333333,61.26,63.29,71.45,70.69,69.7,69.7,95.8,95.8,617.0
2020-01-27,546.0,135.0,673.0,542.0,58.54,71.45,69.7,95.8,2020,1,1,0,557.0,768.0,791.0,1388.0,165.0,784.0,691.0,859.0,543.0,559.0,670.8571428571429,721.5714285714286,932.9333333333333,59.34,64.63,71.31,70.95,69.7,69.7,95.8,95.8,616.0
2020-01-28,539.0,129.0,651.0,538.0,59.37,71.24,69.7,95.8,2020,1,1,1,546.0,754.0,773.0,1355.0,135.0,712.0,673.0,870.0,542.0,560.0,639.1428571428571,704.0714285714286,904.8666666666667,58.54,64.05,71.45,71.08,69.7,69.7,95.8,95.8,627.0
2020-01-29,525.0,93.0,627.0,533.0,59.46,71.35,69.7,95.8,2020,1,1,2,539.0,729.0,772.0,1315.0,129.0,593.0,651.0,866.0,538.0,560.0,608.4285714285714,687.3571428571429,877.6666666666666,59.37,64.63,71.24,71.14750000000001,69.7,69.7,95.8,95.8,631.0
2020-01-30,498.0,1.0,595.0,528.0,57.72,71.57,69.7,95.8,2020,1,1,3,525.0,689.0,774.0,1281.0,93.0,495.0,627.0,824.0,533.0,556.0,579.2857142857143,669.7142857142857,851.3333333333334,59.46,63.66,71.35,71.17,69.7,69.7,95.8,95.8,633.0
2020-01-31,487.0,-20.0,574.0,524.0,57.77,71.53,69.7,95.8,2020,1,1,4,498.0,623.0,765.0,1221.0,1.0,325.0,595.0,760.0,528.0,550.0,552.0,650.0,825.2333333333333,57.72,62.11,71.57,71.07,69.7,69.7,95.8,95.8,631.0
2020-02-03,466.0,-102.0,546.0,521.0,54.0,71.32,67.6,87.7,2020,2,1,0,487.0,576.0,763.0,1151.0,-20.0,207.0,574.0,714.0,524.0,546.0,532.5714285714286,630.1428571428571,800.7666666666667,57.77,61.26,71.53,71.45,69.7,69.7,95.8,95.8,623.0
2020-02-04,453.0,-133.0,526.0,518.0,53.9,71.11,67.6,87.7,2020,2,1,1,466.0,557.0,768.0,1123.0,-102.0,165.0,546.0,691.0,521.0,543.0,516.8571428571429,608.9285714285714,777.9333333333333,54.0,59.34,71.32,71.31,67.6,69.7,87.7,95.8,612.0
2020-02-05,430.0,-183.0,520.0,512.0,55.36,71.19,67.6,87.7,2020,2,1,2,453.0,546.0,768.0,1103.0,-133.0,135.0,526.0,673.0,518.0,542.0,502.0,586.4285714285714,755.6,53.9,58.54,71.11,71.45,67.6,69.7,87.7,95.8,629.0
2020-02-06,431.0,-187.0,530.0,506.0,55.18,71.19,67.6,87.7,2020,2,1,3,430.0,539.0,754.0,1090.0,-183.0,129.0,520.0,651.0,512.0,538.0,485.42857142857144,562.2857142857143,733.1666666666666,55.36,59.37,71.19,71.24,67.6,69.7,87.7,95.8,630.0
2020-02-07,415.0,-234.0,541.0,491.0,54.53,71.47,67.6,87.7,2020,2,1,4,431.0,525.0,729.0,1064.6666666666667,-187.0,93.0,530.0,627.0,506.0,533.0,470.0,539.2142857142857,711.2,55.18,59.46,71.19,71.35,67.6,69.7,87.7,95.8,625.0
2020-02-10,411.0,-254.0,546.0,484.0,53.39,71.28,67.6,87.7,2020,2,1,0,415.0,498.0,689.0,1052.0,-234.0,1.0,541.0,595.0,491.0,528.0,454.2857142857143,516.7857142857143,689.5444444444444,54.53,57.72,71.47,71.57,67.6,69.7,87.7,95.8,617.0
2020-02-11,418.0,-253.0,557.0,477.0,54.0,71.25,67.6,87.7,2020,2,1,1,411.0,487.0,623.0,1014.0,-254.0,-20.0,546.0,574.0,484.0,524.0,441.85714285714283,496.92857142857144,668.1777777777777,53.39,57.77,71.28,71.53,67.6,69.7,87.7,95.8,603.0
2020-02-12,421.0,-259.0,582.0,472.0,55.54,71.29,67.6,87.7,2020,2,1,2,418.0,466.0,576.0,1001.3333333333334,-253.0,-102.0,557.0,546.0,477.0,521.0,432.0,482.2857142857143,648.311111111111,54.0,54.0,71.25,71.32,67.6,67.6,87.7,87.7,582.0
2020-02-13,421.0,-284.0,612.0,468.0,56.34,71.27,67.6,87.7,2020,2,1,3,421.0,453.0,557.0,976.0,-259.0,-133.0,582.0,526.0,472.0,518.0,425.57142857142856,471.2142857142857,628.9666666666667,55.54,53.9,71.29,71.11,67.6,67.6,87.7,87.7,569.0
2020-02-14,425.0,-294.0,636.0,470.0,57.37,71.52,67.6,87.7,2020,2,1,4,421.0,430.0,546.0,907.0,-284.0,-183.0,612.0,520.0,468.0,512.0,421.0,461.5,610.4666666666667,56.34,55.36,71.27,71.19,67.6,67.6,87.7,87.7,556.0
2020-02-17,434.0,-287.0,657.0,474.0,57.83,71.55,67.6,87.7,2020,2,1,0,425.0,431.0,539.0,844.0,-294.0,-187.0,636.0,530.0,470.0,506.0,420.2857142857143,452.85714285714283,594.4,57.37,55.18,71.52,71.19,67.6,67.6,87.7,87.7,548.0
2020-02-18,450.0,-257.0,690.0,481.0,57.35,71.56,67.6,87.7,2020,2,1,1,434.0,415.0,525.0,791.0,-287.0,-234.0,657.0,541.0,474.0,491.0,420.7142857142857,445.35714285714283,580.7333333333333,57.83,54.53,71.55,71.47,67.6,67.6,87.7,87.7,626.0
2020-02-19,465.0,-241.0,722.0,489.0,59.72,71.55,67.6,87.7,2020,2,1,2,450.0,411.0,498.0,773.0,-257.0,-254.0,690.0,546.0,481.0,484.0,425.7142857142857,440.0,569.3666666666667,57.35,53.39,71.56,71.28,67.6,67.6,87.7,87.7,624.0
2020-02-20,480.0,-232.0,755.0,505.0,59.57,71.67,67.6,87.7,2020,2,1,3,465.0,418.0,487.0,772.0,-241.0,-253.0,722.0,557.0,489.0,477.0,433.42857142857144,437.64285714285717,559.1,59.72,54.0,71.55,71.25,67.6,67.6,87.7,87.7,624.0
2020-02-21,497.0,-226.0,787.0,524.0,58.6,71.9,67.6,87.7,2020,2,1,4,480.0,421.0,466.0,774.0,-232.0,-259.0,755.0,582.0,505.0,472.0,442.2857142857143,437.14285714285717,549.3666666666667,59.57,55.54,71.67,71.29,67.6,67.6,87.7,87.7,616.0
2020-02-24,506.0,-239.0,811.0,543.0,56.71,71.92,67.6,87.7,2020,2,1,0,497.0,421.0,453.0,765.0,-226.0,-284.0,787.0,612.0,524.0,468.0,453.14285714285717,439.35714285714283,540.1333333333333,58.6,56.34,71.9,71.27,67.6,67.6,87.7,87.7,604.0
2020-02-25,508.0,-278.0,830.0,561.0,55.29,71.81,67.6,87.7,2020,2,1,1,506.0,425.0,430.0,763.0,-239.0,-294.0,811.0,636.0,543.0,470.0,465.2857142857143,443.14285714285717,531.5,56.71,57.37,71.92,71.52,67.6,67.6,87.7,87.7,596.0
2020-02-26,517.0,-290.0,859.0,577.0,54.96,71.58,67.6,87.7,2020,2,1,2,508.0,434.0,431.0,768.0,-278.0,-287.0,830.0,657.0,561.0,474.0,477.14285714285717,448.7142857142857,523.0,55.29,57.83,71.81,71.55,67.6,67.6,87.7,87.7,607.0
2020-02-27,529.0,-300.0,886.0,590.0,52.19,71.65,67.6,87.7,2020,2,1,3,517.0,450.0,415.0,768.0,-290.0,-257.0,859.0,690.0,577.0,481.0,489.0,454.85714285714283,514.6333333333333,54.96,57.35,71.58,71.56,67.6,67.6,87.7,87.7,635.0
2020-02-28,535.0,-328.0,905.0,606.0,51.31,72.53,67.6,87.7,2020,2,1,4,529.0,465.0,411.0,754.0,-300.0,-241.0,886.0,722.0,590.0,489.0,500.2857142857143,463.0,506.6666666666667,52.19,59.72,71.65,71.55,67.6,67.6,87.7,87.7,643.8
2020-03-02,539.0,-348.0,915.0,621.0,52.52,72.88,66.7,89.0,2020,3,1,0,535.0,480.0,418.0,729.0,-328.0,-232.0,905.0,755.0,606.0,505.0,510.2857142857143,471.85714285714283,499.3666666666667,51.31,59.57,72.53,71.67,67.6,67.6,87.7,87.7,670.2
2020-03-03,549.0,-346.0,935.0,633.0,52.24,73.03,66.7,89.0,2020,3,1,1,539.0,497.0,421.0,689.0,-348.0,-226.0,915.0,787.0,621.0,524.0,518.7142857142857,480.5,493.03333333333336,52.52,58.6,72.88,71.9,66.7,67.6,89.0,87.7,679.0
2020-03-04,562.0,-353.0,961.0,646.0,51.86,73.49,66.7,89.0,2020,3,1,2,549.0,506.0,421.0,623.0,-346.0,-239.0,935.0,811.0,633.0,543.0,526.1428571428571,489.64285714285717,488.3666666666667,52.24,56.71,73.03,71.92,66.7,67.6,89.0,87.7,706.0
2020-03-05,599.0,-307.0,1026.0,671.0,51.29,73.5,66.7,89.0,2020,3,1,3,562.0,508.0,425.0,576.0,-353.0,-278.0,961.0,830.0,646.0,561.0,534.1428571428571,499.7142857142857,486.3333333333333,51.86,55.29,73.49,71.81,66.7,67.6,89.0,87.7,726.0
2020-03-06,617.0,-312.0,1068.0,688.0,45.6,74.0,66.7,89.0,2020,3,1,4,599.0,517.0,434.0,557.0,-307.0,-290.0,1026.0,859.0,671.0,577.0,547.1428571428571,512.1428571428571,487.1,51.29,54.96,73.5,71.58,66.7,67.6,89.0,87.7,751.0
2020-03-09,616.0,-372.0,1067.0,704.0,35.33,74.21,66.7,89.0,2020,3,1,0,617.0,529.0,450.0,546.0,-312.0,-300.0,1068.0,886.0,688.0,590.0,561.4285714285714,525.2142857142857,489.1,45.6,52.19,74.0,71.65,66.7,67.6,89.0,87.7,757.0
2020-03-10,627.0,-347.0,1064.0,722.0,35.57,74.15,66.7,89.0,2020,3,1,1,616.0,535.0,465.0,539.0,-372.0,-328.0,1067.0,905.0,704.0,606.0,573.8571428571429,537.0714285714286,491.43333333333334,35.33,51.31,74.21,72.53,66.7,67.6,89.0,87.7,728.0
2020-03-11,631.0,-350.0,1057.0,735.0,34.45,73.68,66.7,89.0,2020,3,1,2,627.0,539.0,480.0,525.0,-347.0,-348.0,1064.0,915.0,722.0,621.0,587.0,548.6428571428571,494.3666666666667,35.57,52.52,74.15,72.88,66.7,66.7,89.0,89.0,694.0
2020-03-12,633.0,-355.0,1035.0,745.0,31.02,74.25,66.7,89.0,2020,3,1,3,631.0,549.0,497.0,498.0,-350.0,-346.0,1057.0,935.0,735.0,633.0,600.1428571428571,559.4285714285714,497.9,34.45,52.24,73.68,73.03,66.7,66.7,89.0,89.0,672.0
2020-03-13,631.0,-311.0,1007.0,750.0,32.25,73.86,66.7,89.0,2020,3,1,4,633.0,562.0,506.0,487.0,-355.0,-353.0,1035.0,961.0,745.0,646.0,612.1428571428571,569.1428571428571,502.4,31.02,51.86,74.25,73.49,66.7,66.7,89.0,89.0,665.0
2020-03-16,623.0,-293.0,970.0,754.0,27.98,74.01,66.7,89.0,2020,3,1,0,631.0,599.0,508.0,466.0,-311.0,-307.0,1007.0,1026.0,750.0,671.0,622.0,578.0714285714286,507.2,32.25,51.29,73.86,73.5,66.7,66.7,89.0,89.0,661.0
2020-03-17,612.0,-289.0,930.0,754.0,27.97,74.26,66.7,89.0,2020,3,1,1,623.0,617.0,517.0,453.0,-293.0,-312.0,970.0,1068.0,754.0,688.0,625.4285714285714,586.2857142857143,512.4333333333333,27.98,45.6,74.01,74.0,66.7,66.7,89.0,89.0,655.0
2020-03-18,629.0,-204.0,886.0,755.0,22.79,74.55,66.7,89.0,2020,3,1,2,612.0,616.0,529.0,430.0,-289.0,-372.0,930.0,1067.0,754.0,704.0,624.7142857142857,593.0714285714286,517.7333333333333,27.97,35.33,74.26,74.21,66.7,66.7,89.0,89.0,643.0
2020-03-19,630.0,-166.0,850.0,748.0,23.98,74.78,66.7,89.0,2020,3,1,3,629.0,627.0,535.0,431.0,-204.0,-347.0,886.0,1064.0,755.0,722.0,626.5714285714286,600.2142857142857,524.3666666666667,22.79,35.57,74.55,74.15,66.7,66.7,89.0,89.0,635.0
2020-03-20,625.0,-121.0,807.0,741.0,25.55,75.31,66.7,89.0,2020,3,1,4,630.0,631.0,539.0,415.0,-166.0,-350.0,850.0,1057.0,748.0,735.0,627.0,607.0,531.0,23.98,34.45,74.78,73.68,66.7,66.7,89.0,89.0,617.0
2020-03-23,617.0,-109.0,774.0,732.0,23.75,76.29,66.7,89.0,2020,3,1,0,625.0,633.0,549.0,411.0,-121.0,-355.0,807.0,1035.0,741.0,745.0,626.1428571428571,613.1428571428571,538.0,25.55,31.02,75.31,74.25,66.7,66.7,89.0,89.0,598.0
2020-03-24,603.0,-110.0,746.0,720.0,24.5,76.37,66.7,89.0,2020,3,1,1,617.0,631.0,562.0,418.0,-109.0,-311.0,774.0,1007.0,732.0,750.0,623.8571428571429,618.0,544.8666666666667,23.75,32.25,76.29,73.86,66.7,66.7,89.0,89.0,575.0
2020-03-25,582.0,-113.0,720.0,702.0,25.62,76.36,66.7,89.0,2020,3,1,2,603.0,623.0,599.0,421.0,-110.0,-293.0,746.0,970.0,720.0,754.0,619.8571428571429,620.9285714285714,551.0333333333333,24.5,27.98,76.37,74.01,66.7,66.7,89.0,89.0,534.0
2020-03-26,569.0,-106.0,715.0,675.0,23.55,74.89,66.7,89.0,2020,3,1,3,582.0,612.0,617.0,421.0,-113.0,-289.0,720.0,930.0,702.0,754.0,614.0,619.7142857142857,556.4,25.62,27.97,76.36,74.26,66.7,66.7,89.0,89.0,514.0
2020-03-27,556.0,-97.0,729.0,641.0,22.39,75.47,66.7,89.0,2020,3,1,4,569.0,629.0,616.0,425.0,-106.0,-204.0,715.0,886.0,675.0,755.0,607.8571428571429,616.2857142857143,561.3333333333334,23.55,22.79,74.89,74.55,66.7,66.7,89.0,89.0,504.0
2020-03-30,548.0,-69.0,732.0,606.0,19.19,75.33,66.7,89.0,2020,3,1,0,556.0,630.0,627.0,434.0,-97.0,-166.0,729.0,850.0,641.0,748.0,597.4285714285714,612.0,565.7,22.39,23.98,75.47,74.78,66.7,66.7,89.0,89.0,474.0
2020-03-31,626.0,204.0,757.0,568.0,14.85,75.39,66.7,89.0,2020,3,1,1,548.0,625.0,631.0,450.0,-69.0,-121.0,732.0,807.0,606.0,741.0,585.7142857142857,606.3571428571429,569.5,19.19,25.55,75.33,75.31,66.7,66.7,89.0,89.0,433.0
2020-04-01,624.0,219.0,783.0,535.0,14.97,76.4,58.6,84.7,2020,4,2,2,626.0,617.0,633.0,465.0,204.0,-109.0,757.0,774.0,568.0,732.0,585.8571428571429,606.0,575.3666666666667,14.85,23.75,75.39,76.29,66.7,66.7,89.0,89.0,398.0
2020-04-02,624.0,268.0,792.0,513.0,20.24,76.34,58.6,84.7,2020,4,2,3,624.0,603.0,631.0,480.0,219.0,-110.0,783.0,746.0,535.0,720.0,586.8571428571429,605.3571428571429,580.6666666666666,14.97,24.5,76.4,76.37,58.6,66.7,84.7,89.0,393.0
2020-04-03,616.0,319.0,797.0,495.0,24.33,76.24,58.6,84.7,2020,4,2,4,624.0,582.0,623.0,497.0,268.0,-113.0,792.0,720.0,513.0,702.0,589.8571428571429,604.8571428571429,585.4666666666667,20.24,25.62,76.34,76.36,58.6,66.7,84.7,89.0,407.0
2020-04-06,604.0,338.0,801.0,485.0,22.58,75.95,58.6,84.7,2020,4,2,0,616.0,569.0,612.0,506.0,319.0,-106.0,797.0,715.0,495.0,675.0,594.7142857142857,604.3571428571429,589.4333333333333,24.33,23.55,76.24,74.89,58.6,66.7,84.7,89.0,427.0
2020-04-07,596.0,356.0,800.0,472.0,22.1,75.64,58.6,84.7,2020,4,2,1,604.0,556.0,629.0,508.0,338.0,-97.0,801.0,729.0,485.0,641.0,599.7142857142857,603.7857142857143,592.7,22.58,22.39,75.95,75.47,58.6,66.7,84.7,89.0,453.0
2020-04-08,607.0,425.0,805.0,454.0,25.22,75.96,58.6,84.7,2020,4,2,2,596.0,548.0,630.0,517.0,356.0,-69.0,800.0,732.0,472.0,606.0,605.4285714285714,601.4285714285714,595.6333333333333,22.1,19.19,75.64,75.33,58.6,66.7,84.7,89.0,477.0
2020-04-09,635.0,541.0,813.0,441.0,20.23,76.3,58.6,84.7,2020,4,2,3,607.0,626.0,625.0,529.0,425.0,204.0,805.0,757.0,454.0,568.0,613.8571428571429,599.7857142857143,598.6333333333333,25.22,14.85,75.96,75.39,58.6,66.7,84.7,89.0,494.0
2020-04-10,643.8,570.2,814.0,438.6,20.532,75.87,58.6,84.7,2020,4,2,4,635.0,624.0,617.0,535.0,541.0,219.0,813.0,783.0,441.0,535.0,615.1428571428571,600.5,602.1666666666666,20.23,14.97,76.3,76.4,58.6,58.6,84.7,84.7,498.0
2020-04-13,670.2,657.8,817.0,431.4,21.438,76.25,58.6,84.7,2020,4,2,0,643.8,624.0,603.0,539.0,570.2,268.0,814.0,792.0,438.6,513.0,617.9714285714286,602.4142857142857,605.7933333333333,20.532,20.24,75.87,76.34,58.6,58.6,84.7,84.7,506.0
2020-04-14,679.0,687.0,818.0,429.0,21.74,76.11,58.6,84.7,2020,4,2,1,670.2,616.0,582.0,549.0,657.8,319.0,817.0,797.0,431.4,495.0,624.5714285714286,607.2142857142857,610.1666666666666,21.438,24.33,76.25,76.24,58.6,58.6,84.7,84.7,502.0
2020-04-15,706.0,794.0,820.0,419.0,19.8,76.56,58.6,84.7,2020,4,2,2,679.0,604.0,569.0,562.0,687.0,338.0,818.0,801.0,429.0,485.0,633.5714285714286,614.1428571428571,614.5,21.74,22.58,76.11,75.95,58.6,58.6,84.7,84.7,489.0
2020-04-16,726.0,887.0,821.0,411.0,18.69,76.75,58.6,84.7,2020,4,2,3,706.0,596.0,556.0,599.0,794.0,356.0,820.0,800.0,419.0,472.0,648.1428571428571,623.9285714285714,619.3,19.8,22.1,76.56,75.64,58.6,58.6,84.7,84.7,504.0
2020-04-17,751.0,993.0,825.0,404.0,19.75,76.56,58.6,84.7,2020,4,2,4,726.0,607.0,548.0,617.0,887.0,425.0,821.0,805.0,411.0,454.0,666.7142857142857,636.0714285714286,623.5333333333333,18.69,25.22,76.75,75.96,58.6,58.6,84.7,84.7,520.0
2020-04-20,757.0,1057.0,822.0,398.0,17.36,76.56,58.6,84.7,2020,4,2,0,751.0,635.0,626.0,616.0,993.0,541.0,825.0,813.0,404.0,441.0,687.2857142857143,650.5714285714286,628.0,19.75,20.23,76.56,76.3,58.6,58.6,84.7,84.7,546.0
2020-04-21,728.0,1004.0,804.0,390.0,9.12,76.95,58.6,84.7,2020,4,2,1,757.0,643.8,624.0,627.0,1057.0,570.2,822.0,814.0,398.0,438.6,704.7142857142857,659.9285714285714,632.7,17.36,20.532,76.56,75.87,58.6,58.6,84.7,84.7,592.0
2020-04-22,694.0,968.0,778.0,384.0,13.77,76.44,58.6,84.7,2020,4,2,2,728.0,670.2,624.0,631.0,1004.0,657.8,804.0,817.0,390.0,431.4,716.7428571428571,667.3571428571429,636.0666666666667,9.12,21.438,76.95,76.25,58.6,58.6,84.7,84.7,632.0
2020-04-23,672.0,970.0,759.0,383.0,15.06,75.84,58.6,84.7,2020,4,2,3,694.0,679.0,616.0,633.0,968.0,687.0,778.0,818.0,384.0,429.0,720.1428571428571,672.3571428571429,638.1666666666666,13.77,21.74,76.44,76.11,58.6,58.6,84.7,84.7,679.0
2020-04-24,665.0,964.0,747.0,388.0,15.87,76.26,58.6,84.7,2020,4,2,4,672.0,706.0,604.0,631.0,970.0,794.0,759.0,820.0,383.0,419.0,719.1428571428571,676.3571428571429,639.4666666666667,15.06,19.8,75.84,76.56,58.6,58.6,84.7,84.7,698.0
2020-04-27,661.0,962.0,741.0,392.0,15.17,76.23,58.6,84.7,2020,4,2,0,665.0,726.0,596.0,623.0,964.0,887.0,747.0,821.0,388.0,411.0,713.2857142857143,680.7142857142857,640.6,15.87,18.69,76.26,76.75,58.6,58.6,84.7,84.7,714.0
2020-04-28,655.0,945.0,731.0,397.0,15.6,75.96,58.6,84.7,2020,4,2,1,661.0,751.0,607.0,612.0,962.0,993.0,741.0,825.0,392.0,404.0,704.0,685.3571428571429,641.8666666666667,15.17,19.75,76.23,76.56,58.6,58.6,84.7,84.7,764.0
2020-04-29,643.0,926.0,720.0,404.0,17.86,75.45,58.6,84.7,2020,4,2,2,655.0,757.0,635.0,629.0,945.0,1057.0,731.0,822.0,397.0,398.0,690.2857142857143,688.7857142857143,643.3,15.6,17.36,75.96,76.56,58.6,58.6,84.7,84.7,839.0
2020-04-30,635.0,895.0,711.0,410.0,18.11,75.08,58.6,84.7,2020,4,2,3,643.0,728.0,643.8,630.0,926.0,1004.0,720.0,804.0,404.0,390.0,674.0,689.3571428571429,643.7666666666667,17.86,9.12,75.45,76.95,58.6,58.6,84.7,84.7,923.0
2020-05-01,617.0,820.0,704.0,413.0,18.49,75.75,52.5,93.7,2020,5,2,4,635.0,694.0,670.2,625.0,895.0,968.0,711.0,778.0,410.0,384.0,660.7142857142857,688.7285714285715,643.9333333333333,18.11,13.77,75.08,76.44,58.6,58.6,84.7,84.7,973.0
2020-05-04,598.0,743.0,702.0,416.0,20.4,75.64,52.5,93.7,2020,5,2,0,617.0,672.0,679.0,617.0,820.0,970.0,704.0,759.0,413.0,383.0,649.7142857142857,684.9285714285714,643.6666666666666,18.49,15.06,75.75,75.84,52.5,58.6,93.7,84.7,1054.0
2020-05-05,575.0,669.0,692.0,417.0,25.46,75.72,52.5,93.7,2020,5,2,1,598.0,665.0,706.0,603.0,743.0,964.0,702.0,747.0,416.0,388.0,639.1428571428571,679.1428571428571,643.0333333333333,20.4,15.87,75.64,76.26,52.5,58.6,93.7,84.7,1246.0
2020-05-06,534.0,519.0,678.0,420.0,24.2,76.08,52.5,93.7,2020,5,2,2,575.0,661.0,726.0,582.0,669.0,962.0,692.0,741.0,417.0,392.0,626.2857142857143,669.7857142857143,642.1,25.46,15.17,75.72,76.23,52.5,58.6,93.7,84.7,1527.0
2020-05-07,514.0,461.0,667.0,423.0,24.23,75.78,52.5,93.7,2020,5,2,3,534.0,655.0,751.0,569.0,519.0,945.0,678.0,731.0,420.0,397.0,608.1428571428571,656.0714285714286,640.5,24.2,15.6,76.08,75.96,52.5,58.6,93.7,84.7,1555.0
2020-05-08,504.0,418.75,664.75,425.0,24.555,75.58,52.5,93.7,2020,5,2,4,514.0,643.0,757.0,556.0,461.0,926.0,667.0,720.0,423.0,404.0,588.0,639.1428571428571,638.6666666666666,24.23,17.86,75.78,75.45,52.5,58.6,93.7,84.7,1558.0
2020-05-11,474.0,292.0,658.0,431.0,25.53,75.87,52.5,93.7,2020,5,2,0,504.0,635.0,728.0,548.0,418.75,895.0,664.75,711.0,425.0,410.0,568.1428571428571,621.0714285714286,636.9333333333333,24.555,18.11,75.58,75.08,52.5,58.6,93.7,84.7,1617.0
2020-05-12,433.0,123.0,645.0,434.0,26.67,75.03,52.5,93.7,2020,5,2,1,474.0,617.0,694.0,626.0,292.0,820.0,658.0,704.0,431.0,413.0,545.1428571428571,602.9285714285714,634.4666666666667,25.53,18.49,75.87,75.75,52.5,52.5,93.7,93.7,1705.0
2020-05-13,398.0,-17.0,628.0,440.0,27.89,75.33,52.5,93.7,2020,5,2,2,433.0,598.0,672.0,624.0,123.0,743.0,645.0,702.0,434.0,416.0,518.8571428571429,584.2857142857143,628.0333333333333,26.67,20.4,75.03,75.64,52.5,52.5,93.7,93.7,1738.0
2020-05-14,393.0,-48.0,614.0,446.0,29.87,75.48,52.5,93.7,2020,5,2,3,398.0,575.0,665.0,624.0,-17.0,669.0,628.0,692.0,440.0,417.0,490.2857142857143,564.7142857142857,620.5,27.89,25.46,75.33,75.72,52.5,52.5,93.7,93.7,1749.0
2020-05-15,407.0,26.0,603.0,450.0,30.95,75.82,52.5,93.7,2020,5,2,4,393.0,534.0,661.0,616.0,-48.0,519.0,614.0,678.0,446.0,420.0,464.2857142857143,545.2857142857143,612.8,29.87,24.2,75.48,76.08,52.5,52.5,93.7,93.7,1794.0
2020-05-18,427.0,94.0,599.0,456.0,33.3,75.74,52.5,93.7,2020,5,2,0,407.0,514.0,655.0,604.0,26.0,461.0,603.0,667.0,450.0,423.0,446.14285714285717,527.1428571428571,605.8333333333334,30.95,24.23,75.82,75.78,52.5,52.5,93.7,93.7,1799.0
2020-05-19,453.0,174.0,599.0,462.0,33.06,75.67,52.5,93.7,2020,5,2,1,427.0,504.0,643.0,596.0,94.0,418.75,599.0,664.75,456.0,425.0,433.7142857142857,510.85714285714283,599.9333333333333,33.3,24.555,75.74,75.58,52.5,52.5,93.7,93.7,1803.0
2020-05-20,477.0,174.0,607.0,471.0,34.76,75.47,52.5,93.7,2020,5,2,2,453.0,474.0,635.0,607.0,174.0,292.0,599.0,658.0,462.0,431.0,426.42857142857144,497.2857142857143,595.1666666666666,33.06,25.53,75.67,75.87,52.5,52.5,93.7,93.7,1823.0
2020-05-21,494.0,180.0,623.0,478.0,34.78,75.63,52.5,93.7,2020,5,2,3,477.0,433.0,617.0,635.0,174.0,123.0,607.0,645.0,471.0,434.0,426.85714285714283,486.0,590.8333333333334,34.76,26.67,75.47,75.03,52.5,52.5,93.7,93.7,1894.0
2020-05-22,498.0,162.0,635.0,486.0,33.8,75.99,52.5,93.7,2020,5,2,4,494.0,398.0,598.0,643.8,180.0,-17.0,623.0,628.0,478.0,440.0,435.57142857142856,477.2142857142857,586.1333333333333,34.78,27.89,75.63,75.33,52.5,52.5,93.7,93.7,1956.0
2020-05-26,506.0,147.0,656.0,495.0,33.95,75.43,52.5,93.7,2020,5,2,1,498.0,393.0,575.0,670.2,162.0,-48.0,635.0,614.0,486.0,446.0,449.85714285714283,470.07142857142856,581.2733333333333,33.8,29.87,75.99,75.48,52.5,52.5,93.7,93.7,1949.0
2020-05-27,502.0,108.0,689.0,500.0,32.73,75.88,52.5,93.7,2020,5,2,2,506.0,407.0,534.0,679.0,147.0,26.0,656.0,603.0,495.0,450.0,466.0,465.14285714285717,575.8,33.95,30.95,75.43,75.82,52.5,52.5,93.7,93.7,1849.0
2020-05-28,489.0,27.0,720.0,502.0,33.98,75.67,52.5,93.7,2020,5,2,3,502.0,427.0,514.0,706.0,108.0,94.0,689.0,599.0,500.0,456.0,479.57142857142856,462.85714285714283,569.9,32.73,33.3,75.88,75.74,52.5,52.5,93.7,93.7,1810.0
2020-05-29,504.0,46.0,754.0,500.0,34.15,75.59,52.5,93.7,2020,5,2,4,489.0,453.0,504.0,726.0,27.0,174.0,720.0,599.0,502.0,462.0,488.42857142857144,461.07142857142856,562.6666666666666,33.98,33.06,75.67,75.67,52.5,52.5,93.7,93.7,1810.0
2020-06-01,520.0,82.0,777.0,497.0,36.74,75.56,52.2,103.3,2020,6,2,0,504.0,477.0,474.0,751.0,46.0,174.0,754.0,607.0,500.0,471.0,495.7142857142857,461.07142857142856,555.2666666666667,34.15,34.76,75.59,75.47,52.5,52.5,93.7,93.7,1792.0
2020-06-02,546.0,167.0,795.0,495.0,37.72,75.03,52.2,103.3,2020,6,2,1,520.0,494.0,433.0,757.0,82.0,180.0,777.0,623.0,497.0,478.0,501.85714285714283,464.35714285714283,547.5666666666667,36.74,34.78,75.56,75.63,52.2,52.5,103.3,93.7,1742.0
2020-06-03,592.0,356.0,809.0,494.0,37.98,75.32,52.2,103.3,2020,6,2,2,546.0,498.0,398.0,728.0,167.0,162.0,795.0,635.0,495.0,486.0,509.2857142857143,472.42857142857144,540.5333333333333,37.72,33.8,75.03,75.99,52.2,52.5,103.3,93.7,1696.0
2020-06-04,632.0,518.0,815.0,499.0,38.41,75.43,52.2,103.3,2020,6,2,3,592.0,506.0,393.0,694.0,356.0,147.0,809.0,656.0,494.0,495.0,522.7142857142857,486.2857142857143,536.0,37.98,33.95,75.32,75.43,52.2,52.5,103.3,93.7,1699.0
2020-06-05,679.0,736.0,814.0,507.0,41.0,75.61,52.2,103.3,2020,6,2,4,632.0,502.0,407.0,672.0,518.0,108.0,815.0,689.0,499.0,500.0,540.7142857142857,503.35714285714283,533.9333333333333,38.41,32.73,75.43,75.88,52.2,52.5,103.3,93.7,1710.0
2020-06-08,698.0,810.0,809.0,515.0,39.66,75.44,52.2,103.3,2020,6,2,0,679.0,489.0,427.0,665.0,736.0,27.0,814.0,720.0,507.0,502.0,566.0,522.7857142857143,534.1666666666666,41.0,33.98,75.61,75.67,52.2,52.5,103.3,93.7,1678.0
2020-06-09,714.0,859.0,799.0,532.0,40.45,75.44,52.2,103.3,2020,6,2,1,698.0,504.0,453.0,661.0,810.0,46.0,809.0,754.0,515.0,500.0,595.8571428571429,542.1428571428571,535.2666666666667,39.66,34.15,75.44,75.59,52.2,52.5,103.3,93.7,1594.0
2020-06-10,764.0,1039.0,796.0,556.0,41.18,75.65,52.2,103.3,2020,6,2,2,714.0,520.0,477.0,655.0,859.0,82.0,799.0,777.0,532.0,497.0,625.8571428571429,560.7857142857143,537.0333333333333,40.45,36.74,75.44,75.56,52.2,52.2,103.3,103.3,1473.0
2020-06-11,839.0,1300.0,821.0,575.0,37.76,75.97,52.2,103.3,2020,6,2,3,764.0,546.0,494.0,643.0,1039.0,167.0,796.0,795.0,556.0,495.0,660.7142857142857,581.2857142857143,540.6666666666666,41.18,37.72,75.65,75.03,52.2,52.2,103.3,103.3,1388.0
2020-06-12,923.0,1523.0,852.0,597.0,38.54,76.03,52.2,103.3,2020,6,2,4,839.0,592.0,498.0,635.0,1300.0,356.0,821.0,809.0,575.0,494.0,702.5714285714286,605.9285714285714,547.2,37.76,37.98,75.97,75.32,52.2,52.2,103.3,103.3,1317.0
2020-06-15,973.0,1648.0,884.0,612.0,39.44,75.97,52.2,103.3,2020,6,2,0,923.0,632.0,506.0,617.0,1523.0,518.0,852.0,815.0,597.0,499.0,749.8571428571429,636.2857142857143,556.8,38.54,38.41,76.03,75.43,52.2,52.2,103.3,103.3,1293.0
2020-06-16,1054.0,1854.0,949.0,624.0,40.75,76.19,52.2,103.3,2020,6,2,1,973.0,679.0,502.0,598.0,1648.0,736.0,884.0,814.0,612.0,507.0,798.5714285714286,669.6428571428571,568.6666666666666,39.44,41.0,75.97,75.61,52.2,52.2,103.3,103.3,1264.0
2020-06-17,1246.0,2455.0,1019.0,634.0,40.47,76.25,52.2,103.3,2020,6,2,2,1054.0,698.0,489.0,575.0,1854.0,810.0,949.0,809.0,624.0,515.0,852.1428571428571,709.0714285714286,583.8666666666667,40.75,39.66,76.19,75.44,52.2,52.2,103.3,103.3,1317.0
2020-06-18,1527.0,3672.0,1117.0,648.0,41.75,76.32,52.2,103.3,2020,6,2,3,1246.0,714.0,504.0,534.0,2455.0,859.0,1019.0,799.0,634.0,532.0,930.4285714285714,763.1428571428571,606.2333333333333,40.47,40.45,76.25,75.44,52.2,52.2,103.3,103.3,1348.0
2020-06-19,1555.0,3819.0,1178.0,657.0,42.33,76.21,52.2,103.3,2020,6,2,4,1527.0,764.0,520.0,514.0,3672.0,1039.0,1117.0,796.0,648.0,556.0,1046.5714285714287,836.2142857142857,639.3333333333334,41.75,41.18,76.32,75.65,52.2,52.2,103.3,103.3,1350.0
2020-06-22,1558.0,3791.0,1204.0,662.0,43.2,75.76,52.2,103.3,2020,6,2,0,1555.0,839.0,546.0,504.0,3819.0,1300.0,1178.0,821.0,657.0,575.0,1159.5714285714287,910.1428571428571,674.0333333333333,42.33,37.76,76.21,75.97,52.2,52.2,103.3,103.3,1385.0
2020-06-23,1617.0,3976.0,1222.0,667.0,42.72,75.48,52.2,103.3,2020,6,2,1,1558.0,923.0,592.0,474.0,3791.0,1523.0,1204.0,852.0,662.0,597.0,1262.2857142857142,982.4285714285714,709.1666666666666,43.2,38.54,75.76,76.03,52.2,52.2,103.3,103.3,1414.0
2020-06-24,1705.0,4189.0,1245.0,674.0,40.4,75.65,52.2,103.3,2020,6,2,2,1617.0,973.0,632.0,433.0,3976.0,1648.0,1222.0,884.0,667.0,612.0,1361.4285714285713,1055.642857142857,747.2666666666667,42.72,39.44,75.48,75.97,52.2,52.2,103.3,103.3,1443.0
2020-06-25,1738.0,4213.0,1253.0,678.0,41.18,75.58,52.2,103.3,2020,6,2,3,1705.0,1054.0,679.0,398.0,4189.0,1854.0,1245.0,949.0,674.0,624.0,1466.0,1132.2857142857142,789.6666666666666,40.4,40.75,75.65,76.19,52.2,52.2,103.3,103.3,1472.0
2020-06-26,1749.0,4219.0,1256.0,678.0,40.97,75.63,52.2,103.3,2020,6,2,4,1738.0,1246.0,698.0,393.0,4213.0,2455.0,1253.0,1019.0,678.0,634.0,1563.7142857142858,1207.9285714285713,834.3333333333334,41.18,40.47,75.58,76.25,52.2,52.2,103.3,103.3,1501.0
2020-06-29,1794.0,4325.0,1256.0,679.0,41.58,75.52,52.2,103.3,2020,6,2,0,1749.0,1527.0,714.0,407.0,4219.0,3672.0,1256.0,1117.0,678.0,648.0,1635.5714285714287,1283.0,879.5333333333333,40.97,41.75,75.63,76.32,52.2,52.2,103.3,103.3,1506.0
2020-06-30,1799.0,4320.0,1257.0,683.0,41.64,75.53,52.2,103.3,2020,6,2,1,1794.0,1555.0,764.0,427.0,4325.0,3819.0,1256.0,1178.0,679.0,657.0,1673.7142857142858,1360.142857142857,925.7666666666667,41.58,42.33,75.52,76.21,52.2,52.2,103.3,103.3,1510.0
2020-07-01,1803.0,4233.0,1255.0,686.0,42.18,75.5,51.6,108.5,2020,7,3,2,1799.0,1558.0,839.0,453.0,4320.0,3791.0,1257.0,1204.0,683.0,662.0,1708.5714285714287,1434.0714285714287,971.5,41.64,43.2,75.53,75.76,52.2,52.2,103.3,103.3,1540.0
2020-07-02,1823.0,4264.0,1257.0,693.0,43.19,74.78,51.6,108.5,2020,7,3,3,1803.0,1617.0,923.0,477.0,4233.0,3976.0,1255.0,1222.0,686.0,667.0,1743.5714285714287,1502.9285714285713,1016.5,42.18,42.72,75.5,75.48,51.6,52.2,108.5,103.3,1577.0
2020-07-03,1894.0,4440.0,1316.0,701.0,42.92,74.74000000000001,51.6,108.5,2020,7,3,4,1823.0,1705.0,973.0,494.0,4264.0,4189.0,1257.0,1245.0,693.0,674.0,1773.0,1567.2142857142858,1061.3666666666666,43.19,40.4,74.78,75.65,51.6,52.2,108.5,103.3,1595.0
2020-07-06,1956.0,4071.0,1376.0,708.0,42.73,74.62,51.6,108.5,2020,7,3,0,1894.0,1738.0,1054.0,498.0,4440.0,4213.0,1316.0,1253.0,701.0,678.0,1800.0,1633.0,1108.0333333333333,42.92,41.18,74.74000000000001,75.58,51.6,52.2,108.5,103.3,1598.0
2020-07-07,1949.0,3968.0,1457.0,725.0,43.28,74.81,51.6,108.5,2020,7,3,1,1956.0,1749.0,1246.0,506.0,4071.0,4219.0,1376.0,1256.0,708.0,678.0,1831.142857142857,1697.4285714285713,1156.6333333333334,42.73,40.97,74.62,75.63,51.6,52.2,108.5,103.3,1586.0
2020-07-08,1849.0,3570.0,1517.0,773.0,43.67,74.94,51.6,108.5,2020,7,3,2,1949.0,1794.0,1527.0,502.0,3968.0,4325.0,1457.0,1256.0,725.0,679.0,1859.7142857142858,1747.642857142857,1204.7333333333333,43.28,41.58,74.81,75.52,51.6,52.2,108.5,103.3,1568.0
2020-07-09,1810.0,3386.0,1557.0,809.0,42.35,75.12,51.6,108.5,2020,7,3,3,1849.0,1799.0,1555.0,489.0,3570.0,4320.0,1517.0,1257.0,773.0,683.0,1867.5714285714287,1770.642857142857,1249.6333333333334,43.67,41.64,74.94,75.53,51.6,52.2,108.5,103.3,1518.0
2020-07-10,1810.0,3333.0,1587.0,835.0,43.27,75.14,51.6,108.5,2020,7,3,4,1810.0,1803.0,1558.0,504.0,3386.0,4233.0,1557.0,1255.0,809.0,686.0,1869.142857142857,1788.857142857143,1293.6666666666667,42.35,42.18,75.12,75.5,51.6,51.6,108.5,108.5,1481.0
2020-07-13,1792.0,3251.0,1597.0,856.0,42.85,75.16,51.6,108.5,2020,7,3,0,1810.0,1823.0,1617.0,520.0,3333.0,4264.0,1587.0,1257.0,835.0,693.0,1870.142857142857,1806.857142857143,1337.2,43.27,43.19,75.14,74.78,51.6,51.6,108.5,108.5,1491.0
2020-07-14,1742.0,3082.0,1597.0,875.0,42.97,75.38,51.6,108.5,2020,7,3,1,1792.0,1894.0,1705.0,546.0,3251.0,4440.0,1597.0,1316.0,856.0,701.0,1865.7142857142858,1819.357142857143,1379.6,42.85,42.92,75.16,74.74000000000001,51.6,51.6,108.5,108.5,1518.0
2020-07-15,1696.0,2941.0,1579.0,890.0,43.96,75.11,51.6,108.5,2020,7,3,2,1742.0,1956.0,1738.0,592.0,3082.0,4071.0,1597.0,1376.0,875.0,708.0,1844.0,1822.0,1419.4666666666667,42.97,42.73,75.38,74.62,51.6,51.6,108.5,108.5,1509.0
2020-07-16,1699.0,2971.0,1544.0,899.0,43.71,75.11,51.6,108.5,2020,7,3,3,1696.0,1949.0,1749.0,632.0,2941.0,3968.0,1579.0,1457.0,890.0,725.0,1806.857142857143,1819.0,1456.2666666666667,43.96,43.28,75.11,74.81,51.6,51.6,108.5,108.5,1504.0
2020-07-17,1710.0,3025.0,1504.0,910.0,43.53,74.93,51.6,108.5,2020,7,3,4,1699.0,1849.0,1794.0,679.0,2971.0,3570.0,1544.0,1517.0,899.0,773.0,1771.142857142857,1815.4285714285713,1491.8333333333333,43.71,43.67,75.11,74.94,51.6,51.6,108.5,108.5,1488.0
2020-07-20,1678.0,2950.0,1465.0,920.0,43.3,74.77,51.6,108.5,2020,7,3,0,1710.0,1810.0,1799.0,698.0,3025.0,3386.0,1504.0,1557.0,910.0,809.0,1751.2857142857142,1809.4285714285713,1526.2,43.53,42.35,74.93,75.12,51.6,51.6,108.5,108.5,1475.25
2020-07-21,1594.0,2729.0,1415.0,929.0,44.31,74.54,51.6,108.5,2020,7,3,1,1678.0,1810.0,1803.0,714.0,2950.0,3333.0,1465.0,1587.0,920.0,835.0,1732.4285714285713,1800.7857142857142,1558.8666666666666,43.3,43.27,74.77,75.14,51.6,51.6,108.5,108.5,1471.0
2020-07-22,1473.0,2426.0,1335.0,932.0,43.98,74.56,51.6,108.5,2020,7,3,2,1594.0,1792.0,1823.0,764.0,2729.0,3251.0,1415.0,1597.0,929.0,856.0,1701.5714285714287,1785.857142857143,1588.2,44.31,42.85,74.54,75.16,51.6,51.6,108.5,108.5,1445.0
2020-07-23,1388.0,2236.0,1263.0,925.0,42.96,74.81,51.6,108.5,2020,7,3,3,1473.0,1742.0,1894.0,839.0,2426.0,3082.0,1335.0,1597.0,932.0,875.0,1656.0,1760.857142857143,1611.8333333333333,43.98,42.97,74.56,75.38,51.6,51.6,108.5,108.5,1395.0
2020-07-24,1317.0,2084.0,1198.0,915.0,43.29,74.77,51.6,108.5,2020,7,3,4,1388.0,1696.0,1956.0,923.0,2236.0,2941.0,1263.0,1579.0,925.0,890.0,1605.4285714285713,1724.7142857142858,1630.1333333333334,42.96,43.96,74.81,75.11,51.6,51.6,108.5,108.5,1362.0
2020-07-27,1293.0,2052.0,1161.0,906.0,43.39,74.77,51.6,108.5,2020,7,3,0,1317.0,1699.0,1949.0,973.0,2084.0,2971.0,1198.0,1544.0,915.0,899.0,1551.2857142857142,1679.0714285714287,1643.2666666666667,43.29,43.71,74.77,75.11,51.6,51.6,108.5,108.5,1349.0
2020-07-28,1264.0,1992.0,1136.0,897.0,43.11,74.91,51.6,108.5,2020,7,3,1,1293.0,1710.0,1849.0,1054.0,2052.0,3025.0,1161.0,1504.0,906.0,910.0,1493.2857142857142,1632.2142857142858,1653.9333333333334,43.39,43.53,74.77,74.93,51.6,51.6,108.5,108.5,1328.0
2020-07-29,1317.0,2137.0,1166.0,890.0,43.51,74.92,51.6,108.5,2020,7,3,2,1264.0,1678.0,1810.0,1246.0,1992.0,2950.0,1136.0,1465.0,897.0,920.0,1429.5714285714287,1590.4285714285713,1660.9333333333334,43.11,43.3,74.91,74.77,51.6,51.6,108.5,108.5,1296.0
2020-07-30,1348.0,2210.0,1203.0,878.0,42.98,74.88,51.6,108.5,2020,7,3,3,1317.0,1594.0,1810.0,1527.0,2137.0,2729.0,1166.0,1415.0,890.0,929.0,1378.0,1555.2142857142858,1663.3,43.51,44.31,74.92,74.54,51.6,51.6,108.5,108.5,1269.0
2020-07-31,1350.0,2206.0,1227.0,870.0,43.13,74.9,51.6,108.5,2020,7,3,4,1348.0,1473.0,1792.0,1555.0,2210.0,2426.0,1203.0,1335.0,878.0,932.0,1342.857142857143,1522.2142857142858,1657.3333333333333,42.98,43.98,74.88,74.56,51.6,51.6,108.5,108.5,1267.0
2020-08-03,1385.0,2297.0,1254.0,862.0,43.76,75.2,50.1,121.1,2020,8,3,0,1350.0,1388.0,1742.0,1558.0,2206.0,2236.0,1227.0,1263.0,870.0,925.0,1325.2857142857142,1490.642857142857,1650.5,43.13,42.96,74.9,74.81,51.6,51.6,108.5,108.5,1282.0
2020-08-04,1414.0,2494.0,1316.0,851.0,43.99,75.06,50.1,121.1,2020,8,3,1,1385.0,1317.0,1696.0,1617.0,2297.0,2084.0,1254.0,1198.0,862.0,915.0,1324.857142857143,1465.142857142857,1644.7333333333333,43.76,43.29,75.2,74.77,50.1,51.6,121.1,108.5,1289.0
2020-08-05,1443.0,2458.0,1410.0,844.0,44.92,74.8,50.1,121.1,2020,8,3,2,1414.0,1293.0,1699.0,1705.0,2494.0,2052.0,1316.0,1161.0,851.0,906.0,1338.7142857142858,1445.0,1637.9666666666667,43.99,43.39,75.06,74.77,50.1,51.6,121.1,108.5,1281.0
2020-08-06,1472.0,2464.0,1494.0,847.0,45.04,74.87,50.1,121.1,2020,8,3,3,1443.0,1264.0,1710.0,1738.0,2458.0,1992.0,1410.0,1136.0,844.0,897.0,1360.142857142857,1426.7142857142858,1629.2333333333333,44.92,43.11,74.8,74.91,50.1,51.6,121.1,108.5,1294.0
2020-08-07,1501.0,2401.0,1563.0,855.0,44.07,75.04,50.1,121.1,2020,8,3,4,1472.0,1317.0,1678.0,1749.0,2464.0,2137.0,1494.0,1166.0,847.0,890.0,1389.857142857143,1409.7142857142858,1620.3666666666666,45.04,43.51,74.87,74.92,50.1,51.6,121.1,108.5,1296.0
2020-08-10,1506.0,2375.0,1600.0,867.0,44.19,74.91,50.1,121.1,2020,8,3,0,1501.0,1348.0,1594.0,1794.0,2401.0,2210.0,1563.0,1203.0,855.0,878.0,1416.142857142857,1397.0714285714287,1612.1,44.07,42.98,75.04,74.88,50.1,51.6,121.1,108.5,1314.0
2020-08-11,1510.0,2316.0,1671.0,879.0,43.68,74.61,50.1,121.1,2020,8,3,1,1506.0,1350.0,1473.0,1799.0,2375.0,2206.0,1600.0,1227.0,867.0,870.0,1438.7142857142858,1390.7857142857142,1602.5,44.19,43.13,74.91,74.9,50.1,51.6,121.1,108.5,1364.0
2020-08-12,1540.0,2332.0,1747.0,893.0,45.09,74.73,50.1,121.1,2020,8,3,2,1510.0,1385.0,1388.0,1803.0,2316.0,2297.0,1671.0,1254.0,879.0,862.0,1461.5714285714287,1393.4285714285713,1592.8666666666666,43.68,43.76,74.61,75.2,50.1,50.1,121.1,121.1,1426.0
2020-08-13,1577.0,2384.0,1797.0,911.0,44.87,74.81,50.1,121.1,2020,8,3,3,1540.0,1414.0,1317.0,1823.0,2332.0,2494.0,1747.0,1316.0,893.0,851.0,1483.7142857142858,1404.2857142857142,1584.1,45.09,43.99,74.73,75.06,50.1,50.1,121.1,121.1,1605.0
2020-08-14,1595.0,2402.0,1824.0,927.0,44.86,74.87,50.1,121.1,2020,8,3,4,1577.0,1443.0,1293.0,1894.0,2384.0,2458.0,1797.0,1410.0,911.0,844.0,1507.0,1422.857142857143,1575.9,44.87,44.92,74.81,74.8,50.1,50.1,121.1,121.1,1667.0
2020-08-17,1598.0,2400.0,1819.0,943.0,44.91,74.74,50.1,121.1,2020,8,3,0,1595.0,1472.0,1264.0,1956.0,2402.0,2464.0,1824.0,1494.0,927.0,847.0,1528.7142857142858,1444.4285714285713,1565.9333333333334,44.86,45.04,74.87,74.87,50.1,50.1,121.1,121.1,1654.0
2020-08-18,1586.0,2375.0,1798.0,949.0,45.34,74.62,50.1,121.1,2020,8,3,1,1598.0,1501.0,1317.0,1949.0,2400.0,2401.0,1819.0,1563.0,943.0,855.0,1546.7142857142858,1468.2857142857142,1554.0,44.91,44.07,74.74,75.04,50.1,50.1,121.1,121.1,1658.0
2020-08-19,1568.0,2347.0,1757.0,954.0,45.21,74.85,50.1,121.1,2020,8,3,2,1586.0,1506.0,1348.0,1849.0,2375.0,2375.0,1798.0,1600.0,949.0,867.0,1558.857142857143,1487.5,1541.9,45.34,44.19,74.62,74.91,50.1,50.1,121.1,121.1,1725.0
2020-08-20,1518.0,2239.0,1700.0,957.0,44.56,75.01,50.1,121.1,2020,8,3,3,1568.0,1510.0,1350.0,1810.0,2347.0,2316.0,1757.0,1671.0,954.0,879.0,1567.7142857142858,1503.2142857142858,1532.5333333333333,45.21,43.68,74.85,74.61,50.1,50.1,121.1,121.1,1869.0
2020-08-21,1481.0,2160.0,1653.0,962.0,43.94,74.92,50.1,121.1,2020,8,3,4,1518.0,1540.0,1385.0,1810.0,2239.0,2332.0,1700.0,1747.0,957.0,893.0,1568.857142857143,1515.2142857142858,1522.8,44.56,45.09,75.01,74.73,50.1,50.1,121.1,121.1,2020.0
2020-08-24,1491.0,2207.0,1632.0,965.0,44.43,74.17,50.1,121.1,2020,8,3,0,1481.0,1577.0,1414.0,1792.0,2160.0,2384.0,1653.0,1797.0,962.0,911.0,1560.4285714285713,1522.0714285714287,1511.8333333333333,43.94,44.87,74.92,74.81,50.1,50.1,121.1,121.1,2071.0
2020-08-25,1518.0,2293.0,1629.0,964.0,46.01,74.2,50.1,121.1,2020,8,3,1,1491.0,1595.0,1443.0,1742.0,2207.0,2402.0,1632.0,1824.0,965.0,927.0,1548.142857142857,1527.5714285714287,1501.8,44.43,44.86,74.17,74.87,50.1,50.1,121.1,121.1,2097.0
2020-08-26,1509.0,2278.0,1616.0,960.0,45.79,74.22,50.1,121.1,2020,8,3,2,1518.0,1598.0,1472.0,1696.0,2293.0,2400.0,1629.0,1819.0,964.0,943.0,1537.142857142857,1532.9285714285713,1494.3333333333333,46.01,44.91,74.2,74.74,50.1,50.1,121.1,121.1,2044.0
2020-08-27,1504.0,2264.0,1619.0,958.0,44.84,73.89,50.1,121.1,2020,8,3,3,1509.0,1586.0,1501.0,1699.0,2278.0,2375.0,1616.0,1798.0,960.0,949.0,1524.4285714285713,1535.5714285714287,1488.1,45.79,45.34,74.22,74.62,50.1,50.1,121.1,121.1,1970.0
2020-08-28,1488.0,2218.0,1617.0,958.0,45.22,73.11,50.1,121.1,2020,8,3,4,1504.0,1568.0,1506.0,1710.0,2264.0,2347.0,1619.0,1757.0,958.0,954.0,1512.7142857142858,1535.7857142857142,1481.6,44.84,45.21,73.89,74.85,50.1,50.1,121.1,121.1,1892.0
2020-08-31,1475.25,2186.5,1607.25,958.0,45.595,73.25,50.1,121.1,2020,8,3,0,1488.0,1518.0,1510.0,1678.0,2218.0,2239.0,1617.0,1700.0,958.0,957.0,1501.2857142857142,1534.5,1474.2,45.22,44.56,73.11,75.01,50.1,50.1,121.1,121.1,1807.0
2020-09-01,1471.0,2176.0,1604.0,958.0,45.72,73.0,54.6,123.8,2020,9,3,1,1475.25,1481.0,1540.0,1594.0,2186.5,2160.0,1607.25,1653.0,958.0,962.0,1495.1785714285713,1532.017857142857,1467.4416666666666,45.595,43.94,73.25,74.92,50.1,50.1,121.1,121.1,1732.0
2020-09-02,1445.0,2127.0,1568.0,959.0,42.7,73.27,54.6,123.8,2020,9,3,2,1471.0,1491.0,1577.0,1473.0,2176.0,2207.0,1604.0,1632.0,958.0,965.0,1493.75,1527.0892857142858,1463.3416666666667,45.72,44.43,73.0,74.17,54.6,50.1,123.8,121.1,1637.0
2020-09-03,1395.0,2019.0,1515.0,958.0,42.72,73.39,54.6,123.8,2020,9,3,3,1445.0,1518.0,1595.0,1388.0,2127.0,2293.0,1568.0,1629.0,959.0,964.0,1487.1785714285713,1517.6607142857142,1462.4083333333333,42.7,46.01,73.27,74.2,54.6,50.1,123.8,121.1,1561.0
2020-09-04,1362.0,1960.0,1473.0,953.0,41.1,73.29,54.6,123.8,2020,9,3,4,1395.0,1509.0,1598.0,1317.0,2019.0,2278.0,1515.0,1616.0,958.0,960.0,1469.607142857143,1503.375,1462.6416666666667,42.72,45.79,73.39,74.22,54.6,50.1,123.8,121.1,1477.0
2020-09-07,1349.0,1942.0,1449.0,949.0,40.67,73.6575,54.6,123.8,2020,9,3,0,1362.0,1504.0,1586.0,1293.0,1960.0,2264.0,1473.0,1619.0,953.0,958.0,1448.607142857143,1486.517857142857,1464.1416666666667,41.1,44.84,73.29,73.89,54.6,50.1,123.8,121.1,1409.0
2020-09-08,1328.0,1916.0,1414.0,941.0,38.53,73.78,54.6,123.8,2020,9,3,1,1349.0,1488.0,1568.0,1264.0,1942.0,2218.0,1449.0,1617.0,949.0,958.0,1426.4642857142858,1469.5892857142858,1466.0083333333334,40.67,45.22,73.6575,73.11,54.6,50.1,123.8,121.1,1350.0
2020-09-09,1296.0,1867.0,1370.0,931.0,39.98,73.38,54.6,123.8,2020,9,3,2,1328.0,1475.25,1518.0,1317.0,1916.0,2186.5,1414.0,1607.25,941.0,958.0,1403.607142857143,1452.4464285714287,1468.1416666666667,38.53,45.595,73.78,73.25,54.6,50.1,123.8,121.1,1346.0
2020-09-10,1269.0,1818.0,1337.0,923.0,39.27,73.43,54.6,123.8,2020,9,3,3,1296.0,1471.0,1481.0,1348.0,1867.0,2176.0,1370.0,1604.0,931.0,958.0,1378.0,1436.5892857142858,1467.4416666666666,39.98,45.72,73.38,73.0,54.6,54.6,123.8,123.8,1401.0
2020-09-11,1267.0,1839.0,1313.0,917.0,38.8,73.45,54.6,123.8,2020,9,3,4,1269.0,1445.0,1491.0,1350.0,1818.0,2127.0,1337.0,1568.0,923.0,959.0,1349.142857142857,1421.4464285714287,1464.8083333333334,39.27,42.7,73.43,73.27,54.6,54.6,123.8,123.8,1415.0
2020-09-14,1282.0,1898.0,1300.0,914.0,38.57,73.42,54.6,123.8,2020,9,3,0,1267.0,1395.0,1518.0,1385.0,1839.0,2019.0,1313.0,1515.0,917.0,958.0,1323.7142857142858,1405.4464285714287,1462.0416666666667,38.8,42.72,73.45,73.39,54.6,54.6,123.8,123.8,1402.0
2020-09-15,1289.0,1922.0,1296.0,912.0,39.54,73.57,54.6,123.8,2020,9,3,1,1282.0,1362.0,1509.0,1414.0,1898.0,1960.0,1300.0,1473.0,914.0,953.0,1307.5714285714287,1388.5892857142858,1458.6083333333333,38.57,41.1,73.42,73.29,54.6,54.6,123.8,123.8,1413.0
2020-09-16,1281.0,1889.0,1299.0,921.0,41.23,73.54,54.6,123.8,2020,9,3,2,1289.0,1349.0,1504.0,1443.0,1922.0,1942.0,1296.0,1449.0,912.0,949.0,1297.142857142857,1372.875,1454.4416666666666,39.54,40.67,73.57,73.6575,54.6,54.6,123.8,123.8,1384.0
2020-09-17,1294.0,1914.0,1305.0,930.0,42.35,73.6,54.6,123.8,2020,9,3,3,1281.0,1328.0,1488.0,1472.0,1889.0,1916.0,1299.0,1414.0,921.0,941.0,1287.4285714285713,1356.9464285714287,1449.0416666666667,41.23,38.53,73.54,73.78,54.6,54.6,123.8,123.8,1297.0
2020-09-18,1296.0,1900.0,1315.0,941.0,42.16,73.54,54.6,123.8,2020,9,3,4,1294.0,1296.0,1475.25,1501.0,1914.0,1867.0,1305.0,1370.0,930.0,931.0,1282.5714285714287,1343.0892857142858,1443.1083333333333,42.35,39.98,73.6,73.38,54.6,54.6,123.8,123.8,1283.0
2020-09-21,1314.0,1940.0,1321.0,950.0,40.37,73.58,54.6,123.8,2020,9,3,0,1296.0,1269.0,1471.0,1506.0,1900.0,1818.0,1315.0,1337.0,941.0,923.0,1282.5714285714287,1330.2857142857142,1436.275,42.16,39.27,73.54,73.43,54.6,54.6,123.8,123.8,1284.0
2020-09-22,1364.0,2078.0,1326.0,960.0,40.84,73.5,54.6,123.8,2020,9,3,1,1314.0,1267.0,1445.0,1510.0,1940.0,1839.0,1321.0,1313.0,950.0,917.0,1289.0,1319.0714285714287,1429.875,40.37,38.8,73.58,73.45,54.6,54.6,123.8,123.8,1263.0
2020-09-23,1426.0,2242.0,1339.0,971.0,41.09,73.53,54.6,123.8,2020,9,3,2,1364.0,1282.0,1395.0,1540.0,2078.0,1898.0,1326.0,1300.0,960.0,914.0,1302.857142857143,1313.2857142857142,1425.0083333333334,40.84,38.57,73.5,73.42,54.6,54.6,123.8,123.8,1224.0
2020-09-24,1605.0,2754.0,1361.0,983.0,41.24,73.9,54.6,123.8,2020,9,3,3,1426.0,1289.0,1362.0,1577.0,2242.0,1922.0,1339.0,1296.0,971.0,912.0,1323.4285714285713,1315.5,1421.2083333333333,41.09,39.54,73.53,73.57,54.6,54.6,123.8,123.8,1194.0
2020-09-25,1667.0,2915.0,1380.0,992.0,40.91,73.71,54.6,123.8,2020,9,3,4,1605.0,1281.0,1349.0,1595.0,2754.0,1889.0,1361.0,1299.0,983.0,921.0,1368.5714285714287,1332.857142857143,1422.1416666666667,41.24,41.23,73.9,73.54,54.6,54.6,123.8,123.8,1196.0
2020-09-28,1654.0,2862.0,1390.0,998.0,41.59,73.79,54.6,123.8,2020,9,3,0,1667.0,1294.0,1328.0,1598.0,2915.0,1914.0,1380.0,1305.0,992.0,930.0,1423.7142857142858,1355.5714285714287,1424.5416666666667,40.91,42.35,73.71,73.6,54.6,54.6,123.8,123.8,1207.0
2020-09-29,1658.0,2871.0,1391.0,999.0,40.33,73.78,54.6,123.8,2020,9,3,1,1654.0,1296.0,1296.0,1586.0,2862.0,1900.0,1390.0,1315.0,998.0,941.0,1475.142857142857,1378.857142857143,1426.4083333333333,41.59,42.16,73.79,73.54,54.6,54.6,123.8,123.8,1200.0
2020-09-30,1725.0,3091.0,1374.0,995.0,40.3,73.54,54.6,123.8,2020,9,3,2,1658.0,1314.0,1269.0,1568.0,2871.0,1940.0,1391.0,1321.0,999.0,950.0,1526.857142857143,1404.7142857142858,1428.8083333333334,40.33,40.37,73.78,73.58,54.6,54.6,123.8,123.8,1141.0
2020-10-01,1869.0,3537.0,1364.0,992.0,39.75,73.18,58.4,119.8,2020,10,4,3,1725.0,1364.0,1267.0,1518.0,3091.0,2078.0,1374.0,1326.0,995.0,960.0,1585.5714285714287,1437.2857142857142,1434.0416666666667,40.3,40.84,73.54,73.5,54.6,54.6,123.8,123.8,1124.0
2020-10-02,2020.0,3987.0,1373.0,991.0,38.0,73.35,58.4,119.8,2020,10,4,4,1869.0,1426.0,1282.0,1481.0,3537.0,2242.0,1364.0,1339.0,992.0,971.0,1657.7142857142858,1480.2857142857142,1445.7416666666666,39.75,41.09,73.18,73.53,58.4,54.6,119.8,123.8,1120.75
2020-10-05,2071.0,4135.0,1383.0,988.0,39.78,73.09,58.4,119.8,2020,10,4,0,2020.0,1605.0,1289.0,1491.0,3987.0,2754.0,1373.0,1361.0,991.0,983.0,1742.5714285714287,1533.0,1463.7083333333333,38.0,41.24,73.35,73.9,58.4,54.6,119.8,123.8,1111.0
2020-10-06,2097.0,4208.0,1394.0,985.0,41.27,73.4,58.4,119.8,2020,10,4,1,2071.0,1667.0,1281.0,1518.0,4135.0,2915.0,1383.0,1380.0,988.0,992.0,1809.142857142857,1588.857142857143,1483.0416666666667,39.78,40.91,73.09,73.71,58.4,54.6,119.8,123.8,1112.0
2020-10-07,2044.0,4035.0,1410.0,985.0,40.62,73.28,58.4,119.8,2020,10,4,2,2097.0,1654.0,1294.0,1509.0,4208.0,2862.0,1394.0,1390.0,985.0,998.0,1870.5714285714287,1647.142857142857,1502.3416666666667,41.27,41.59,73.4,73.79,58.4,54.6,119.8,123.8,1115.0
2020-10-08,1970.0,3799.0,1428.0,984.0,42.0,73.33,58.4,119.8,2020,10,4,3,2044.0,1658.0,1296.0,1504.0,4035.0,2871.0,1410.0,1391.0,985.0,999.0,1926.2857142857142,1700.7142857142858,1520.175,40.62,40.33,73.28,73.78,58.4,54.6,119.8,123.8,1134.0
2020-10-09,1892.0,3555.0,1439.0,982.0,41.63,72.98,58.4,119.8,2020,10,4,4,1970.0,1725.0,1314.0,1488.0,3799.0,3091.0,1428.0,1374.0,984.0,995.0,1970.857142857143,1748.857142857143,1535.7083333333333,42.0,40.3,73.33,73.54,58.4,54.6,119.8,123.8,1148.0
2020-10-12,1807.0,3296.0,1443.0,982.0,40.5,73.33250000000001,58.4,119.8,2020,10,4,0,1892.0,1869.0,1364.0,1475.25,3555.0,3537.0,1439.0,1364.0,982.0,992.0,1994.7142857142858,1790.142857142857,1549.175,41.63,39.75,72.98,73.18,58.4,58.4,119.8,119.8,1169.0
2020-10-13,1732.0,3074.0,1436.0,982.0,41.34,73.45,58.4,119.8,2020,10,4,1,1807.0,2020.0,1426.0,1471.0,3296.0,3987.0,1443.0,1373.0,982.0,991.0,1985.857142857143,1821.7857142857142,1560.2333333333333,40.5,38.0,73.33250000000001,73.35,58.4,58.4,119.8,119.8,1178.0
2020-10-14,1637.0,2810.0,1413.0,980.0,41.81,73.24,58.4,119.8,2020,10,4,2,1732.0,2071.0,1605.0,1445.0,3074.0,4135.0,1436.0,1383.0,982.0,988.0,1944.7142857142858,1843.642857142857,1568.9333333333334,41.34,39.78,73.45,73.09,58.4,58.4,119.8,119.8,1197.0
2020-10-15,1561.0,2621.0,1365.0,977.0,41.61,73.48,58.4,119.8,2020,10,4,3,1637.0,2097.0,1667.0,1395.0,2810.0,4208.0,1413.0,1394.0,980.0,985.0,1882.7142857142858,1845.9285714285713,1575.3333333333333,41.81,41.27,73.24,73.4,58.4,58.4,119.8,119.8,1219.0
2020-10-16,1477.0,2406.0,1323.0,976.0,41.34,73.42,58.4,119.8,2020,10,4,4,1561.0,2044.0,1654.0,1362.0,2621.0,4035.0,1365.0,1410.0,977.0,985.0,1806.142857142857,1838.357142857143,1580.8666666666666,41.61,40.62,73.48,73.28,58.4,58.4,119.8,119.8,1230.0
2020-10-19,1409.0,2219.0,1298.0,976.0,41.29,73.31,58.4,119.8,2020,10,4,0,1477.0,1970.0,1658.0,1349.0,2406.0,3799.0,1323.0,1428.0,976.0,984.0,1725.142857142857,1825.7142857142858,1584.7,41.34,42.0,73.42,73.33,58.4,58.4,119.8,119.8,1227.0
2020-10-20,1350.0,2064.0,1273.0,973.0,41.62,73.47,58.4,119.8,2020,10,4,1,1409.0,1892.0,1725.0,1328.0,2219.0,3555.0,1298.0,1439.0,976.0,982.0,1645.0,1807.9285714285713,1586.7,41.29,41.63,73.31,72.98,58.4,58.4,119.8,119.8,1211.0
2020-10-21,1346.0,2068.0,1257.0,972.0,40.09,73.62,58.4,119.8,2020,10,4,2,1350.0,1807.0,1869.0,1296.0,2064.0,3296.0,1273.0,1443.0,973.0,982.0,1567.5714285714287,1781.142857142857,1587.4333333333334,41.62,40.5,73.47,73.33250000000001,58.4,58.4,119.8,119.8,1201.0
2020-10-22,1401.0,2235.0,1255.0,972.0,41.28,73.65,58.4,119.8,2020,10,4,3,1346.0,1732.0,2020.0,1269.0,2068.0,3074.0,1257.0,1436.0,972.0,982.0,1501.7142857142858,1743.7857142857142,1589.1,40.09,41.34,73.62,73.45,58.4,58.4,119.8,119.8,1189.0
2020-10-23,1415.0,2261.0,1274.0,972.0,40.71,73.86,58.4,119.8,2020,10,4,4,1401.0,1637.0,2071.0,1267.0,2235.0,2810.0,1255.0,1413.0,972.0,980.0,1454.4285714285713,1699.5714285714287,1593.5,41.28,41.81,73.65,73.24,58.4,58.4,119.8,119.8,1197.0
2020-10-26,1402.0,2207.0,1291.0,972.0,39.06,73.93,58.4,119.8,2020,10,4,0,1415.0,1561.0,2097.0,1282.0,2261.0,2621.0,1274.0,1365.0,972.0,977.0,1422.7142857142858,1652.7142857142858,1598.4333333333334,40.71,41.61,73.86,73.48,58.4,58.4,119.8,119.8,1162.0
2020-10-27,1413.0,2244.0,1295.0,968.0,39.72,73.62,58.4,119.8,2020,10,4,1,1402.0,1477.0,2044.0,1289.0,2207.0,2406.0,1291.0,1323.0,972.0,976.0,1400.0,1603.0714285714287,1602.4333333333334,39.06,41.34,73.93,73.42,58.4,58.4,119.8,119.8,1121.0
2020-10-28,1384.0,2156.0,1300.0,962.0,37.86,74.19,58.4,119.8,2020,10,4,2,1413.0,1409.0,1970.0,1281.0,2244.0,2219.0,1295.0,1298.0,968.0,976.0,1390.857142857143,1558.0,1606.5666666666666,39.72,41.29,73.62,73.31,58.4,58.4,119.8,119.8,1122.0
2020-10-29,1297.0,1903.0,1297.0,958.0,36.56,74.42,58.4,119.8,2020,10,4,3,1384.0,1350.0,1892.0,1294.0,2156.0,2064.0,1300.0,1273.0,962.0,973.0,1387.2857142857142,1516.142857142857,1610.0,37.86,41.62,74.19,73.47,58.4,58.4,119.8,119.8,1161.0
2020-10-30,1283.0,1875.0,1289.0,949.0,36.33,74.59,58.4,119.8,2020,10,4,4,1297.0,1346.0,1807.0,1296.0,1903.0,2068.0,1297.0,1257.0,958.0,972.0,1379.7142857142858,1473.642857142857,1610.1,36.56,40.09,74.42,73.62,58.4,58.4,119.8,119.8,1211.0
2020-11-02,1284.0,1895.0,1275.0,943.0,37.78,74.51,64.4,124.4,2020,11,4,0,1283.0,1401.0,1732.0,1314.0,1875.0,2235.0,1289.0,1255.0,949.0,972.0,1370.7142857142858,1436.2142857142858,1609.6666666666667,36.33,41.28,74.59,73.65,58.4,58.4,119.8,119.8,1235.0
2020-11-03,1263.0,1862.0,1250.0,932.0,38.17,74.61,64.4,124.4,2020,11,4,1,1284.0,1415.0,1637.0,1364.0,1895.0,2261.0,1275.0,1274.0,943.0,972.0,1354.0,1404.2142857142858,1608.6666666666667,37.78,40.71,74.51,73.86,64.4,58.4,124.4,119.8,1273.0
2020-11-04,1224.0,1771.0,1231.0,922.0,39.68,74.36,64.4,124.4,2020,11,4,2,1263.0,1402.0,1561.0,1426.0,1862.0,2207.0,1250.0,1291.0,932.0,972.0,1332.2857142857142,1377.5,1605.3,38.17,39.06,74.61,73.93,64.4,58.4,124.4,119.8,1296.0
2020-11-05,1194.0,1709.0,1209.0,912.0,39.47,73.93,64.4,124.4,2020,11,4,3,1224.0,1413.0,1477.0,1605.0,1771.0,2244.0,1231.0,1295.0,922.0,968.0,1306.857142857143,1353.4285714285713,1598.5666666666666,39.68,39.72,74.36,73.62,64.4,58.4,124.4,119.8,1301.0
2020-11-06,1196.0,1739.0,1190.0,901.0,38.08,73.96,64.4,124.4,2020,11,4,4,1194.0,1384.0,1409.0,1667.0,1709.0,2156.0,1209.0,1300.0,912.0,962.0,1275.5714285714287,1333.2142857142858,1584.8666666666666,39.47,37.86,73.93,74.19,64.4,58.4,124.4,119.8,1325.0
2020-11-09,1207.0,1790.0,1181.0,893.0,40.93,74.03,64.4,124.4,2020,11,4,0,1196.0,1297.0,1350.0,1654.0,1739.0,1903.0,1190.0,1297.0,901.0,958.0,1248.7142857142858,1318.0,1569.1666666666667,38.08,36.56,73.96,74.42,64.4,58.4,124.4,119.8,1323.0
2020-11-10,1200.0,1782.0,1170.0,888.0,42.25,74.31,64.4,124.4,2020,11,4,1,1207.0,1283.0,1346.0,1658.0,1790.0,1875.0,1181.0,1289.0,893.0,949.0,1235.857142857143,1307.7857142857142,1554.2666666666667,40.93,36.33,74.03,74.59,64.4,58.4,124.4,119.8,1330.0
2020-11-11,1141.0,1613.0,1165.0,882.0,42.5,74.47,64.4,124.4,2020,11,4,2,1200.0,1284.0,1401.0,1725.0,1782.0,1895.0,1170.0,1275.0,888.0,943.0,1224.0,1297.357142857143,1539.0,42.25,37.78,74.31,74.51,64.4,64.4,124.4,124.4,1362.0
2020-11-12,1124.0,1550.0,1177.0,884.0,42.16,74.63,64.4,124.4,2020,11,4,3,1141.0,1263.0,1415.0,1869.0,1613.0,1862.0,1165.0,1250.0,882.0,932.0,1203.5714285714287,1278.7857142857142,1519.5333333333333,42.5,38.17,74.47,74.61,64.4,64.4,124.4,124.4,1366.0
2020-11-13,1120.75,1507.0,1198.0,884.0,41.51,74.56,64.4,124.4,2020,11,4,4,1124.0,1224.0,1402.0,2020.0,1550.0,1771.0,1177.0,1231.0,884.0,922.0,1183.7142857142858,1258.0,1494.7,42.16,39.68,74.63,74.36,64.4,64.4,124.4,124.4,1368.909090909091
2020-11-16,1111.0,1481.0,1214.0,884.0,42.71,74.41,64.4,124.4,2020,11,4,0,1120.75,1194.0,1413.0,2071.0,1507.0,1709.0,1198.0,1209.0,884.0,912.0,1168.9642857142858,1237.9107142857142,1464.725,41.51,39.47,74.56,73.93,64.4,64.4,124.4,124.4,1369.6363636363635
2020-11-17,1112.0,1450.0,1252.0,888.0,42.54,74.42,64.4,124.4,2020,11,4,1,1111.0,1196.0,1384.0,2097.0,1481.0,1739.0,1214.0,1190.0,884.0,901.0,1157.107142857143,1216.3392857142858,1432.725,42.71,38.08,74.41,73.96,64.4,64.4,124.4,124.4,1370.3636363636365
2020-11-18,1115.0,1414.0,1291.0,900.0,42.91,74.1,64.4,124.4,2020,11,4,2,1112.0,1207.0,1297.0,2044.0,1450.0,1790.0,1252.0,1181.0,888.0,893.0,1145.107142857143,1196.9107142857142,1399.8916666666667,42.54,40.93,74.42,74.03,64.4,64.4,124.4,124.4,1371.090909090909
2020-11-19,1134.0,1430.0,1326.0,915.0,43.09,74.16,64.4,124.4,2020,11,4,3,1115.0,1200.0,1283.0,1970.0,1414.0,1782.0,1291.0,1170.0,900.0,888.0,1131.9642857142858,1183.9107142857142,1368.925,42.91,42.25,74.1,74.31,64.4,64.4,124.4,124.4,1374.0
2020-11-20,1148.0,1435.0,1353.0,930.0,43.79,74.12,64.4,124.4,2020,11,4,4,1134.0,1141.0,1284.0,1892.0,1430.0,1613.0,1326.0,1165.0,915.0,882.0,1122.5357142857142,1173.267857142857,1341.0583333333334,43.09,42.5,74.16,74.47,64.4,64.4,124.4,124.4,1418.0
2020-11-23,1169.0,1450.0,1384.0,952.0,45.0,74.21,64.4,124.4,2020,11,4,0,1148.0,1124.0,1263.0,1807.0,1435.0,1550.0,1353.0,1177.0,930.0,884.0,1123.5357142857142,1163.5535714285713,1316.2583333333334,43.79,42.16,74.12,74.63,64.4,64.4,124.4,124.4,1425.0
2020-11-24,1178.0,1447.0,1398.0,973.0,46.63,74.08,64.4,124.4,2020,11,4,1,1169.0,1120.75,1224.0,1732.0,1450.0,1507.0,1384.0,1198.0,952.0,884.0,1129.9642857142858,1156.8392857142858,1294.9916666666666,45.0,41.51,74.21,74.56,64.4,64.4,124.4,124.4,1448.0
2020-11-25,1197.0,1469.0,1413.0,995.0,47.3,73.75,64.4,124.4,2020,11,4,2,1178.0,1111.0,1194.0,1637.0,1447.0,1481.0,1398.0,1214.0,973.0,884.0,1138.142857142857,1153.5535714285713,1276.525,46.63,42.71,74.08,74.41,64.4,64.4,124.4,124.4,1606.0
2020-11-26,1219.0,1509.0,1426.0,1011.0,46.32,73.802,64.4,124.4,2020,11,4,3,1197.0,1112.0,1196.0,1561.0,1469.0,1450.0,1413.0,1252.0,995.0,888.0,1150.4285714285713,1153.767857142857,1261.8583333333333,47.3,42.54,73.75,74.42,64.4,64.4,124.4,124.4,1761.0
2020-11-27,1230.0,1533.0,1429.0,1018.0,46.88,73.854,64.4,124.4,2020,11,4,4,1219.0,1115.0,1207.0,1477.0,1509.0,1414.0,1426.0,1291.0,1011.0,900.0,1165.7142857142858,1155.4107142857142,1250.4583333333333,46.32,42.91,73.802,74.1,64.4,64.4,124.4,124.4,1849.0
2020-11-30,1227.0,1522.0,1427.0,1022.0,46.84,74.01,64.4,124.4,2020,11,4,0,1230.0,1134.0,1200.0,1409.0,1533.0,1430.0,1429.0,1326.0,1018.0,915.0,1182.142857142857,1157.0535714285713,1242.225,46.88,43.09,73.854,74.16,64.4,64.4,124.4,124.4,1856.0
2020-12-01,1211.0,1487.0,1410.0,1020.0,47.03,73.51,83.0,155.4,2020,12,4,1,1227.0,1148.0,1141.0,1350.0,1522.0,1435.0,1427.0,1353.0,1022.0,930.0,1195.4285714285713,1158.982142857143,1236.1583333333333,46.84,43.79,74.01,74.12,64.4,64.4,124.4,124.4,1792.0
2020-12-02,1201.0,1486.0,1379.0,1019.0,47.8,73.72,83.0,155.4,2020,12,4,2,1211.0,1169.0,1124.0,1346.0,1487.0,1450.0,1410.0,1384.0,1020.0,952.0,1204.4285714285713,1163.982142857143,1231.525,47.03,45.0,73.51,74.21,83.0,64.4,155.4,124.4,1754.0
2020-12-03,1189.0,1480.0,1345.0,1015.0,48.37,73.8,83.0,155.4,2020,12,4,3,1201.0,1178.0,1120.75,1401.0,1486.0,1447.0,1379.0,1398.0,1019.0,973.0,1209.0,1169.482142857143,1226.6916666666666,47.8,46.63,73.72,74.08,83.0,64.4,155.4,124.4,1740.0
2020-12-04,1197.0,1520.0,1331.0,1011.0,49.1,73.78,83.0,155.4,2020,12,4,4,1189.0,1197.0,1111.0,1415.0,1480.0,1469.0,1345.0,1413.0,1015.0,995.0,1210.5714285714287,1174.357142857143,1219.625,48.37,47.3,73.8,73.75,83.0,64.4,155.4,124.4,1766.0
2020-12-07,1162.0,1419.0,1325.0,1011.0,48.63,73.83,83.0,155.4,2020,12,4,0,1197.0,1219.0,1112.0,1402.0,1520.0,1509.0,1331.0,1426.0,1011.0,1011.0,1210.5714285714287,1180.5,1212.3583333333333,49.1,46.32,73.78,73.802,83.0,64.4,155.4,124.4,1828.0
2020-12-08,1121.0,1279.0,1344.0,1012.0,48.84,73.68,83.0,155.4,2020,12,4,1,1162.0,1230.0,1115.0,1413.0,1419.0,1533.0,1325.0,1429.0,1011.0,1018.0,1202.4285714285713,1184.0714285714287,1204.3583333333333,48.63,46.88,73.83,73.854,83.0,64.4,155.4,124.4,1837.0
2020-12-09,1122.0,1241.0,1388.0,1017.0,48.81,73.71,83.0,155.4,2020,12,4,2,1121.0,1227.0,1134.0,1384.0,1279.0,1522.0,1344.0,1427.0,1012.0,1022.0,1186.857142857143,1184.5,1194.625,48.84,46.84,73.68,74.01,83.0,64.4,155.4,124.4,1810.0
2020-12-10,1161.0,1320.0,1427.0,1023.0,50.33,73.72,83.0,155.4,2020,12,4,3,1122.0,1211.0,1148.0,1297.0,1241.0,1487.0,1388.0,1410.0,1017.0,1020.0,1171.857142857143,1183.642857142857,1185.8916666666667,48.81,47.03,73.71,73.51,83.0,83.0,155.4,155.4,1765.0
2020-12-11,1211.0,1434.0,1465.0,1031.0,50.01,73.73,83.0,155.4,2020,12,4,4,1161.0,1201.0,1169.0,1283.0,1320.0,1486.0,1427.0,1379.0,1023.0,1019.0,1164.7142857142858,1184.5714285714287,1181.3583333333333,50.33,47.8,73.72,73.72,83.0,83.0,155.4,155.4,1659.0
2020-12-14,1235.0,1481.0,1485.0,1038.0,50.27,73.64,83.0,155.4,2020,12,4,0,1211.0,1189.0,1178.0,1284.0,1434.0,1480.0,1465.0,1345.0,1031.0,1015.0,1166.142857142857,1187.5714285714287,1178.9583333333333,50.01,48.37,73.73,73.8,83.0,83.0,155.4,155.4,1540.0
2020-12-15,1273.0,1583.0,1491.0,1046.0,50.77,73.56,83.0,155.4,2020,12,4,1,1235.0,1197.0,1197.0,1263.0,1481.0,1520.0,1485.0,1331.0,1038.0,1011.0,1172.7142857142858,1191.642857142857,1177.325,50.27,49.1,73.64,73.78,83.0,83.0,155.4,155.4,1470.0
2020-12-16,1296.0,1667.0,1466.0,1054.0,50.83,73.65,83.0,155.4,2020,12,4,2,1273.0,1162.0,1219.0,1224.0,1583.0,1419.0,1491.0,1325.0,1046.0,1011.0,1183.5714285714287,1197.0714285714287,1177.6583333333333,50.77,48.63,73.56,73.83,83.0,83.0,155.4,155.4,1452.0
2020-12-17,1301.0,1705.0,1433.0,1057.0,51.2,73.53,83.0,155.4,2020,12,4,3,1296.0,1121.0,1230.0,1194.0,1667.0,1279.0,1466.0,1344.0,1054.0,1012.0,1202.7142857142858,1202.5714285714287,1180.0583333333334,50.83,48.84,73.65,73.68,83.0,83.0,155.4,155.4,1444.0
2020-12-18,1325.0,1802.0,1402.0,1057.0,52.17,73.53,83.0,155.4,2020,12,4,4,1301.0,1122.0,1227.0,1196.0,1705.0,1241.0,1433.0,1388.0,1057.0,1017.0,1228.4285714285713,1207.642857142857,1183.625,51.2,48.81,73.53,73.71,83.0,83.0,155.4,155.4,1380.0
2020-12-21,1323.0,1819.0,1377.0,1054.0,50.61,74.03,83.0,155.4,2020,12,4,0,1325.0,1161.0,1211.0,1207.0,1802.0,1320.0,1402.0,1427.0,1057.0,1023.0,1257.4285714285713,1214.642857142857,1187.925,52.17,50.33,73.53,73.72,83.0,83.0,155.4,155.4,1327.0
2020-12-22,1330.0,1865.0,1352.0,1048.0,49.88,73.85,83.0,155.4,2020,12,4,1,1323.0,1211.0,1201.0,1200.0,1819.0,1434.0,1377.0,1465.0,1054.0,1031.0,1280.5714285714287,1222.642857142857,1191.7916666666667,50.61,50.01,74.03,73.73,83.0,83.0,155.4,155.4,1327.0
2020-12-23,1362.0,1979.0,1333.0,1047.0,51.05,73.77,83.0,155.4,2020,12,4,2,1330.0,1235.0,1189.0,1141.0,1865.0,1481.0,1352.0,1485.0,1048.0,1038.0,1297.5714285714287,1231.857142857143,1196.125,49.88,50.27,73.85,73.64,83.0,83.0,155.4,155.4,1333.0
2020-12-24,1366.0,2006.0,1325.0,1039.0,50.88,73.716,83.0,155.4,2020,12,4,3,1362.0,1273.0,1197.0,1124.0,1979.0,1583.0,1333.0,1491.0,1047.0,1046.0,1315.7142857142858,1244.2142857142858,1203.4916666666666,51.05,50.77,73.77,73.56,83.0,83.0,155.4,155.4,1317.0
2020-12-28,1368.909090909091,2006.7272727272727,1339.1818181818182,1035.0,50.88,73.5,83.0,155.4,2020,12,4,0,1366.0,1296.0,1162.0,1120.75,2006.0,1667.0,1325.0,1466.0,1039.0,1054.0,1329.0,1256.2857142857142,1211.5583333333334,50.88,50.83,73.716,73.65,83.0,83.0,155.4,155.4,1306.0
2020-12-29,1369.6363636363635,2006.909090909091,1342.7272727272727,1034.0,50.44,73.33,83.0,155.4,2020,12,4,1,1368.909090909091,1301.0,1121.0,1111.0,2006.7272727272727,1705.0,1339.1818181818182,1433.0,1035.0,1057.0,1339.4155844155846,1271.064935064935,1219.830303030303,50.88,51.2,73.5,73.53,83.0,83.0,155.4,155.4,1303.0
2020-12-30,1370.3636363636365,2007.090909090909,1346.2727272727273,1033.0,50.74,73.13,83.0,155.4,2020,12,4,2,1369.6363636363635,1325.0,1122.0,1112.0,2006.909090909091,1802.0,1342.7272727272727,1402.0,1034.0,1057.0,1349.2207792207791,1288.8246753246754,1228.4515151515152,50.44,52.17,73.33,73.53,83.0,83.0,155.4,155.4,1313.0
2020-12-31,1371.090909090909,2007.2727272727277,1349.8181818181818,1032.0,51.22,73.01,83.0,155.4,2020,12,4,3,1370.3636363636365,1323.0,1161.0,1115.0,2007.090909090909,1819.0,1346.2727272727273,1377.0,1033.0,1054.0,1355.7012987012988,1306.564935064935,1237.0636363636363,50.74,50.61,73.13,74.03,83.0,83.0,155.4,155.4,1339.0
2021-01-04,1374.0,2008.0,1364.0,1028.0,50.37,73.08,86.8,169.6,2021,1,1,0,1371.090909090909,1330.0,1211.0,1134.0,2007.2727272727277,1865.0,1349.8181818181818,1352.0,1032.0,1048.0,1362.5714285714287,1321.5714285714287,1245.6,51.22,49.88,73.01,73.85,83.0,83.0,155.4,155.4,1364.0
2021-01-05,1418.0,2099.0,1422.0,1022.0,53.16,73.15,86.8,169.6,2021,1,1,1,1374.0,1362.0,1235.0,1148.0,2008.0,1979.0,1364.0,1333.0,1028.0,1047.0,1368.857142857143,1333.2142857142858,1253.6,50.37,51.05,73.08,73.77,86.8,83.0,169.6,155.4,1495.0
2021-01-06,1425.0,2087.0,1463.0,1022.0,53.8,73.15,86.8,169.6,2021,1,1,2,1418.0,1366.0,1273.0,1169.0,2099.0,2006.0,1422.0,1325.0,1022.0,1039.0,1376.857142857143,1346.2857142857142,1262.6,53.16,50.88,73.15,73.716,86.8,83.0,169.6,155.4,1756.0
2021-01-07,1448.0,2122.0,1504.0,1023.0,53.7,73.43,86.8,169.6,2021,1,1,3,1425.0,1368.909090909091,1296.0,1178.0,2087.0,2006.7272727272727,1463.0,1339.1818181818182,1022.0,1035.0,1385.2857142857142,1357.142857142857,1271.1333333333334,53.8,50.88,73.15,73.5,86.8,83.0,169.6,155.4,1770.0
2021-01-08,1606.0,2548.0,1559.0,1029.0,55.51,73.31,86.8,169.6,2021,1,1,4,1448.0,1369.6363636363635,1301.0,1197.0,2122.0,2006.909090909091,1504.0,1342.7272727272727,1023.0,1034.0,1396.5844155844154,1368.0,1280.1333333333334,53.7,50.44,73.43,73.33,86.8,83.0,169.6,155.4,1698.0
2021-01-11,1761.0,2955.0,1620.0,1039.0,54.84,73.5,86.8,169.6,2021,1,1,0,1606.0,1370.3636363636365,1325.0,1219.0,2548.0,2007.090909090909,1559.0,1346.2727272727273,1029.0,1033.0,1430.3506493506495,1389.7857142857142,1293.7666666666667,55.51,50.74,73.31,73.13,86.8,83.0,169.6,155.4,1709.0
2021-01-12,1849.0,3186.0,1645.0,1055.0,55.98,73.26,86.8,169.6,2021,1,1,1,1761.0,1371.090909090909,1323.0,1230.0,2955.0,2007.2727272727277,1620.0,1349.8181818181818,1039.0,1032.0,1486.155844155844,1420.9285714285713,1311.8333333333333,54.84,51.22,73.5,73.01,86.8,83.0,169.6,155.4,1727.0
2021-01-13,1856.0,3194.0,1645.0,1067.0,55.52,73.07,86.8,169.6,2021,1,1,2,1849.0,1374.0,1330.0,1227.0,3186.0,2008.0,1645.0,1364.0,1055.0,1028.0,1554.4285714285713,1458.5,1332.4666666666667,55.98,50.37,73.26,73.08,86.8,86.8,169.6,169.6,1709.0
2021-01-14,1792.0,3012.0,1618.0,1080.0,55.76,73.11,86.8,169.6,2021,1,1,3,1856.0,1418.0,1362.0,1211.0,3194.0,2099.0,1645.0,1422.0,1067.0,1022.0,1623.2857142857142,1496.0714285714287,1353.4333333333334,55.52,53.16,73.07,73.15,86.8,86.8,169.6,169.6,1700.0
2021-01-15,1754.0,2893.0,1616.0,1086.0,54.8,73.08,86.8,169.6,2021,1,1,4,1792.0,1425.0,1366.0,1201.0,3012.0,2087.0,1618.0,1463.0,1080.0,1022.0,1676.7142857142858,1526.7857142857142,1372.8,55.76,53.8,73.11,73.15,86.8,86.8,169.6,169.6,1675.0
2021-01-18,1740.0,2839.0,1618.0,1096.0,54.21,73.17,86.8,169.6,2021,1,1,0,1754.0,1448.0,1368.909090909091,1189.0,2893.0,2122.0,1616.0,1504.0,1086.0,1023.0,1723.7142857142858,1554.5,1391.2333333333333,54.8,53.7,73.08,73.43,86.8,86.8,169.6,169.6,1651.0
2021-01-19,1766.0,2912.0,1612.0,1104.0,55.38,73.2,86.8,169.6,2021,1,1,1,1740.0,1606.0,1369.6363636363635,1197.0,2839.0,2548.0,1618.0,1559.0,1096.0,1029.0,1765.4285714285713,1581.0064935064934,1409.6,54.21,55.51,73.17,73.31,86.8,86.8,169.6,169.6,1673.0
2021-01-20,1828.0,3082.0,1617.0,1119.0,55.66,73.08,86.8,169.6,2021,1,1,2,1766.0,1761.0,1370.3636363636365,1162.0,2912.0,2955.0,1612.0,1620.0,1104.0,1039.0,1788.2857142857142,1609.3181818181818,1428.5666666666666,55.38,54.84,73.2,73.5,86.8,86.8,169.6,169.6,1763.0
2021-01-21,1837.0,3077.0,1639.0,1133.0,55.68,72.96,86.8,169.6,2021,1,1,3,1828.0,1849.0,1371.090909090909,1121.0,3082.0,3186.0,1617.0,1645.0,1119.0,1055.0,1797.857142857143,1642.0064935064934,1450.7666666666667,55.66,55.98,73.08,73.26,86.8,86.8,169.6,169.6,1779.0
2021-01-22,1810.0,2970.0,1659.0,1142.0,55.22,72.98,86.8,169.6,2021,1,1,4,1837.0,1856.0,1374.0,1122.0,3077.0,3194.0,1639.0,1645.0,1133.0,1067.0,1796.142857142857,1675.2857142857142,1474.6333333333334,55.68,55.52,72.96,73.07,86.8,86.8,169.6,169.6,1829.0
2021-01-25,1765.0,2817.0,1665.0,1152.0,55.44,73.01,86.8,169.6,2021,1,1,0,1810.0,1792.0,1418.0,1161.0,2970.0,3012.0,1659.0,1618.0,1142.0,1080.0,1789.5714285714287,1706.4285714285713,1497.5666666666666,55.22,55.76,72.98,73.11,86.8,86.8,169.6,169.6,1853.0
2021-01-26,1659.0,2497.0,1660.0,1158.0,55.26,72.9,86.8,169.6,2021,1,1,1,1765.0,1754.0,1425.0,1211.0,2817.0,2893.0,1665.0,1616.0,1152.0,1086.0,1785.7142857142858,1731.2142857142858,1517.7,55.44,54.8,73.01,73.08,86.8,86.8,169.6,169.6,1901.0
2021-01-27,1540.0,2145.0,1645.0,1163.0,55.07,73.05,86.8,169.6,2021,1,1,2,1659.0,1740.0,1448.0,1235.0,2497.0,2839.0,1660.0,1618.0,1158.0,1096.0,1772.142857142857,1747.9285714285713,1532.6333333333334,55.26,54.21,72.9,73.17,86.8,86.8,169.6,169.6,1980.0
2021-01-28,1470.0,1945.0,1631.0,1166.0,54.87,72.91,86.8,169.6,2021,1,1,3,1540.0,1766.0,1606.0,1273.0,2145.0,2912.0,1645.0,1612.0,1163.0,1104.0,1743.5714285714287,1754.5,1542.8,55.07,55.38,73.05,73.2,86.8,86.8,169.6,169.6,1970.0
2021-01-29,1452.0,1890.0,1633.0,1165.0,55.25,72.84,86.8,169.6,2021,1,1,4,1470.0,1828.0,1761.0,1296.0,1945.0,3082.0,1631.0,1617.0,1166.0,1119.0,1701.2857142857142,1744.7857142857142,1549.3666666666666,54.87,55.66,72.91,73.08,86.8,86.8,169.6,169.6,1960.0
2021-02-01,1444.0,1871.0,1630.0,1162.0,56.42,73.11,86.7,163.8,2021,2,1,0,1452.0,1837.0,1849.0,1301.0,1890.0,3077.0,1633.0,1639.0,1165.0,1133.0,1647.5714285714287,1722.7142857142858,1554.5666666666666,55.25,55.68,72.84,72.96,86.8,86.8,169.6,169.6,1983.0
2021-02-02,1380.0,1694.0,1624.0,1149.0,57.62,72.95,86.7,163.8,2021,2,1,1,1444.0,1810.0,1856.0,1325.0,1871.0,2970.0,1630.0,1659.0,1162.0,1142.0,1591.4285714285713,1693.7857142857142,1559.3333333333333,56.42,55.22,73.11,72.98,86.7,86.8,163.8,169.6,2017.0
2021-02-03,1327.0,1544.0,1623.0,1141.0,58.61,72.84,86.7,163.8,2021,2,1,2,1380.0,1765.0,1792.0,1323.0,1694.0,2817.0,1624.0,1665.0,1149.0,1152.0,1530.0,1659.7857142857142,1561.1666666666667,57.62,55.44,72.95,73.01,86.7,86.8,163.8,169.6,2105.0
2021-02-04,1327.0,1540.0,1629.0,1139.0,58.98,72.93,86.7,163.8,2021,2,1,3,1327.0,1659.0,1754.0,1330.0,1544.0,2497.0,1623.0,1660.0,1141.0,1158.0,1467.4285714285713,1626.5714285714287,1561.3,58.61,55.26,72.84,72.9,86.7,86.8,163.8,169.6,2215.0
2021-02-05,1333.0,1527.0,1662.0,1144.0,59.48,72.85,86.7,163.8,2021,2,1,4,1327.0,1540.0,1740.0,1362.0,1540.0,2145.0,1629.0,1645.0,1139.0,1163.0,1420.0,1596.0714285714287,1561.2,58.98,55.07,72.93,73.05,86.7,86.8,163.8,169.6,2281.0
2021-02-08,1317.0,1454.0,1689.0,1149.0,60.17,72.9,86.7,163.8,2021,2,1,0,1333.0,1470.0,1766.0,1366.0,1527.0,1945.0,1662.0,1631.0,1144.0,1166.0,1390.4285714285713,1567.0,1560.2333333333333,59.48,54.87,72.85,72.91,86.7,86.8,163.8,169.6,2319.0
2021-02-09,1306.0,1370.0,1740.0,1156.0,60.74,72.83,86.7,163.8,2021,2,1,1,1317.0,1452.0,1828.0,1368.909090909091,1454.0,1890.0,1689.0,1633.0,1149.0,1165.0,1368.5714285714287,1534.9285714285713,1558.6,60.17,55.25,72.9,72.84,86.7,86.8,163.8,169.6,2271.0
2021-02-10,1303.0,1296.0,1797.0,1175.0,61.17,72.82,86.7,163.8,2021,2,1,2,1306.0,1444.0,1837.0,1369.6363636363635,1370.0,1871.0,1740.0,1630.0,1156.0,1162.0,1347.7142857142858,1497.642857142857,1556.5030303030303,60.74,56.42,72.83,73.11,86.7,86.7,163.8,163.8,2194.0
2021-02-11,1313.0,1243.0,1871.0,1197.0,61.09,72.69,86.7,163.8,2021,2,1,3,1303.0,1380.0,1810.0,1370.3636363636365,1296.0,1694.0,1797.0,1624.0,1175.0,1149.0,1327.5714285714287,1459.5,1554.2818181818182,61.17,57.62,72.82,72.95,86.7,86.7,163.8,163.8,2172.0
2021-02-12,1339.0,1242.0,1944.0,1217.0,62.47,72.6,86.7,163.8,2021,2,1,4,1313.0,1327.0,1765.0,1371.090909090909,1243.0,1544.0,1871.0,1623.0,1197.0,1141.0,1318.0,1424.0,1552.369696969697,61.09,58.61,72.69,72.84,86.7,86.7,163.8,163.8,2178.0
2021-02-15,1364.0,1261.0,1997.0,1232.0,63.58,72.795,86.7,163.8,2021,2,1,0,1339.0,1327.0,1659.0,1374.0,1242.0,1540.0,1944.0,1629.0,1217.0,1139.0,1319.7142857142858,1393.5714285714287,1551.3,62.47,58.98,72.6,72.93,86.7,86.7,163.8,163.8,2162.0
2021-02-16,1495.0,1485.0,2172.0,1262.0,63.96,72.86,86.7,163.8,2021,2,1,1,1364.0,1333.0,1540.0,1418.0,1261.0,1527.0,1997.0,1662.0,1232.0,1144.0,1325.0,1372.5,1550.9666666666667,63.58,59.48,72.795,72.85,86.7,86.7,163.8,163.8,2103.0
2021-02-17,1756.0,1912.0,2518.0,1340.0,65.02,72.81,86.7,163.8,2021,2,1,2,1495.0,1317.0,1470.0,1425.0,1485.0,1454.0,2172.0,1689.0,1262.0,1149.0,1348.142857142857,1369.2857142857142,1553.5333333333333,63.96,60.17,72.86,72.9,86.7,86.7,163.8,163.8,2046.0
2021-02-18,1770.0,1892.0,2471.0,1441.0,64.09,72.65,86.7,163.8,2021,2,1,3,1756.0,1306.0,1452.0,1448.0,1912.0,1370.0,2518.0,1740.0,1340.0,1156.0,1410.857142857143,1389.7142857142858,1564.5666666666666,65.02,60.74,72.81,72.83,86.7,86.7,163.8,163.8,2072.0
2021-02-19,1698.0,1715.0,2332.0,1513.0,62.84,72.5,86.7,163.8,2021,2,1,4,1770.0,1303.0,1444.0,1606.0,1892.0,1296.0,2471.0,1797.0,1441.0,1175.0,1477.142857142857,1412.4285714285713,1575.3,64.09,61.17,72.65,72.82,86.7,86.7,163.8,163.8,2076.0
2021-02-22,1709.0,1673.0,2321.0,1598.0,64.73,72.48,86.7,163.8,2021,2,1,0,1698.0,1313.0,1380.0,1761.0,1715.0,1243.0,2332.0,1871.0,1513.0,1197.0,1533.5714285714287,1430.5714285714287,1578.3666666666666,62.84,61.09,72.5,72.69,86.7,86.7,163.8,163.8,2088.0
2021-02-23,1727.0,1594.0,2306.0,1744.0,65.16,72.44,86.7,163.8,2021,2,1,1,1709.0,1339.0,1327.0,1849.0,1673.0,1242.0,2321.0,1944.0,1598.0,1217.0,1590.142857142857,1454.0714285714287,1576.6333333333334,64.73,62.47,72.48,72.6,86.7,86.7,163.8,163.8,2092.0
2021-02-24,1709.0,1485.0,2276.0,1822.0,66.85,72.38,86.7,163.8,2021,2,1,2,1727.0,1364.0,1327.0,1856.0,1594.0,1261.0,2306.0,1997.0,1744.0,1232.0,1645.5714285714287,1482.642857142857,1572.5666666666666,65.16,63.58,72.44,72.795,86.7,86.7,163.8,163.8,2127.0
2021-02-25,1700.0,1471.0,2208.0,1866.0,66.69,72.74,86.7,163.8,2021,2,1,3,1709.0,1495.0,1333.0,1792.0,1485.0,1485.0,2276.0,2172.0,1822.0,1262.0,1694.857142857143,1509.9285714285713,1567.6666666666667,66.85,63.96,72.38,72.86,86.7,86.7,163.8,163.8,2088.0
2021-02-26,1675.0,1439.0,2140.0,1878.0,65.86,73.92,86.7,163.8,2021,2,1,4,1700.0,1756.0,1317.0,1754.0,1471.0,1912.0,2208.0,2518.0,1866.0,1340.0,1724.142857142857,1536.142857142857,1564.6,66.69,65.02,72.74,72.81,86.7,86.7,163.8,163.8,2085.0
2021-03-01,1651.0,1408.0,2086.0,1879.0,64.56,73.4,94.9,168.2,2021,3,1,0,1675.0,1770.0,1306.0,1740.0,1439.0,1892.0,2140.0,2471.0,1878.0,1441.0,1712.5714285714287,1561.7142857142858,1561.9666666666667,65.86,64.09,73.92,72.65,86.7,86.7,163.8,163.8,2145.0
2021-03-02,1673.0,1465.0,2100.0,1879.0,63.17,73.29,94.9,168.2,2021,3,1,1,1651.0,1698.0,1303.0,1766.0,1408.0,1715.0,2086.0,2332.0,1879.0,1513.0,1695.5714285714287,1586.357142857143,1559.0,64.56,62.84,73.4,72.5,94.9,86.7,168.2,163.8,2140.0
2021-03-03,1763.0,1677.0,2161.0,1889.0,64.7,72.85,94.9,168.2,2021,3,1,2,1673.0,1709.0,1313.0,1828.0,1465.0,1673.0,2100.0,2321.0,1879.0,1598.0,1692.0,1612.7857142857142,1555.9,63.17,64.73,73.29,72.48,94.9,86.7,168.2,163.8,2178.0
2021-03-04,1779.0,1673.0,2212.0,1900.0,67.32,72.73,94.9,168.2,2021,3,1,3,1763.0,1727.0,1339.0,1837.0,1677.0,1594.0,2161.0,2306.0,1889.0,1744.0,1699.7142857142858,1644.9285714285713,1553.7333333333333,64.7,65.16,72.85,72.44,94.9,86.7,168.2,163.8,2323.0
2021-03-05,1829.0,1784.0,2241.0,1917.0,69.95,73.21,94.9,168.2,2021,3,1,4,1779.0,1709.0,1364.0,1810.0,1673.0,1485.0,2212.0,2276.0,1900.0,1822.0,1707.142857142857,1676.357142857143,1551.8,67.32,66.85,72.73,72.38,94.9,86.7,168.2,163.8,2385.0
2021-03-08,1853.0,1825.0,2258.0,1933.0,68.0,73.32,94.9,168.2,2021,3,1,0,1829.0,1700.0,1495.0,1765.0,1784.0,1471.0,2241.0,2208.0,1917.0,1866.0,1724.2857142857142,1709.5714285714287,1552.4333333333334,69.95,66.69,73.21,72.74,94.9,86.7,168.2,163.8,2432.0
2021-03-09,1901.0,1950.0,2238.0,1969.0,67.03,72.89,94.9,168.2,2021,3,1,1,1853.0,1675.0,1756.0,1659.0,1825.0,1439.0,2258.0,2140.0,1933.0,1878.0,1746.142857142857,1735.142857142857,1555.3666666666666,68.0,65.86,73.32,73.92,94.9,86.7,168.2,163.8,2472.0
2021-03-10,1980.0,2157.0,2218.0,2017.0,67.53,72.86,94.9,168.2,2021,3,1,2,1901.0,1651.0,1770.0,1540.0,1950.0,1408.0,2238.0,2086.0,1969.0,1879.0,1778.4285714285713,1745.5,1563.4333333333334,67.03,64.56,72.89,73.4,94.9,94.9,168.2,168.2,2710.0
2021-03-11,1970.0,2092.0,2217.0,2051.0,69.34,72.69,94.9,168.2,2021,3,1,3,1980.0,1673.0,1698.0,1470.0,2157.0,1465.0,2218.0,2100.0,2017.0,1879.0,1825.4285714285713,1760.5,1578.1,67.53,63.17,72.86,73.29,94.9,94.9,168.2,168.2,2750.0
2021-03-12,1960.0,2019.0,2242.0,2077.0,68.87,72.71,94.9,168.2,2021,3,1,4,1970.0,1763.0,1709.0,1452.0,2092.0,1677.0,2217.0,2161.0,2051.0,1889.0,1867.857142857143,1779.9285714285713,1594.7666666666667,69.34,64.7,72.69,72.85,94.9,94.9,168.2,168.2,2788.0
2021-03-15,1983.0,2056.0,2272.0,2083.0,68.78,72.58,94.9,168.2,2021,3,1,0,1960.0,1779.0,1727.0,1444.0,2019.0,1673.0,2242.0,2212.0,2077.0,1900.0,1896.0,1797.857142857143,1611.7,68.87,67.32,72.71,72.73,94.9,94.9,168.2,168.2,2808.0
2021-03-16,2017.0,2083.0,2372.0,2079.0,67.95,72.52,94.9,168.2,2021,3,1,1,1983.0,1829.0,1709.0,1380.0,2056.0,1784.0,2272.0,2241.0,2083.0,1917.0,1925.142857142857,1816.142857142857,1629.6666666666667,68.78,69.95,72.58,73.21,94.9,94.9,168.2,168.2,2889.0
2021-03-17,2105.0,2162.0,2583.0,2091.0,67.73,72.56,94.9,168.2,2021,3,1,2,2017.0,1853.0,1700.0,1327.0,2083.0,1825.0,2372.0,2258.0,2079.0,1933.0,1952.0,1838.142857142857,1650.9,67.95,68.0,72.52,73.32,94.9,94.9,168.2,168.2,2957.0
2021-03-18,2215.0,2276.0,2822.0,2114.0,62.11,72.63,94.9,168.2,2021,3,1,3,2105.0,1901.0,1675.0,1327.0,2162.0,1950.0,2583.0,2238.0,2091.0,1969.0,1988.0,1867.0714285714287,1676.8333333333333,67.73,67.03,72.56,72.89,94.9,94.9,168.2,168.2,3007.0
2021-03-19,2281.0,2344.0,2975.0,2122.0,64.0,72.45,94.9,168.2,2021,3,1,4,2215.0,1980.0,1651.0,1333.0,2276.0,2157.0,2822.0,2218.0,2114.0,2017.0,2032.857142857143,1905.642857142857,1706.4333333333334,62.11,67.53,72.63,72.86,94.9,94.9,168.2,168.2,3053.0
2021-03-22,2319.0,2382.0,3058.0,2133.0,63.89,72.37,94.9,168.2,2021,3,1,0,2281.0,1970.0,1673.0,1317.0,2344.0,2092.0,2975.0,2217.0,2122.0,2051.0,2075.8571428571427,1950.642857142857,1738.0333333333333,64.0,69.34,72.45,72.69,94.9,94.9,168.2,168.2,3131.0
2021-03-23,2271.0,2305.0,2983.0,2126.0,59.96,72.52,94.9,168.2,2021,3,1,1,2319.0,1960.0,1763.0,1306.0,2382.0,2019.0,3058.0,2242.0,2133.0,2077.0,2125.714285714286,1996.7857142857142,1771.4333333333334,63.89,68.87,72.37,72.71,94.9,94.9,168.2,168.2,3157.0
2021-03-24,2194.0,2215.0,2858.0,2084.0,63.7,72.59,94.9,168.2,2021,3,1,2,2271.0,1983.0,1779.0,1303.0,2305.0,2056.0,2983.0,2272.0,2126.0,2083.0,2170.1428571428573,2033.0714285714287,1803.6,59.96,68.78,72.52,72.58,94.9,94.9,168.2,168.2,3266.0
2021-03-25,2172.0,2230.0,2834.0,2021.0,61.21,72.69,94.9,168.2,2021,3,1,3,2194.0,2017.0,1829.0,1313.0,2215.0,2083.0,2858.0,2372.0,2084.0,2079.0,2200.285714285714,2062.714285714286,1833.3,63.7,67.95,72.59,72.52,94.9,94.9,168.2,168.2,3212.0
2021-03-26,2178.0,2293.0,2827.0,1983.0,63.77,72.65,94.9,168.2,2021,3,1,4,2172.0,2105.0,1853.0,1339.0,2230.0,2162.0,2834.0,2583.0,2021.0,2091.0,2222.4285714285716,2087.214285714286,1861.9333333333334,61.21,67.73,72.69,72.56,94.9,94.9,168.2,168.2,3183.0
2021-03-29,2162.0,2289.0,2812.0,1951.0,64.06,72.75,94.9,168.2,2021,3,1,0,2178.0,2215.0,1901.0,1364.0,2293.0,2276.0,2827.0,2822.0,1983.0,2114.0,2232.8571428571427,2110.4285714285716,1889.9,63.77,62.11,72.65,72.63,94.9,94.9,168.2,168.2,3240.0
2021-03-30,2103.0,2217.0,2723.0,1916.0,63.28,73.45,94.9,168.2,2021,3,1,1,2162.0,2281.0,1980.0,1495.0,2289.0,2344.0,2812.0,2975.0,1951.0,2122.0,2225.285714285714,2129.0714285714284,1916.5,64.06,64.0,72.75,72.45,94.9,94.9,168.2,168.2,3254.0
2021-03-31,2046.0,2210.0,2576.0,1871.0,63.52,73.14,94.9,168.2,2021,3,1,2,2103.0,2319.0,1970.0,1756.0,2217.0,2382.0,2723.0,3058.0,1916.0,2133.0,2199.8571428571427,2137.8571428571427,1936.7666666666667,63.28,63.89,73.45,72.37,94.9,94.9,168.2,168.2,3139.0
2021-04-01,2072.0,2394.0,2484.0,1840.0,63.85,73.32,92.2,179.8,2021,4,2,3,2046.0,2271.0,1960.0,1770.0,2210.0,2305.0,2576.0,2983.0,1871.0,2126.0,2160.8571428571427,2143.285714285714,1946.4333333333334,63.52,59.96,73.14,72.52,94.9,94.9,168.2,168.2,3077.0
2021-04-02,2076.0,2420.8,2473.4,1833.8,63.374,73.37,92.2,179.8,2021,4,2,4,2072.0,2194.0,1983.0,1698.0,2394.0,2215.0,2484.0,2858.0,1840.0,2084.0,2132.4285714285716,2151.285714285714,1956.5,63.85,63.7,73.32,72.59,92.2,94.9,179.8,168.2,2939.0
2021-04-05,2088.0,2501.2,2441.6,1815.2,61.946,73.29,92.2,179.8,2021,4,2,0,2076.0,2172.0,2017.0,1709.0,2420.8,2230.0,2473.4,2834.0,1833.8,2021.0,2115.5714285714284,2157.9285714285716,1969.1,63.374,61.21,73.37,72.69,92.2,94.9,179.8,168.2,2856.0
2021-04-06,2092.0,2528.0,2431.0,1809.0,61.47,73.49,92.2,179.8,2021,4,2,1,2088.0,2178.0,2105.0,1727.0,2501.2,2293.0,2441.6,2827.0,1815.2,1983.0,2103.5714285714284,2163.0,1981.7333333333333,61.946,63.77,73.29,72.65,92.2,94.9,179.8,168.2,2795.0
2021-04-07,2127.0,2709.0,2358.0,1792.0,61.86,74.35,92.2,179.8,2021,4,2,2,2092.0,2162.0,2215.0,1709.0,2528.0,2289.0,2431.0,2812.0,1809.0,1951.0,2091.285714285714,2162.0714285714284,1993.9,61.47,64.06,73.49,72.75,92.2,94.9,179.8,168.2,2801.0
2021-04-08,2088.0,2758.0,2160.0,1786.0,62.09,74.57,92.2,179.8,2021,4,2,3,2127.0,2103.0,2281.0,1700.0,2709.0,2217.0,2358.0,2723.0,1792.0,1916.0,2086.285714285714,2155.785714285714,2007.8333333333333,61.86,63.28,74.35,73.45,92.2,94.9,179.8,168.2,2824.0
2021-04-09,2085.0,2883.0,2003.0,1780.0,61.89,74.72,92.2,179.8,2021,4,2,4,2088.0,2046.0,2319.0,1675.0,2758.0,2210.0,2160.0,2576.0,1786.0,1871.0,2084.1428571428573,2142.0,2020.7666666666667,62.09,63.52,74.57,73.14,92.2,94.9,179.8,168.2,2869.0
2021-04-12,2145.0,3132.0,1928.0,1774.0,62.38,75.03,92.2,179.8,2021,4,2,0,2085.0,2072.0,2271.0,1651.0,2883.0,2394.0,2003.0,2484.0,1780.0,1840.0,2089.714285714286,2125.285714285714,2034.4333333333334,61.89,63.85,74.72,73.32,92.2,92.2,179.8,179.8,2881.0
2021-04-13,2140.0,3142.0,1898.0,1774.0,62.83,75.27,92.2,179.8,2021,4,2,1,2145.0,2076.0,2194.0,1673.0,3132.0,2420.8,1928.0,2473.4,1774.0,1833.8,2100.1428571428573,2116.285714285714,2050.9,62.38,63.374,75.03,73.37,92.2,92.2,179.8,179.8,2809.0
2021-04-14,2178.0,3151.0,2017.0,1783.0,66.11,75.07,92.2,179.8,2021,4,2,2,2140.0,2088.0,2172.0,1763.0,3142.0,2501.2,1898.0,2441.6,1774.0,1815.2,2109.285714285714,2112.4285714285716,2066.4666666666667,62.83,61.946,75.27,73.29,92.2,92.2,179.8,179.8,2754.0
2021-04-15,2323.0,3383.0,2234.0,1811.0,66.13,74.81,92.2,179.8,2021,4,2,3,2178.0,2092.0,2178.0,1779.0,3151.0,2528.0,2017.0,2431.0,1783.0,1809.0,2122.1428571428573,2112.8571428571427,2080.3,66.11,61.47,75.07,73.49,92.2,92.2,179.8,179.8,2688.0
2021-04-16,2385.0,3439.0,2347.0,1849.0,65.98,74.48,92.2,179.8,2021,4,2,4,2323.0,2127.0,2162.0,1829.0,3383.0,2709.0,2234.0,2358.0,1811.0,1792.0,2155.1428571428573,2123.214285714286,2098.4333333333334,66.13,61.86,74.81,74.35,92.2,92.2,179.8,179.8,2596.0
2021-04-19,2432.0,3476.0,2441.0,1878.0,66.54,74.87,92.2,179.8,2021,4,2,0,2385.0,2088.0,2103.0,1853.0,3439.0,2758.0,2347.0,2160.0,1849.0,1786.0,2192.0,2139.1428571428573,2116.9666666666667,65.98,62.09,74.48,74.57,92.2,92.2,179.8,179.8,2568.0
2021-04-20,2472.0,3455.0,2557.0,1925.0,65.34,75.38,92.2,179.8,2021,4,2,1,2432.0,2085.0,2046.0,1901.0,3476.0,2883.0,2441.0,2003.0,1878.0,1780.0,2241.1428571428573,2162.6428571428573,2136.266666666667,66.54,61.89,74.87,74.72,92.2,92.2,179.8,179.8,2530.0
2021-04-21,2710.0,4014.0,2690.0,1977.0,64.02,75.42,92.2,179.8,2021,4,2,2,2472.0,2145.0,2072.0,1980.0,3455.0,3132.0,2557.0,1928.0,1925.0,1774.0,2296.4285714285716,2193.0714285714284,2155.3,65.34,62.38,75.38,75.03,92.2,92.2,179.8,179.8,2472.0
2021-04-22,2750.0,4077.0,2686.0,2037.0,65.07,75.11,92.2,179.8,2021,4,2,3,2710.0,2140.0,2076.0,1970.0,4014.0,3142.0,2690.0,1898.0,1977.0,1774.0,2377.1428571428573,2238.6428571428573,2179.633333333333,64.02,62.83,75.42,75.27,92.2,92.2,179.8,179.8,2438.0
2021-04-23,2788.0,4192.0,2630.0,2085.0,65.75,74.97,92.2,179.8,2021,4,2,4,2750.0,2178.0,2088.0,1960.0,4077.0,3151.0,2686.0,2017.0,2037.0,1783.0,2464.285714285714,2286.785714285714,2205.633333333333,65.07,66.11,75.11,75.07,92.2,92.2,179.8,179.8,2428.0
2021-04-26,2808.0,4262.0,2586.0,2108.0,65.5,74.75,92.2,179.8,2021,4,2,0,2788.0,2323.0,2092.0,1983.0,4192.0,3383.0,2630.0,2234.0,2085.0,1811.0,2551.4285714285716,2336.785714285714,2233.233333333333,65.75,66.13,74.97,74.81,92.2,92.2,179.8,179.8,2420.0
2021-04-27,2889.0,4516.0,2550.0,2129.0,66.25,74.58,92.2,179.8,2021,4,2,1,2808.0,2385.0,2127.0,2017.0,4262.0,3439.0,2586.0,2347.0,2108.0,1849.0,2620.714285714286,2387.9285714285716,2260.733333333333,65.5,65.98,74.75,74.48,92.2,92.2,179.8,179.8,2481.0
2021-04-28,2957.0,4680.0,2584.0,2140.0,67.08,74.49,92.2,179.8,2021,4,2,2,2889.0,2432.0,2088.0,2105.0,4516.0,3476.0,2550.0,2441.0,2129.0,1878.0,2692.714285714286,2442.3571428571427,2289.8,66.25,66.54,74.58,74.87,92.2,92.2,179.8,179.8,2669.0
2021-04-29,3007.0,4774.0,2643.0,2151.0,68.26,74.07,92.2,179.8,2021,4,2,3,2957.0,2472.0,2085.0,2215.0,4680.0,3455.0,2584.0,2557.0,2140.0,1925.0,2767.714285714286,2504.4285714285716,2318.2,67.08,65.34,74.49,75.38,92.2,92.2,179.8,179.8,2857.0
2021-04-30,3053.0,4896.0,2672.0,2144.0,67.73,74.0,92.2,179.8,2021,4,2,4,3007.0,2710.0,2145.0,2281.0,4774.0,4014.0,2643.0,2690.0,2151.0,1977.0,2844.1428571428573,2570.285714285714,2344.6,68.26,64.02,74.07,75.42,92.2,92.2,179.8,179.8,2944.0
2021-05-03,3131.0,5109.0,2711.0,2133.5,68.615,73.82,107.0,207.7,2021,5,2,0,3053.0,2750.0,2140.0,2319.0,4896.0,4077.0,2672.0,2686.0,2144.0,2037.0,2893.1428571428573,2635.1428571428573,2370.3333333333335,67.73,65.07,74.0,75.11,92.2,92.2,179.8,179.8,3025.0
2021-05-04,3157.0,5180.0,2724.0,2130.0,68.91,73.8,107.0,207.7,2021,5,2,1,3131.0,2788.0,2178.0,2271.0,5109.0,4192.0,2711.0,2630.0,2133.5,2085.0,2947.5714285714284,2705.9285714285716,2397.4,68.615,65.75,73.82,74.97,107.0,92.2,207.7,179.8,3176.0
2021-05-05,3266.0,5404.0,2848.0,2135.0,69.71,73.81,107.0,207.7,2021,5,2,2,3157.0,2808.0,2323.0,2194.0,5180.0,4262.0,2724.0,2586.0,2130.0,2108.0,3000.285714285714,2775.8571428571427,2426.9333333333334,68.91,65.5,73.8,74.75,107.0,92.2,207.7,179.8,3267.0
2021-05-06,3212.0,5167.0,2909.0,2160.0,68.62,73.64,107.0,207.7,2021,5,2,3,3266.0,2889.0,2385.0,2172.0,5404.0,4516.0,2848.0,2550.0,2135.0,2129.0,3065.714285714286,2843.214285714286,2462.6666666666665,69.71,66.25,73.81,74.58,107.0,92.2,207.7,179.8,3218.0
2021-05-07,3183.0,5006.0,2955.0,2196.0,68.73,73.27,107.0,207.7,2021,5,2,4,3212.0,2957.0,2432.0,2178.0,5167.0,4680.0,2909.0,2584.0,2160.0,2140.0,3111.8571428571427,2902.285714285714,2497.3333333333335,68.62,67.08,73.64,74.49,107.0,92.2,207.7,179.8,3190.0
2021-05-10,3240.0,5109.0,3014.0,2216.0,68.61,73.41,107.0,207.7,2021,5,2,0,3183.0,3007.0,2472.0,2162.0,5006.0,4774.0,2955.0,2643.0,2196.0,2151.0,3144.1428571428573,2955.9285714285716,2530.8333333333335,68.73,68.26,73.27,74.07,107.0,92.2,207.7,179.8,3119.0
2021-05-11,3254.0,5068.0,3082.0,2245.0,68.83,73.39,107.0,207.7,2021,5,2,1,3240.0,3053.0,2710.0,2103.0,5109.0,4896.0,3014.0,2672.0,2216.0,2144.0,3177.4285714285716,3010.785714285714,2566.766666666667,68.61,67.73,73.41,74.0,107.0,92.2,207.7,179.8,3147.0
2021-05-12,3139.0,4709.0,3067.0,2269.0,69.62,73.53,107.0,207.7,2021,5,2,2,3254.0,3131.0,2750.0,2046.0,5068.0,5109.0,3082.0,2711.0,2245.0,2133.5,3206.1428571428573,3049.6428571428573,2605.133333333333,68.83,68.615,73.39,73.82,107.0,107.0,207.7,207.7,3175.0
2021-05-13,3077.0,4549.0,3017.0,2283.0,67.36,73.48,107.0,207.7,2021,5,2,3,3139.0,3157.0,2788.0,2072.0,4709.0,5180.0,3067.0,2724.0,2269.0,2130.0,3207.285714285714,3077.4285714285716,2641.5666666666666,69.62,68.91,73.53,73.8,107.0,107.0,207.7,207.7,3255.0
2021-05-14,2939.0,4165.0,2961.0,2297.0,69.24,73.23,107.0,207.7,2021,5,2,4,3077.0,3266.0,2808.0,2076.0,4549.0,5404.0,3017.0,2848.0,2283.0,2135.0,3195.8571428571427,3098.0714285714284,2675.0666666666666,67.36,69.71,73.48,73.81,107.0,107.0,207.7,207.7,3324.0
2021-05-17,2856.0,3943.0,2909.0,2310.0,69.62,73.3,107.0,207.7,2021,5,2,0,2939.0,3212.0,2889.0,2088.0,4165.0,5167.0,2961.0,2909.0,2297.0,2160.0,3149.1428571428573,3107.4285714285716,2703.8333333333335,69.24,68.62,73.23,73.64,107.0,107.0,207.7,207.7,3418.0
2021-05-18,2795.0,3790.0,2854.0,2324.0,69.01,73.04,107.0,207.7,2021,5,2,1,2856.0,3183.0,2957.0,2092.0,3943.0,5006.0,2909.0,2955.0,2310.0,2196.0,3098.285714285714,3105.0714285714284,2729.4333333333334,69.62,68.73,73.3,73.27,107.0,107.0,207.7,207.7,3383.0
2021-05-19,2801.0,3785.0,2857.0,2344.0,66.88,73.2,107.0,207.7,2021,5,2,2,2795.0,3240.0,3007.0,2127.0,3790.0,5109.0,2854.0,3014.0,2324.0,2216.0,3042.8571428571427,3093.5,2752.866666666667,69.01,68.61,73.04,73.41,107.0,107.0,207.7,207.7,3338.0
2021-05-20,2824.0,3814.0,2870.0,2374.0,65.18,73.03,107.0,207.7,2021,5,2,3,2801.0,3254.0,3053.0,2088.0,3785.0,5068.0,2857.0,3082.0,2344.0,2245.0,2980.1428571428573,3078.785714285714,2775.3333333333335,66.88,68.83,73.2,73.39,107.0,107.0,207.7,207.7,3285.0
2021-05-21,2869.0,3930.0,2855.0,2408.0,66.72,72.82,107.0,207.7,2021,5,2,4,2824.0,3139.0,3131.0,2085.0,3814.0,4709.0,2870.0,3067.0,2374.0,2269.0,2918.714285714286,3062.4285714285716,2799.866666666667,65.18,69.62,73.03,73.53,107.0,107.0,207.7,207.7,3224.0
2021-05-24,2881.0,3958.0,2840.0,2428.0,68.59,72.86,107.0,207.7,2021,5,2,0,2869.0,3077.0,3157.0,2145.0,3930.0,4549.0,2855.0,3017.0,2408.0,2283.0,2880.1428571428573,3043.714285714286,2826.0,66.72,67.36,72.82,73.48,107.0,107.0,207.7,207.7,3179.0
2021-05-25,2809.0,3745.0,2809.0,2450.0,68.8,72.78,107.0,207.7,2021,5,2,1,2881.0,2939.0,3266.0,2140.0,3958.0,4165.0,2840.0,2961.0,2428.0,2297.0,2852.1428571428573,3024.0,2850.5333333333333,68.59,69.24,72.86,73.23,107.0,107.0,207.7,207.7,3241.0
2021-05-26,2754.0,3572.0,2767.0,2492.0,68.93,72.71,107.0,207.7,2021,5,2,2,2809.0,2856.0,3212.0,2178.0,3745.0,3943.0,2809.0,2909.0,2450.0,2310.0,2833.5714285714284,2991.3571428571427,2872.8333333333335,68.8,69.62,72.78,73.3,107.0,107.0,207.7,207.7,3281.0
2021-05-27,2688.0,3368.0,2735.0,2520.0,69.43,72.59,107.0,207.7,2021,5,2,3,2754.0,2795.0,3183.0,2323.0,3572.0,3790.0,2767.0,2854.0,2492.0,2324.0,2819.0,2958.6428571428573,2892.0333333333333,68.93,69.01,72.71,73.04,107.0,107.0,207.7,207.7,3300.0
2021-05-28,2596.0,3089.0,2760.0,2504.0,69.36,72.42,107.0,207.7,2021,5,2,4,2688.0,2801.0,3240.0,2385.0,3368.0,3785.0,2735.0,2857.0,2520.0,2344.0,2803.714285714286,2923.285714285714,2904.2,69.43,66.88,72.59,73.2,107.0,107.0,207.7,207.7,3300.0
2021-06-01,2568.0,3018.0,2801.0,2455.0,70.03,72.83,130.0,214.4,2021,6,2,1,2596.0,2824.0,3254.0,2432.0,3089.0,3814.0,2760.0,2870.0,2504.0,2374.0,2774.4285714285716,2877.285714285714,2911.233333333333,69.36,65.18,72.42,73.03,107.0,107.0,207.7,207.7,3228.0
2021-06-02,2530.0,2862.0,2855.0,2456.0,70.6,72.97,130.0,214.4,2021,6,2,2,2568.0,2869.0,3139.0,2472.0,3018.0,3930.0,2801.0,2855.0,2455.0,2408.0,2737.8571428571427,2828.285714285714,2915.766666666667,70.03,66.72,72.83,72.82,130.0,107.0,214.4,207.7,3139.0
2021-06-03,2472.0,2665.0,2896.0,2441.0,70.71,73.01,130.0,214.4,2021,6,2,3,2530.0,2881.0,3077.0,2710.0,2862.0,3958.0,2855.0,2840.0,2456.0,2428.0,2689.4285714285716,2784.785714285714,2917.7,70.6,68.59,72.97,72.86,130.0,107.0,214.4,207.7,3073.0
2021-06-04,2438.0,2524.0,2933.0,2449.0,71.3,72.87,130.0,214.4,2021,6,2,4,2472.0,2809.0,2939.0,2750.0,2665.0,3745.0,2896.0,2809.0,2441.0,2450.0,2631.0,2741.5714285714284,2909.766666666667,70.71,68.8,73.01,72.78,130.0,107.0,214.4,207.7,3039.0
2021-06-07,2428.0,2467.0,2954.0,2461.0,70.89,72.8,130.0,214.4,2021,6,2,0,2438.0,2754.0,2856.0,2788.0,2524.0,3572.0,2933.0,2767.0,2449.0,2492.0,2578.0,2705.785714285714,2899.366666666667,71.3,68.93,72.87,72.71,130.0,107.0,214.4,207.7,3059.0
2021-06-08,2420.0,2393.0,2993.0,2479.0,71.39,72.93,130.0,214.4,2021,6,2,1,2428.0,2688.0,2795.0,2808.0,2467.0,3368.0,2954.0,2735.0,2461.0,2520.0,2531.4285714285716,2675.214285714286,2887.366666666667,70.89,69.43,72.8,72.59,130.0,107.0,214.4,207.7,3053.0
2021-06-09,2481.0,2488.0,3065.0,2508.0,71.31,72.98,130.0,214.4,2021,6,2,2,2420.0,2596.0,2801.0,2889.0,2393.0,3089.0,2993.0,2760.0,2479.0,2504.0,2493.1428571428573,2648.4285714285716,2874.4333333333334,71.39,69.36,72.93,72.42,130.0,107.0,214.4,207.7,3058.0
2021-06-10,2669.0,2899.0,3204.0,2552.0,71.65,73.1,130.0,214.4,2021,6,2,3,2481.0,2568.0,2824.0,2957.0,2488.0,3018.0,3065.0,2801.0,2508.0,2455.0,2476.714285714286,2625.5714285714284,2860.8333333333335,71.31,70.03,72.98,72.83,130.0,130.0,214.4,214.4,3103.0
2021-06-11,2857.0,3346.0,3302.0,2592.0,72.05,73.24,130.0,214.4,2021,6,2,4,2669.0,2530.0,2869.0,3007.0,2899.0,2862.0,3204.0,2855.0,2552.0,2456.0,2491.1428571428573,2614.5,2851.233333333333,71.65,70.6,73.1,72.97,130.0,130.0,214.4,214.4,3199.0
2021-06-14,2944.0,3543.0,3343.0,2624.0,72.27,73.16,130.0,214.4,2021,6,2,0,2857.0,2472.0,2881.0,3053.0,3346.0,2665.0,3302.0,2896.0,2592.0,2441.0,2537.8571428571427,2613.6428571428573,2846.233333333333,72.05,70.71,73.24,73.01,130.0,130.0,214.4,214.4,3210.0
2021-06-15,3025.0,3695.0,3407.0,2667.0,73.38,73.35,130.0,214.4,2021,6,2,1,2944.0,2438.0,2809.0,3131.0,3543.0,2524.0,3343.0,2933.0,2624.0,2449.0,2605.285714285714,2618.1428571428573,2842.6,72.27,71.3,73.16,72.87,130.0,130.0,214.4,214.4,3166.0
2021-06-16,3176.0,4010.0,3519.0,2713.0,73.88,73.31,130.0,214.4,2021,6,2,2,3025.0,2428.0,2754.0,3157.0,3695.0,2467.0,3407.0,2954.0,2667.0,2461.0,2689.1428571428573,2633.5714285714284,2839.0666666666666,73.38,70.89,73.35,72.8,130.0,130.0,214.4,214.4,3154.0
2021-06-17,3267.0,4212.0,3558.0,2754.0,72.92,74.16,130.0,214.4,2021,6,2,3,3176.0,2420.0,2688.0,3266.0,4010.0,2393.0,3519.0,2993.0,2713.0,2479.0,2796.0,2663.714285714286,2839.7,73.88,71.39,73.31,72.93,130.0,130.0,214.4,214.4,3214.0
2021-06-18,3218.0,4029.0,3544.0,2802.0,73.1,74.14,130.0,214.4,2021,6,2,4,3267.0,2481.0,2596.0,3212.0,4212.0,2488.0,3558.0,3065.0,2754.0,2508.0,2917.0,2705.0714285714284,2839.733333333333,72.92,71.31,74.16,72.98,130.0,130.0,214.4,214.4,3292.0
2021-06-21,3190.0,3953.0,3505.0,2825.0,74.49,74.18,130.0,214.4,2021,6,2,0,3218.0,2669.0,2568.0,3183.0,4029.0,2899.0,3544.0,3204.0,2802.0,2552.0,3022.285714285714,2749.5,2839.9333333333334,73.1,71.65,74.14,73.1,130.0,130.0,214.4,214.4,3282.0
2021-06-22,3119.0,3783.0,3432.0,2840.0,74.92,74.37,130.0,214.4,2021,6,2,1,3190.0,2857.0,2530.0,3240.0,3953.0,3346.0,3505.0,3302.0,2825.0,2592.0,3096.714285714286,2793.9285714285716,2840.1666666666665,74.49,72.05,74.18,73.24,130.0,130.0,214.4,214.4,3281.0
2021-06-23,3147.0,3868.0,3418.0,2852.0,75.22,74.13,130.0,214.4,2021,6,2,2,3119.0,2944.0,2472.0,3254.0,3783.0,3543.0,3432.0,3343.0,2840.0,2624.0,3134.1428571428573,2836.0,2836.133333333333,74.92,72.27,74.37,73.16,130.0,130.0,214.4,214.4,3318.0
2021-06-24,3175.0,3861.0,3515.0,2864.0,75.95,74.14,130.0,214.4,2021,6,2,3,3147.0,3025.0,2438.0,3139.0,3868.0,3695.0,3418.0,3407.0,2852.0,2667.0,3163.1428571428573,2884.214285714286,2832.5666666666666,75.22,73.38,74.13,73.35,130.0,130.0,214.4,214.4,3376.0
2021-06-25,3255.0,3987.0,3642.0,2877.0,76.45,74.14,130.0,214.4,2021,6,2,4,3175.0,3176.0,2428.0,3077.0,3861.0,4010.0,3515.0,3519.0,2864.0,2713.0,3184.5714285714284,2936.8571428571427,2833.766666666667,75.95,73.88,74.14,73.31,130.0,130.0,214.4,214.4,3371.0
2021-06-28,3324.0,4021.0,3827.0,2899.0,74.78,74.29,130.0,214.4,2021,6,2,0,3255.0,3267.0,2420.0,2939.0,3987.0,4212.0,3642.0,3558.0,2877.0,2754.0,3195.8571428571427,2995.9285714285716,2839.7,76.45,72.92,74.14,74.16,130.0,130.0,214.4,214.4,3371.0
2021-06-29,3418.0,4136.0,4010.0,2921.0,75.38,74.29,130.0,214.4,2021,6,2,1,3324.0,3218.0,2481.0,2856.0,4021.0,4029.0,3827.0,3544.0,2899.0,2802.0,3204.0,3060.5,2852.5333333333333,74.78,73.1,74.29,74.14,130.0,130.0,214.4,214.4,3375.0
2021-06-30,3383.0,3931.0,4119.0,2930.0,76.94,74.33,130.0,214.4,2021,6,2,2,3418.0,3190.0,2669.0,2795.0,4136.0,3953.0,4010.0,3505.0,2921.0,2825.0,3232.5714285714284,3127.4285714285716,2871.266666666667,75.38,74.49,74.29,74.18,130.0,130.0,214.4,214.4,3410.0
2021-07-01,3338.0,3690.0,4237.0,2939.0,76.69,74.56,152.0,214.1,2021,7,3,3,3383.0,3119.0,2857.0,2801.0,3931.0,3783.0,4119.0,3432.0,2930.0,2840.0,3260.1428571428573,3178.4285714285716,2890.866666666667,76.94,74.92,74.33,74.37,130.0,130.0,214.4,214.4,3503.0
2021-07-02,3285.0,3510.0,4269.0,2935.0,77.51,74.51,152.0,214.1,2021,7,3,4,3338.0,3147.0,2944.0,2824.0,3690.0,3868.0,4237.0,3418.0,2939.0,2852.0,3291.4285714285716,3212.785714285714,2908.766666666667,76.69,75.22,74.56,74.13,152.0,130.0,214.1,214.4,3566.0
2021-07-05,3224.0,3349.0,4241.0,2935.0,78.34,74.5625,152.0,214.1,2021,7,3,0,3285.0,3175.0,3025.0,2869.0,3510.0,3861.0,4269.0,3515.0,2935.0,2864.0,3311.1428571428573,3237.1428571428573,2924.133333333333,77.51,75.95,74.51,74.14,152.0,130.0,214.1,214.4,3606.0
2021-07-06,3179.0,3293.0,4160.0,2920.0,75.81,74.58,152.0,214.1,2021,7,3,1,3224.0,3255.0,3176.0,2881.0,3349.0,3987.0,4241.0,3642.0,2935.0,2877.0,3318.1428571428573,3251.3571428571427,2935.9666666666667,78.34,76.45,74.5625,74.14,152.0,130.0,214.1,214.4,3657.0
2021-07-07,3241.0,3499.0,4150.0,2909.0,74.31,74.81,152.0,214.1,2021,7,3,2,3179.0,3324.0,3267.0,2809.0,3293.0,4021.0,4160.0,3827.0,2920.0,2899.0,3307.285714285714,3251.5714285714284,2945.9,75.81,74.78,74.58,74.29,152.0,130.0,214.1,214.4,3833.0
2021-07-08,3281.0,3649.0,4128.0,2897.0,75.07,74.76,152.0,214.1,2021,7,3,3,3241.0,3418.0,3218.0,2754.0,3499.0,4136.0,4150.0,4010.0,2909.0,2921.0,3295.4285714285716,3249.714285714286,2960.3,74.31,75.38,74.81,74.29,152.0,130.0,214.1,214.4,3976.0
2021-07-09,3300.0,3735.0,4101.0,2891.0,77.14,74.53,152.0,214.1,2021,7,3,4,3281.0,3383.0,3190.0,2688.0,3649.0,3931.0,4128.0,4119.0,2897.0,2930.0,3275.8571428571427,3254.214285714286,2977.866666666667,75.07,76.94,74.76,74.33,152.0,130.0,214.1,214.4,4092.0
2021-07-12,3300.0,3770.0,4070.0,2882.0,76.77,74.56,152.0,214.1,2021,7,3,0,3300.0,3338.0,3119.0,2596.0,3735.0,3690.0,4101.0,4237.0,2891.0,2939.0,3264.0,3262.0714285714284,2998.266666666667,77.14,76.69,74.53,74.56,152.0,152.0,214.1,214.1,4147.0
2021-07-13,3228.0,3650.0,3970.0,2865.0,77.5,74.51,152.0,214.1,2021,7,3,1,3300.0,3285.0,3147.0,2568.0,3770.0,3510.0,4070.0,4269.0,2882.0,2935.0,3258.5714285714284,3275.0,3021.733333333333,76.77,77.51,74.56,74.51,152.0,152.0,214.1,214.1,4201.0
2021-07-14,3139.0,3512.0,3848.0,2833.0,75.74,74.54,152.0,214.1,2021,7,3,2,3228.0,3224.0,3175.0,2530.0,3650.0,3349.0,3970.0,4241.0,2865.0,2935.0,3250.4285714285716,3280.785714285714,3043.733333333333,77.5,78.34,74.51,74.5625,152.0,152.0,214.1,214.1,4193.0
2021-07-15,3073.0,3460.0,3708.0,2799.0,74.53,74.55,152.0,214.1,2021,7,3,3,3139.0,3179.0,3255.0,2472.0,3512.0,3293.0,3848.0,4160.0,2833.0,2920.0,3238.285714285714,3278.214285714286,3064.0333333333333,75.74,75.81,74.54,74.58,152.0,152.0,214.1,214.1,4195.0
2021-07-16,3039.0,3442.0,3635.0,2775.0,74.46,74.61,152.0,214.1,2021,7,3,4,3073.0,3241.0,3324.0,2438.0,3460.0,3499.0,3708.0,4150.0,2799.0,2909.0,3223.1428571428573,3265.214285714286,3084.0666666666666,74.53,74.31,74.55,74.81,152.0,152.0,214.1,214.1,4235.0
2021-07-19,3059.0,3514.0,3623.0,2774.0,69.33,74.85,152.0,214.1,2021,7,3,0,3039.0,3281.0,3418.0,2428.0,3442.0,3649.0,3635.0,4128.0,2775.0,2897.0,3194.285714285714,3244.8571428571427,3104.1,74.46,75.07,74.61,74.76,152.0,152.0,214.1,214.1,4157.75
2021-07-20,3053.0,3505.0,3600.0,2783.0,70.03,74.6,152.0,214.1,2021,7,3,1,3059.0,3300.0,3383.0,2420.0,3514.0,3735.0,3623.0,4101.0,2774.0,2891.0,3162.5714285714284,3219.214285714286,3125.133333333333,69.33,77.14,74.85,74.53,152.0,152.0,214.1,214.1,4132.0
2021-07-21,3058.0,3513.0,3577.0,2807.0,72.54,74.49,152.0,214.1,2021,7,3,2,3053.0,3300.0,3338.0,2481.0,3505.0,3770.0,3600.0,4070.0,2783.0,2882.0,3127.285714285714,3195.6428571428573,3146.233333333333,70.03,76.77,74.6,74.56,152.0,152.0,214.1,214.1,4013.0
2021-07-22,3103.0,3629.0,3560.0,2842.0,74.25,74.46,152.0,214.1,2021,7,3,3,3058.0,3228.0,3285.0,2669.0,3513.0,3650.0,3577.0,3970.0,2807.0,2865.0,3092.714285714286,3175.6428571428573,3165.4666666666667,72.54,77.5,74.49,74.51,152.0,152.0,214.1,214.1,4001.0
2021-07-23,3199.0,3915.0,3528.0,2871.0,74.86,74.44,152.0,214.1,2021,7,3,4,3103.0,3139.0,3224.0,2857.0,3629.0,3512.0,3560.0,3848.0,2842.0,2833.0,3074.8571428571427,3162.6428571428573,3179.9333333333334,74.25,75.74,74.46,74.54,152.0,152.0,214.1,214.1,3944.0
2021-07-26,3210.0,3950.0,3513.0,2883.0,74.79,74.35,152.0,214.1,2021,7,3,0,3199.0,3073.0,3179.0,2944.0,3915.0,3460.0,3528.0,3708.0,2871.0,2799.0,3083.4285714285716,3160.8571428571427,3191.3333333333335,74.86,74.53,74.44,74.55,152.0,152.0,214.1,214.1,3822.0
2021-07-27,3166.0,3844.0,3467.0,2893.0,74.87,74.5,152.0,214.1,2021,7,3,1,3210.0,3039.0,3241.0,3025.0,3950.0,3442.0,3513.0,3635.0,2883.0,2775.0,3103.0,3163.0714285714284,3200.2,74.79,74.46,74.35,74.61,152.0,152.0,214.1,214.1,3707.0
2021-07-28,3154.0,3841.0,3404.0,2911.0,75.09,74.52,152.0,214.1,2021,7,3,2,3166.0,3059.0,3281.0,3176.0,3844.0,3514.0,3467.0,3623.0,2893.0,2774.0,3121.1428571428573,3157.714285714286,3204.9,74.87,69.33,74.5,74.85,152.0,152.0,214.1,214.1,3618.0
2021-07-29,3214.0,4056.0,3342.0,2928.0,76.3,74.25,152.0,214.1,2021,7,3,3,3154.0,3053.0,3300.0,3267.0,3841.0,3505.0,3404.0,3600.0,2911.0,2783.0,3134.714285714286,3148.6428571428573,3204.1666666666665,75.09,70.03,74.52,74.6,152.0,152.0,214.1,214.1,3643.0
2021-07-30,3292.0,4306.0,3304.0,2945.0,77.72,74.34,152.0,214.1,2021,7,3,4,3214.0,3058.0,3300.0,3218.0,4056.0,3513.0,3342.0,3577.0,2928.0,2807.0,3157.714285714286,3142.5,3202.4,76.3,72.54,74.25,74.49,152.0,152.0,214.1,214.1,3864.0
2021-08-02,3282.0,4272.0,3290.0,2959.0,73.91,74.35,169.6,162.2,2021,8,3,0,3292.0,3103.0,3228.0,3190.0,4306.0,3629.0,3304.0,3560.0,2945.0,2842.0,3191.1428571428573,3141.9285714285716,3204.866666666667,77.72,74.25,74.34,74.46,152.0,152.0,214.1,214.1,4163.0
2021-08-03,3281.0,4246.0,3307.0,2969.0,73.24,74.25,169.6,162.2,2021,8,3,1,3282.0,3199.0,3139.0,3119.0,4272.0,3915.0,3290.0,3528.0,2959.0,2871.0,3216.714285714286,3145.785714285714,3207.9333333333334,73.91,74.86,74.35,74.44,169.6,152.0,162.2,214.1,4221.0
2021-08-04,3318.0,4302.0,3358.0,2983.0,70.99,74.15,169.6,162.2,2021,8,3,2,3281.0,3210.0,3073.0,3147.0,4246.0,3950.0,3307.0,3513.0,2969.0,2883.0,3228.4285714285716,3155.9285714285716,3213.3333333333335,73.24,74.79,74.25,74.35,169.6,152.0,162.2,214.1,4233.0
2021-08-05,3376.0,4414.0,3418.0,2996.0,72.14,74.1,169.6,162.2,2021,8,3,3,3318.0,3166.0,3039.0,3175.0,4302.0,3844.0,3358.0,3467.0,2983.0,2893.0,3243.8571428571427,3173.4285714285716,3219.0333333333333,70.99,74.87,74.15,74.5,169.6,152.0,162.2,214.1,4215.0
2021-08-06,3371.0,4359.0,3449.0,3010.0,71.02,74.19,169.6,162.2,2021,8,3,4,3376.0,3154.0,3059.0,3255.0,4414.0,3841.0,3418.0,3404.0,2996.0,2911.0,3273.8571428571427,3197.5,3225.733333333333,72.14,75.09,74.1,74.52,169.6,152.0,162.2,214.1,4275.0
2021-08-09,3371.0,4342.0,3458.0,3022.0,69.65,74.31,169.6,162.2,2021,8,3,0,3371.0,3214.0,3053.0,3324.0,4359.0,4056.0,3449.0,3342.0,3010.0,2928.0,3304.8571428571427,3219.785714285714,3229.6,71.02,76.3,74.19,74.25,169.6,152.0,162.2,214.1,4304.0
2021-08-10,3375.0,4328.0,3476.0,3032.0,71.14,74.5,169.6,162.2,2021,8,3,1,3371.0,3292.0,3058.0,3418.0,4342.0,4306.0,3458.0,3304.0,3022.0,2945.0,3327.285714285714,3242.5,3231.1666666666665,69.65,77.72,74.31,74.34,169.6,152.0,162.2,214.1,4410.0
2021-08-11,3410.0,4384.0,3516.0,3049.0,71.99,74.25,169.6,162.2,2021,8,3,2,3375.0,3282.0,3103.0,3383.0,4328.0,4272.0,3476.0,3290.0,3032.0,2959.0,3339.1428571428573,3265.1428571428573,3229.733333333333,71.14,73.91,74.5,74.35,169.6,169.6,162.2,162.2,4560.0
2021-08-12,3503.0,4608.0,3550.0,3079.0,71.79,74.31,169.6,162.2,2021,8,3,3,3410.0,3281.0,3199.0,3338.0,4384.0,4246.0,3516.0,3307.0,3049.0,2969.0,3357.4285714285716,3287.0714285714284,3230.633333333333,71.99,73.24,74.25,74.25,169.6,169.6,162.2,162.2,4651.0
2021-08-13,3566.0,4766.0,3566.0,3098.0,70.9,74.24,169.6,162.2,2021,8,3,4,3503.0,3318.0,3210.0,3285.0,4608.0,4302.0,3550.0,3358.0,3079.0,2983.0,3389.1428571428573,3308.785714285714,3236.133333333333,71.79,70.99,74.31,74.15,169.6,169.6,162.2,162.2,4644.0
2021-08-16,3606.0,4852.0,3584.0,3119.0,70.07,74.19,169.6,162.2,2021,8,3,0,3566.0,3376.0,3166.0,3224.0,4766.0,4414.0,3566.0,3418.0,3098.0,2996.0,3424.5714285714284,3334.214285714286,3245.5,70.9,72.14,74.24,74.1,169.6,169.6,162.2,162.2,4717.0
2021-08-17,3657.0,4950.0,3617.0,3146.0,69.4,74.38,169.6,162.2,2021,8,3,1,3606.0,3371.0,3154.0,3179.0,4852.0,4359.0,3584.0,3449.0,3119.0,3010.0,3457.4285714285716,3365.6428571428573,3258.233333333333,70.07,71.02,74.19,74.19,169.6,169.6,162.2,162.2,4962.0
2021-08-18,3833.0,5365.0,3707.0,3189.0,68.61,74.27,169.6,162.2,2021,8,3,2,3657.0,3371.0,3214.0,3241.0,4950.0,4342.0,3617.0,3458.0,3146.0,3022.0,3498.285714285714,3401.5714285714284,3274.1666666666665,69.4,69.65,74.38,74.31,169.6,169.6,162.2,162.2,5197.0
2021-08-19,3976.0,5711.0,3754.0,3237.0,66.8,74.38,169.6,162.2,2021,8,3,3,3833.0,3375.0,3292.0,3281.0,5365.0,4328.0,3707.0,3476.0,3189.0,3032.0,3564.285714285714,3445.785714285714,3293.9,68.61,71.14,74.27,74.5,169.6,169.6,162.2,162.2,5167.0
2021-08-20,4092.0,5997.0,3785.0,3276.0,65.51,74.35,169.6,162.2,2021,8,3,4,3976.0,3410.0,3282.0,3300.0,5711.0,4384.0,3754.0,3516.0,3237.0,3049.0,3650.1428571428573,3494.6428571428573,3317.0666666666666,66.8,71.99,74.38,74.25,169.6,169.6,162.2,162.2,5202.0
2021-08-23,4147.0,6114.0,3809.0,3303.0,69.07,74.12,169.6,162.2,2021,8,3,0,4092.0,3503.0,3281.0,3300.0,5997.0,4608.0,3785.0,3550.0,3276.0,3079.0,3747.5714285714284,3552.5,3343.4666666666667,65.51,71.79,74.35,74.31,169.6,169.6,162.2,162.2,5267.0
2021-08-24,4201.0,6206.0,3846.0,3343.0,71.21,74.13,169.6,162.2,2021,8,3,1,4147.0,3566.0,3318.0,3228.0,6114.0,4766.0,3809.0,3566.0,3303.0,3098.0,3839.5714285714284,3614.3571428571427,3371.7,69.07,70.9,74.12,74.24,169.6,169.6,162.2,162.2,5409.0
2021-08-25,4193.0,6109.0,3885.0,3386.0,72.12,74.23,169.6,162.2,2021,8,3,2,4201.0,3606.0,3376.0,3139.0,6206.0,4852.0,3846.0,3584.0,3343.0,3119.0,3930.285714285714,3677.4285714285716,3404.133333333333,71.21,70.07,74.13,74.19,169.6,169.6,162.2,162.2,5647.0
2021-08-26,4195.0,6043.0,3911.0,3437.0,70.42,74.13,169.6,162.2,2021,8,3,3,4193.0,3657.0,3371.0,3073.0,6109.0,4950.0,3885.0,3617.0,3386.0,3146.0,4014.1428571428573,3735.785714285714,3439.266666666667,72.12,69.4,74.23,74.38,169.6,169.6,162.2,162.2,5650.0
2021-08-27,4235.0,6162.0,3874.0,3470.0,72.26,73.47,169.6,162.2,2021,8,3,4,4195.0,3833.0,3371.0,3039.0,6043.0,5365.0,3911.0,3707.0,3437.0,3189.0,4091.0,3794.6428571428573,3476.6666666666665,70.42,68.61,74.13,74.27,169.6,169.6,162.2,162.2,5526.0
2021-08-30,4157.75,5979.75,3804.25,3475.25,73.1525,73.29,169.6,162.2,2021,8,3,0,4235.0,3976.0,3375.0,3059.0,6162.0,5711.0,3874.0,3754.0,3470.0,3237.0,4148.428571428572,3856.3571428571427,3516.5333333333333,72.26,66.8,73.47,74.38,169.6,169.6,162.2,162.2,5488.0
2021-08-31,4132.0,5919.0,3781.0,3477.0,73.45,72.95,169.6,162.2,2021,8,3,1,4157.75,4092.0,3410.0,3053.0,5979.75,5997.0,3804.25,3785.0,3475.25,3276.0,4174.392857142857,3912.2678571428573,3553.1583333333333,73.1525,65.51,73.29,74.35,169.6,169.6,162.2,162.2,5378.0
2021-09-01,4013.0,5666.0,3706.0,3434.0,71.99,72.99,185.7,124.5,2021,9,3,2,4132.0,4147.0,3503.0,3058.0,5919.0,6114.0,3781.0,3809.0,3477.0,3303.0,4180.107142857143,3963.839285714286,3589.125,73.45,69.07,72.95,74.12,169.6,169.6,162.2,162.2,5206.0
2021-09-02,4001.0,5716.0,3649.0,3393.0,73.56,72.99,185.7,124.5,2021,9,3,3,4013.0,4201.0,3566.0,3103.0,5666.0,6206.0,3706.0,3846.0,3434.0,3343.0,4160.964285714285,4000.2678571428573,3620.9583333333335,71.99,71.21,72.99,74.13,185.7,169.6,124.5,162.2,5062.0
2021-09-03,3944.0,5625.0,3605.0,3348.0,73.07,72.98,185.7,124.5,2021,9,3,4,4001.0,4193.0,3606.0,3199.0,5716.0,6109.0,3649.0,3885.0,3393.0,3386.0,4132.392857142857,4031.339285714286,3650.891666666667,73.56,72.12,72.99,74.23,185.7,169.6,124.5,162.2,4854.0
2021-09-06,3822.0,5362.0,3544.0,3293.0,72.43,73.325,185.7,124.5,2021,9,3,0,3944.0,4195.0,3657.0,3210.0,5625.0,6043.0,3605.0,3911.0,3348.0,3437.0,4096.821428571428,4055.4821428571427,3675.725,73.07,70.42,72.98,74.13,185.7,169.6,124.5,162.2,4732.0
2021-09-07,3707.0,5091.0,3496.0,3256.0,71.52,73.44,185.7,124.5,2021,9,3,1,3822.0,4235.0,3833.0,3166.0,5362.0,6162.0,3544.0,3874.0,3293.0,3470.0,4043.535714285714,4067.2678571428573,3696.125,72.43,72.26,73.325,73.47,185.7,169.6,124.5,162.2,4714.0
2021-09-08,3618.0,4886.0,3473.0,3211.0,72.36,73.84,185.7,124.5,2021,9,3,2,3707.0,4157.75,3976.0,3154.0,5091.0,5979.75,3496.0,3804.25,3256.0,3475.25,3968.1071428571427,4058.2678571428573,3714.1583333333333,71.52,73.1525,73.44,73.29,185.7,169.6,124.5,162.2,4751.0
2021-09-09,3643.0,4962.0,3510.0,3179.0,71.32,73.52,185.7,124.5,2021,9,3,3,3618.0,4132.0,4092.0,3214.0,4886.0,5919.0,3473.0,3781.0,3211.0,3477.0,3891.0,4032.6964285714284,3729.625,72.36,73.45,73.84,72.95,185.7,169.6,124.5,162.2,4653.0
2021-09-10,3864.0,5567.0,3595.0,3170.0,72.44,73.52,185.7,124.5,2021,9,3,4,3643.0,4013.0,4147.0,3292.0,4962.0,5666.0,3510.0,3706.0,3179.0,3434.0,3821.1428571428573,4000.625,3743.925,71.32,71.99,73.52,72.99,185.7,185.7,124.5,124.5,4410.0
2021-09-13,4163.0,6380.0,3694.0,3180.0,72.97,73.58,185.7,124.5,2021,9,3,0,3864.0,4001.0,4201.0,3282.0,5567.0,5716.0,3595.0,3649.0,3170.0,3393.0,3799.8571428571427,3980.410714285714,3762.991666666667,72.44,73.56,73.52,72.99,185.7,185.7,124.5,124.5,4257.0
2021-09-14,4221.0,6474.0,3756.0,3210.0,73.05,73.64,185.7,124.5,2021,9,3,1,4163.0,3944.0,4193.0,3281.0,6380.0,5625.0,3694.0,3605.0,3180.0,3348.0,3823.0,3977.6964285714284,3792.358333333333,72.97,73.07,73.58,72.98,185.7,185.7,124.5,124.5,4056.0
2021-09-15,4233.0,6437.0,3800.0,3247.0,74.84,73.47,185.7,124.5,2021,9,3,2,4221.0,3822.0,4195.0,3318.0,6474.0,5362.0,3756.0,3544.0,3210.0,3293.0,3862.5714285714284,3979.6964285714284,3823.6916666666666,73.05,72.43,73.64,73.325,185.7,185.7,124.5,124.5,3808.0
2021-09-16,4215.0,6304.0,3852.0,3283.0,75.14,73.56,185.7,124.5,2021,9,3,3,4233.0,3707.0,4235.0,3376.0,6437.0,5091.0,3800.0,3496.0,3247.0,3256.0,3921.285714285714,3982.410714285714,3854.1916666666666,74.84,71.52,73.47,73.44,185.7,185.7,124.5,124.5,3630.0
2021-09-17,4275.0,6420.0,3904.0,3307.0,74.64,73.64,185.7,124.5,2021,9,3,4,4215.0,3618.0,4157.75,3371.0,6304.0,4886.0,3852.0,3473.0,3283.0,3211.0,3993.8571428571427,3980.9821428571427,3882.1583333333333,75.14,72.36,73.56,73.84,185.7,185.7,124.5,124.5,3519.0
2021-09-20,4304.0,6487.0,3916.0,3319.0,73.59,73.65,185.7,124.5,2021,9,3,0,4275.0,3643.0,4132.0,3371.0,6420.0,4962.0,3904.0,3510.0,3307.0,3179.0,4087.714285714286,3989.3571428571427,3912.2916666666665,74.64,71.32,73.64,73.52,185.7,185.7,124.5,124.5,3428.0
2021-09-21,4410.0,6785.0,3930.0,3327.0,73.65,73.71,185.7,124.5,2021,9,3,1,4304.0,3864.0,4013.0,3375.0,6487.0,5567.0,3916.0,3595.0,3319.0,3170.0,4182.142857142857,4001.6428571428573,3943.391666666667,73.59,72.44,73.65,73.52,185.7,185.7,124.5,124.5,3187.0
2021-09-22,4560.0,7200.0,3961.0,3338.0,75.5,73.8,185.7,124.5,2021,9,3,2,4410.0,4163.0,4001.0,3410.0,6785.0,6380.0,3930.0,3694.0,3327.0,3180.0,4260.142857142857,4030.0,3977.891666666667,73.65,72.97,73.71,73.58,185.7,185.7,124.5,124.5,2892.0
2021-09-23,4651.0,7438.0,3994.0,3349.0,76.44,73.7,185.7,124.5,2021,9,3,3,4560.0,4221.0,3944.0,3503.0,7200.0,6474.0,3961.0,3756.0,3338.0,3210.0,4316.857142857143,4069.9285714285716,4016.225,75.5,73.05,73.8,73.64,185.7,185.7,124.5,124.5,2769.0
2021-09-24,4644.0,7393.0,4012.0,3359.0,77.42,73.81,185.7,124.5,2021,9,3,4,4651.0,4233.0,3822.0,3566.0,7438.0,6437.0,3994.0,3800.0,3349.0,3247.0,4378.285714285715,4120.428571428572,4054.491666666667,76.44,74.84,73.7,73.47,185.7,185.7,124.5,124.5,2715.0
2021-09-27,4717.0,7600.0,4020.0,3363.0,78.85,73.86,185.7,124.5,2021,9,3,0,4644.0,4215.0,3707.0,3606.0,7393.0,6304.0,4012.0,3852.0,3359.0,3283.0,4437.0,4179.142857142857,4090.425,77.42,75.14,73.81,73.56,185.7,185.7,124.5,124.5,2718.0
2021-09-28,4962.0,8322.0,4030.0,3373.0,78.3,74.21,185.7,124.5,2021,9,3,1,4717.0,4275.0,3618.0,3657.0,7600.0,6420.0,4020.0,3904.0,3363.0,3307.0,4508.714285714285,4251.285714285715,4127.458333333333,78.85,74.64,73.86,73.64,185.7,185.7,124.5,124.5,2805.0
2021-09-29,5197.0,9018.0,4037.0,3379.0,77.86,74.28,185.7,124.5,2021,9,3,2,4962.0,4304.0,3643.0,3833.0,8322.0,6487.0,4030.0,3916.0,3373.0,3319.0,4606.857142857143,4347.285714285715,4170.958333333333,78.3,73.59,74.21,73.65,185.7,185.7,124.5,124.5,2861.0
2021-09-30,5167.0,8944.0,4013.0,3382.0,77.81,74.16,185.7,124.5,2021,9,3,3,5197.0,4410.0,3864.0,3976.0,9018.0,6785.0,4037.0,3930.0,3379.0,3327.0,4734.428571428572,4458.285714285715,4216.425,77.86,73.65,74.28,73.71,185.7,185.7,124.5,124.5,2844.0
2021-10-01,5202.0,9066.0,3992.0,3383.0,79.4,74.15,224.5,122.9,2021,10,4,4,5167.0,4560.0,4163.0,4092.0,8944.0,7200.0,4013.0,3961.0,3382.0,3338.0,4842.571428571428,4551.357142857143,4256.125,77.81,75.5,74.16,73.8,185.7,185.7,124.5,124.5,2807.0
2021-10-04,5267.0,9289.0,3961.0,3381.0,81.44,74.46,224.5,122.9,2021,10,4,0,5202.0,4651.0,4221.0,4147.0,9066.0,7438.0,3992.0,3994.0,3383.0,3349.0,4934.285714285715,4625.571428571428,4293.125,79.4,76.44,74.15,73.7,224.5,185.7,122.9,124.5,2759.0
2021-10-05,5409.0,9752.0,3918.0,3382.0,82.72,74.51,224.5,122.9,2021,10,4,1,5267.0,4644.0,4233.0,4201.0,9289.0,7393.0,3961.0,4012.0,3381.0,3359.0,5022.285714285715,4700.285714285715,4330.458333333333,81.44,77.42,74.46,73.81,224.5,185.7,122.9,124.5,2591.0
2021-10-06,5647.0,10475.0,3903.0,3388.0,81.39,74.82,224.5,122.9,2021,10,4,2,5409.0,4717.0,4215.0,4193.0,9752.0,7600.0,3918.0,4020.0,3382.0,3363.0,5131.571428571428,4784.285714285715,4370.725,82.72,78.85,74.51,73.86,224.5,185.7,122.9,124.5,2430.0
2021-10-07,5650.0,10485.0,3884.0,3404.0,82.34,74.85,224.5,122.9,2021,10,4,3,5647.0,4962.0,4275.0,4195.0,10475.0,8322.0,3903.0,4030.0,3388.0,3373.0,5264.428571428572,4886.571428571428,4419.191666666667,81.39,78.3,74.82,74.21,224.5,185.7,122.9,124.5,2454.0
2021-10-08,5526.0,10112.0,3866.0,3417.0,82.17,75.05,224.5,122.9,2021,10,4,4,5650.0,5197.0,4304.0,4235.0,10485.0,9018.0,3884.0,4037.0,3404.0,3379.0,5362.714285714285,4984.785714285715,4467.691666666667,82.34,77.86,74.85,74.28,224.5,185.7,122.9,124.5,2552.0
2021-10-11,5488.0,9975.0,3877.0,3431.0,83.75,75.35749999999999,224.5,122.9,2021,10,4,0,5526.0,5167.0,4410.0,4157.75,10112.0,8944.0,3866.0,4013.0,3417.0,3382.0,5409.714285714285,5072.071428571428,4510.725,82.17,77.81,75.05,74.16,224.5,185.7,122.9,124.5,2645.0
2021-10-12,5378.0,9590.0,3906.0,3461.0,83.53,75.46,224.5,122.9,2021,10,4,1,5488.0,5202.0,4560.0,4132.0,9975.0,9066.0,3877.0,3992.0,3431.0,3383.0,5455.571428571428,5149.071428571428,4555.066666666667,83.75,79.4,75.35749999999999,74.15,224.5,224.5,122.9,122.9,2715.0
2021-10-13,5206.0,8988.0,3958.0,3502.0,83.53,75.33,224.5,122.9,2021,10,4,2,5378.0,5267.0,4651.0,4013.0,9590.0,9289.0,3906.0,3961.0,3461.0,3381.0,5480.714285714285,5207.5,4596.6,83.53,81.44,75.46,74.46,224.5,224.5,122.9,122.9,2654.0
2021-10-14,5062.0,8462.0,4023.0,3542.0,83.86,75.18,224.5,122.9,2021,10,4,3,5206.0,5409.0,4644.0,4001.0,8988.0,9752.0,3958.0,3918.0,3502.0,3382.0,5472.0,5247.142857142857,4636.366666666667,83.53,82.72,75.33,74.51,224.5,224.5,122.9,122.9,2678.0
2021-10-15,4854.0,7767.0,4065.0,3576.0,84.67,74.98,224.5,122.9,2021,10,4,4,5062.0,5647.0,4717.0,3944.0,8462.0,10475.0,4023.0,3903.0,3542.0,3388.0,5422.428571428572,5277.0,4671.733333333334,83.86,81.39,75.18,74.82,224.5,224.5,122.9,122.9,2767.0
2021-10-18,4732.0,7358.0,4091.0,3595.0,84.13,75.32,224.5,122.9,2021,10,4,0,4854.0,5650.0,4962.0,3822.0,7767.0,10485.0,4065.0,3884.0,3576.0,3404.0,5309.142857142857,5286.785714285715,4702.066666666667,84.67,82.34,74.98,74.85,224.5,224.5,122.9,122.9,2881.0
2021-10-19,4714.0,7229.0,4166.0,3610.0,85.02,75.06,224.5,122.9,2021,10,4,1,4732.0,5526.0,5197.0,3707.0,7358.0,10112.0,4091.0,3866.0,3595.0,3417.0,5178.0,5270.357142857143,4732.4,84.13,82.17,75.32,75.05,224.5,224.5,122.9,122.9,3018.0
2021-10-20,4751.0,7275.0,4236.0,3618.0,85.76,74.83,224.5,122.9,2021,10,4,2,4714.0,5488.0,5167.0,3618.0,7229.0,9975.0,4166.0,3877.0,3610.0,3431.0,5062.0,5235.857142857143,4765.966666666666,85.02,83.75,75.06,75.35749999999999,224.5,224.5,122.9,122.9,3047.0
2021-10-21,4653.0,6918.0,4304.0,3624.0,84.58,74.8,224.5,122.9,2021,10,4,3,4751.0,5378.0,5202.0,3643.0,7275.0,9590.0,4236.0,3906.0,3618.0,3461.0,4956.714285714285,5206.142857142857,4803.733333333334,85.76,83.53,74.83,75.46,224.5,224.5,122.9,122.9,3115.0
2021-10-22,4410.0,6205.0,4327.0,3584.0,85.43,74.87,224.5,122.9,2021,10,4,4,4653.0,5206.0,5267.0,3864.0,6918.0,8988.0,4304.0,3958.0,3624.0,3502.0,4853.142857142857,5166.928571428572,4837.4,84.58,83.53,74.8,75.33,224.5,224.5,122.9,122.9,3171.0
2021-10-25,4257.0,5782.0,4328.0,3547.0,84.85,75.05,224.5,122.9,2021,10,4,0,4410.0,5062.0,5409.0,4163.0,6205.0,8462.0,4327.0,4023.0,3584.0,3542.0,4739.428571428572,5105.714285714285,4855.6,85.43,83.86,74.87,75.18,224.5,224.5,122.9,122.9,3235.0
2021-10-26,4056.0,5304.0,4231.0,3497.0,85.11,74.9,224.5,122.9,2021,10,4,1,4257.0,4854.0,5647.0,4221.0,5782.0,7767.0,4328.0,4065.0,3547.0,3576.0,4624.428571428572,5023.428571428572,4858.733333333334,84.85,84.67,75.05,74.98,224.5,224.5,122.9,122.9,3352.0
2021-10-27,3808.0,4828.0,4083.0,3344.0,84.12,75.01,224.5,122.9,2021,10,4,2,4056.0,4732.0,5650.0,4233.0,5304.0,7358.0,4231.0,4091.0,3497.0,3595.0,4510.428571428572,4909.785714285715,4853.233333333334,85.11,84.13,74.9,75.32,224.5,224.5,122.9,122.9,3423.0
2021-10-28,3630.0,4542.0,3965.0,3190.0,83.4,74.77,224.5,122.9,2021,10,4,3,3808.0,4714.0,5526.0,4215.0,4828.0,7229.0,4083.0,4166.0,3344.0,3610.0,4378.428571428572,4778.214285714285,4839.066666666667,84.12,85.02,75.01,75.06,224.5,224.5,122.9,122.9,3343.0
2021-10-29,3519.0,4349.0,3896.0,3104.0,83.1,75.0,224.5,122.9,2021,10,4,4,3630.0,4751.0,5488.0,4275.0,4542.0,7275.0,3965.0,4236.0,3190.0,3618.0,4223.571428571428,4642.785714285715,4819.566666666667,83.4,85.76,74.77,74.83,224.5,224.5,122.9,122.9,3272.0
2021-11-01,3428.0,4202.0,3815.0,3042.0,84.51,74.83,157.5,96.2,2021,11,4,0,3519.0,4653.0,5378.0,4304.0,4349.0,6918.0,3896.0,4304.0,3104.0,3624.0,4047.5714285714284,4502.142857142857,4794.366666666667,83.1,84.58,75.0,74.8,224.5,224.5,122.9,122.9,3216.0
2021-11-02,3187.0,3736.0,3644.0,2919.0,84.42,74.63,157.5,96.2,2021,11,4,1,3428.0,4410.0,5206.0,4410.0,4202.0,6205.0,3815.0,4327.0,3042.0,3584.0,3872.5714285714284,4362.857142857143,4765.166666666667,84.51,85.43,74.83,74.87,157.5,224.5,96.2,122.9,2932.0
2021-11-03,2892.0,3275.0,3355.0,2728.0,81.1,74.51,157.5,96.2,2021,11,4,2,3187.0,4257.0,5062.0,4560.0,3736.0,5782.0,3644.0,4328.0,2919.0,3547.0,3697.8571428571427,4218.642857142857,4724.4,84.42,84.85,74.63,75.05,157.5,224.5,96.2,122.9,2665.0
2021-11-04,2769.0,3221.0,3166.0,2563.0,80.15,74.53,157.5,96.2,2021,11,4,3,2892.0,4056.0,4854.0,4651.0,3275.0,5304.0,3355.0,4231.0,2728.0,3497.0,3502.8571428571427,4063.6428571428573,4668.8,81.1,85.11,74.51,74.9,157.5,224.5,96.2,122.9,2498.0
2021-11-05,2715.0,3280.0,3071.0,2416.0,82.43,74.22,157.5,96.2,2021,11,4,4,2769.0,3808.0,4732.0,4644.0,3221.0,4828.0,3166.0,4083.0,2563.0,3344.0,3319.0,3914.714285714286,4606.066666666667,80.15,84.12,74.53,75.01,157.5,224.5,96.2,122.9,2379.0
2021-11-08,2718.0,3378.0,3063.0,2334.0,83.22,73.91,157.5,96.2,2021,11,4,0,2715.0,3630.0,4714.0,4717.0,3280.0,4542.0,3071.0,3965.0,2416.0,3190.0,3162.8571428571427,3770.6428571428573,4541.766666666666,82.43,83.4,74.22,74.77,157.5,224.5,96.2,122.9,2371.0
2021-11-09,2805.0,3675.0,3084.0,2284.0,84.52,74.1,157.5,96.2,2021,11,4,1,2718.0,3519.0,4751.0,4962.0,3378.0,4349.0,3063.0,3896.0,2334.0,3104.0,3032.5714285714284,3628.0714285714284,4475.133333333333,83.22,83.1,73.91,75.0,157.5,224.5,96.2,122.9,2294.0
2021-11-10,2861.0,3870.0,3079.0,2259.0,82.91,74.26,157.5,96.2,2021,11,4,2,2805.0,3428.0,4653.0,5197.0,3675.0,4202.0,3084.0,3815.0,2284.0,3042.0,2930.5714285714284,3489.0714285714284,4403.233333333334,84.52,84.51,74.1,74.83,157.5,157.5,96.2,96.2,2229.0
2021-11-11,2844.0,3872.0,3026.0,2251.0,83.4,74.33000000000001,157.5,96.2,2021,11,4,3,2861.0,3187.0,4410.0,5167.0,3870.0,3736.0,3079.0,3644.0,2259.0,2919.0,2849.5714285714284,3361.0714285714284,4325.366666666667,82.91,84.42,74.26,74.63,157.5,157.5,96.2,96.2,2219.0
2021-11-12,2807.0,3836.0,2930.0,2253.0,82.9,74.4,157.5,96.2,2021,11,4,4,2844.0,2892.0,4257.0,5202.0,3872.0,3275.0,3026.0,3355.0,2251.0,2728.0,2800.5714285714284,3249.214285714286,4247.933333333333,83.4,81.1,74.33000000000001,74.51,157.5,157.5,96.2,96.2,2217.0
2021-11-15,2759.0,3752.0,2850.0,2259.0,81.94,74.35,157.5,96.2,2021,11,4,0,2807.0,2769.0,4056.0,5267.0,3836.0,3221.0,2930.0,3166.0,2253.0,2563.0,2788.4285714285716,3145.6428571428573,4168.1,82.9,80.15,74.4,74.53,157.5,157.5,96.2,96.2,2235.5454545454545
2021-11-16,2591.0,3383.0,2675.0,2263.0,82.85,74.48,157.5,96.2,2021,11,4,1,2759.0,2715.0,3808.0,5409.0,3752.0,3280.0,2850.0,3071.0,2259.0,2416.0,2787.0,3053.0,4084.5,81.94,82.43,74.35,74.22,157.5,157.5,96.2,96.2,2241.7272727272725
2021-11-17,2430.0,3064.0,2475.0,2260.0,80.67,74.28,157.5,96.2,2021,11,4,2,2591.0,2718.0,3630.0,5647.0,3383.0,3378.0,2675.0,3063.0,2263.0,2334.0,2769.285714285714,2966.0714285714284,3990.5666666666666,82.85,83.22,74.48,73.91,157.5,157.5,96.2,96.2,2247.909090909091
2021-11-18,2454.0,3260.0,2336.0,2248.0,82.45,74.25,157.5,96.2,2021,11,4,3,2430.0,2805.0,3519.0,5650.0,3064.0,3675.0,2475.0,3084.0,2260.0,2284.0,2728.1428571428573,2880.3571428571427,3883.3333333333335,80.67,84.52,74.28,74.1,157.5,157.5,96.2,96.2,2254.090909090909
2021-11-19,2552.0,3610.0,2282.0,2237.0,80.24,74.25,157.5,96.2,2021,11,4,4,2454.0,2861.0,3428.0,5526.0,3260.0,3870.0,2336.0,3079.0,2248.0,2259.0,2678.0,2804.285714285714,3776.8,82.45,82.91,74.25,74.26,157.5,157.5,96.2,96.2,2260.2727272727275
2021-11-22,2645.0,3884.0,2291.0,2235.0,80.97,74.37,157.5,96.2,2021,11,4,0,2552.0,2844.0,3187.0,5488.0,3610.0,3872.0,2282.0,3026.0,2237.0,2251.0,2633.8571428571427,2741.714285714286,3677.6666666666665,80.24,83.4,74.25,74.33000000000001,157.5,157.5,96.2,96.2,2278.818181818182
2021-11-23,2715.0,4055.0,2333.0,2243.0,83.43,74.49,157.5,96.2,2021,11,4,1,2645.0,2807.0,2892.0,5378.0,3884.0,3836.0,2291.0,2930.0,2235.0,2253.0,2605.4285714285716,2703.0,3582.9,80.97,82.9,74.37,74.4,157.5,157.5,96.2,96.2,2285.0
2021-11-24,2654.0,3822.0,2378.0,2255.0,82.37,74.57,157.5,96.2,2021,11,4,2,2715.0,2759.0,2769.0,5206.0,4055.0,3752.0,2333.0,2850.0,2243.0,2259.0,2592.285714285714,2690.3571428571427,3494.133333333333,83.43,81.94,74.49,74.35,157.5,157.5,96.2,96.2,2289.0
2021-11-25,2678.0,3776.0,2489.0,2284.0,82.05,74.72999999999999,157.5,96.2,2021,11,4,3,2654.0,2591.0,2715.0,5062.0,3822.0,3383.0,2378.0,2675.0,2255.0,2263.0,2577.285714285714,2682.1428571428573,3409.0666666666666,82.37,82.85,74.57,74.48,157.5,157.5,96.2,96.2,2296.0
2021-11-26,2767.0,3906.0,2621.0,2316.0,72.37,74.89,157.5,96.2,2021,11,4,4,2678.0,2430.0,2718.0,4854.0,3776.0,3064.0,2489.0,2475.0,2284.0,2260.0,2589.714285714286,2679.5,3329.6,82.05,80.67,74.72999999999999,74.28,157.5,157.5,96.2,96.2,2289.0
2021-11-29,2881.0,4143.0,2735.0,2327.0,73.34,75.12,157.5,96.2,2021,11,4,0,2767.0,2454.0,2805.0,4732.0,3906.0,3260.0,2621.0,2336.0,2316.0,2248.0,2637.8571428571427,2683.0,3260.0333333333333,72.37,82.45,74.89,74.25,157.5,157.5,96.2,96.2,2277.0
2021-11-30,3018.0,4483.0,2811.0,2340.0,70.86,75.1,157.5,96.2,2021,11,4,1,2881.0,2552.0,2861.0,4714.0,4143.0,3610.0,2735.0,2282.0,2327.0,2237.0,2698.8571428571427,2688.4285714285716,3198.3333333333335,73.34,80.24,75.12,74.25,157.5,157.5,96.2,96.2,2151.0
2021-12-01,3047.0,4464.0,2897.0,2374.0,69.53,74.83,169.7,117.0,2021,12,4,2,3018.0,2645.0,2844.0,4751.0,4483.0,3884.0,2811.0,2291.0,2340.0,2235.0,2765.4285714285716,2699.6428571428573,3141.8,70.86,80.97,75.1,74.37,157.5,157.5,96.2,96.2,2027.0
2021-12-02,3115.0,4534.0,3030.0,2402.0,70.56,74.89,169.7,117.0,2021,12,4,3,3047.0,2715.0,2807.0,4653.0,4464.0,4055.0,2897.0,2333.0,2374.0,2243.0,2822.8571428571427,2714.1428571428573,3085.0,69.53,83.43,74.83,74.49,169.7,157.5,117.0,96.2,1873.0
2021-12-03,3171.0,4594.0,3128.0,2431.0,70.71,75.24,169.7,117.0,2021,12,4,4,3115.0,2654.0,2759.0,4410.0,4534.0,3822.0,3030.0,2378.0,2402.0,2255.0,2880.0,2736.1428571428573,3033.733333333333,70.56,82.37,74.89,74.57,169.7,157.5,117.0,96.2,1764.0
2021-12-06,3235.0,4699.0,3212.0,2452.0,73.38,75.39,169.7,117.0,2021,12,4,0,3171.0,2678.0,2591.0,4257.0,4594.0,3776.0,3128.0,2489.0,2431.0,2284.0,2953.8571428571427,2765.5714285714284,2992.4333333333334,70.71,82.05,75.24,74.72999999999999,169.7,157.5,117.0,96.2,1731.0
2021-12-07,3352.0,4983.0,3253.0,2488.0,75.54,75.43,169.7,117.0,2021,12,4,1,3235.0,2767.0,2430.0,4056.0,4699.0,3906.0,3212.0,2621.0,2452.0,2316.0,3033.4285714285716,2811.5714285714284,2958.366666666667,73.38,72.37,75.39,74.89,169.7,157.5,117.0,96.2,1644.0
2021-12-08,3423.0,5189.0,3221.0,2520.0,75.94,75.4,169.7,117.0,2021,12,4,2,3352.0,2881.0,2454.0,3808.0,4983.0,4143.0,3253.0,2735.0,2488.0,2327.0,3117.0,2877.4285714285716,2934.9,75.54,73.34,75.43,75.12,169.7,157.5,117.0,96.2,1570.0
2021-12-09,3343.0,4989.0,3145.0,2541.0,74.1,75.58,169.7,117.0,2021,12,4,3,3423.0,3018.0,2552.0,3630.0,5189.0,4483.0,3221.0,2811.0,2520.0,2340.0,3194.4285714285716,2946.6428571428573,2922.0666666666666,75.94,70.86,75.4,75.1,169.7,157.5,117.0,96.2,1474.0
2021-12-10,3272.0,4827.0,3068.0,2551.0,74.98,75.66,169.7,117.0,2021,12,4,4,3343.0,3047.0,2645.0,3519.0,4989.0,4464.0,3145.0,2897.0,2541.0,2374.0,3240.8571428571427,3003.1428571428573,2912.5,74.1,69.53,75.58,74.83,169.7,169.7,117.0,117.0,1415.0
2021-12-13,3216.0,4718.0,2995.0,2552.0,74.12,75.78,169.7,117.0,2021,12,4,0,3272.0,3115.0,2715.0,3428.0,4827.0,4534.0,3068.0,3030.0,2551.0,2402.0,3273.0,3047.9285714285716,2904.266666666667,74.98,70.56,75.66,74.89,169.7,169.7,117.0,117.0,1391.0
2021-12-14,2932.0,3960.0,2879.0,2550.0,73.37,75.98,169.7,117.0,2021,12,4,1,3216.0,3171.0,2654.0,3187.0,4718.0,4594.0,2995.0,3128.0,2552.0,2431.0,3287.4285714285716,3083.714285714286,2897.2,74.12,70.71,75.78,75.24,169.7,169.7,117.0,117.0,1343.0
2021-12-15,2665.0,3272.0,2744.0,2542.0,73.71,76.38,169.7,117.0,2021,12,4,2,2932.0,3235.0,2678.0,2892.0,3960.0,4699.0,2879.0,3212.0,2550.0,2452.0,3253.285714285714,3103.5714285714284,2888.7,73.37,73.38,75.98,75.39,169.7,169.7,117.0,117.0,1296.0
2021-12-16,2498.0,2894.0,2626.0,2514.0,74.64,76.18,169.7,117.0,2021,12,4,3,2665.0,3352.0,2767.0,2769.0,3272.0,4983.0,2744.0,3253.0,2542.0,2488.0,3171.8571428571427,3102.6428571428573,2881.133333333333,73.71,75.54,76.38,75.43,169.7,169.7,117.0,117.0,1302.0
2021-12-17,2379.0,2727.0,2444.0,2469.0,72.97,75.98,169.7,117.0,2021,12,4,4,2498.0,3423.0,2881.0,2715.0,2894.0,5189.0,2626.0,3221.0,2514.0,2520.0,3049.8571428571427,3083.4285714285716,2872.1,74.64,75.94,76.18,75.4,169.7,169.7,117.0,117.0,1381.0
2021-12-20,2371.0,2807.0,2356.0,2436.0,70.51,75.82,169.7,117.0,2021,12,4,0,2379.0,3343.0,3018.0,2718.0,2727.0,4989.0,2444.0,3145.0,2469.0,2541.0,2900.714285714286,3047.5714285714284,2860.9,72.97,74.1,75.98,75.58,169.7,169.7,117.0,117.0,1418.0
2021-12-21,2294.0,2663.0,2311.0,2383.0,72.85,75.67,169.7,117.0,2021,12,4,1,2371.0,3272.0,3047.0,2805.0,2807.0,4827.0,2356.0,3068.0,2436.0,2551.0,2761.8571428571427,3001.3571428571427,2849.3333333333335,70.51,74.98,75.82,75.66,169.7,169.7,117.0,117.0,1440.0
2021-12-22,2229.0,2455.0,2384.0,2337.0,74.69,75.45,169.7,117.0,2021,12,4,2,2294.0,3216.0,3115.0,2861.0,2663.0,4718.0,2311.0,2995.0,2383.0,2552.0,2622.1428571428573,2947.5714285714284,2832.3,72.85,74.12,75.67,75.78,169.7,169.7,117.0,117.0,1419.0
2021-12-23,2219.0,2351.0,2515.0,2303.0,76.26,75.02,169.7,117.0,2021,12,4,3,2229.0,2932.0,3171.0,2844.0,2455.0,3960.0,2384.0,2879.0,2337.0,2550.0,2481.1428571428573,2884.285714285714,2811.233333333333,74.69,73.37,75.45,75.98,169.7,169.7,117.0,117.0,1425.0
2021-12-24,2217.0,2312.0,2573.0,2290.0,75.24,75.0075,169.7,117.0,2021,12,4,4,2219.0,2665.0,3235.0,2807.0,2351.0,3272.0,2515.0,2744.0,2303.0,2542.0,2379.285714285714,2816.285714285714,2790.4,76.26,73.71,75.02,76.38,169.7,169.7,117.0,117.0,1423.0
2021-12-27,2235.5454545454545,2322.3636363636365,2655.090909090909,2267.909090909091,77.274,74.97,169.7,117.0,2021,12,4,0,2217.0,2498.0,3352.0,2759.0,2312.0,2894.0,2573.0,2626.0,2290.0,2514.0,2315.285714285714,2743.5714285714284,2770.733333333333,75.24,74.64,75.0075,76.18,169.7,169.7,117.0,117.0,1422.0
2021-12-28,2241.7272727272725,2325.818181818182,2682.454545454545,2260.5454545454545,77.952,74.67,169.7,117.0,2021,12,4,1,2235.5454545454545,2379.0,3423.0,2591.0,2322.3636363636365,2727.0,2655.090909090909,2444.0,2267.909090909091,2469.0,2277.7922077922076,2663.8246753246754,2753.2848484848487,77.274,72.97,74.97,75.98,169.7,169.7,117.0,117.0,1503.0
2021-12-29,2247.909090909091,2329.2727272727275,2709.818181818182,2253.181818181818,78.63,74.58,169.7,117.0,2021,12,4,2,2241.7272727272725,2371.0,3343.0,2430.0,2325.818181818182,2807.0,2682.454545454545,2356.0,2260.5454545454545,2436.0,2258.1818181818185,2579.448051948052,2741.642424242424,77.952,70.51,74.67,75.82,169.7,169.7,117.0,117.0,1711.0
2021-12-30,2254.090909090909,2332.7272727272725,2737.181818181818,2245.818181818182,78.61,74.39,169.7,117.0,2021,12,4,3,2247.909090909091,2294.0,3272.0,2454.0,2329.2727272727275,2663.0,2709.818181818182,2311.0,2253.181818181818,2383.0,2240.5974025974024,2501.2272727272725,2735.5727272727277,78.63,72.85,74.58,75.67,169.7,169.7,117.0,117.0,1940.0
2021-12-31,2260.2727272727275,2336.181818181818,2764.5454545454545,2238.454545454545,77.24,74.3725,169.7,117.0,2021,12,4,4,2254.090909090909,2229.0,3216.0,2552.0,2332.7272727272725,2455.0,2737.181818181818,2384.0,2245.818181818182,2337.0,2234.896103896104,2428.5194805194806,2728.9090909090905,78.61,74.69,74.39,75.45,169.7,169.7,117.0,117.0,1977.0
2022-01-03,2278.818181818182,2346.5454545454545,2846.6363636363635,2216.3636363636365,78.25,74.32,197.0,132.5,2022,1,1,0,2260.2727272727275,2219.0,2932.0,2645.0,2336.181818181818,2351.0,2764.5454545454545,2515.0,2238.454545454545,2303.0,2239.3636363636365,2360.253246753247,2719.1848484848483,77.24,76.26,74.3725,75.02,169.7,169.7,117.0,117.0,1984.0
2022-01-04,2285.0,2350.0,2874.0,2209.0,79.39,74.52,197.0,132.5,2022,1,1,1,2278.818181818182,2217.0,2665.0,2715.0,2346.5454545454545,2312.0,2846.6363636363635,2573.0,2216.3636363636365,2290.0,2247.909090909091,2313.5974025974024,2706.978787878788,78.25,75.24,74.32,75.0075,197.0,169.7,132.5,117.0,1968.0
2022-01-05,2289.0,2301.0,3003.0,2165.0,80.6,74.31,197.0,132.5,2022,1,1,2,2285.0,2235.5454545454545,2498.0,2654.0,2350.0,2322.3636363636365,2874.0,2655.090909090909,2209.0,2267.909090909091,2257.6233766233768,2286.4545454545455,2692.6454545454544,79.39,77.274,74.52,74.97,197.0,169.7,132.5,117.0,1896.0
2022-01-06,2296.0,2356.0,3013.0,2124.0,81.99,74.4,197.0,132.5,2022,1,1,3,2289.0,2241.7272727272725,2379.0,2678.0,2301.0,2325.818181818182,3003.0,2682.454545454545,2165.0,2260.5454545454545,2265.2597402597403,2271.525974025974,2680.478787878788,80.6,77.952,74.31,74.67,197.0,169.7,132.5,117.0,1886.0
2022-01-07,2289.0,2432.0,2957.0,2074.0,82.28,74.27,197.0,132.5,2022,1,1,4,2296.0,2247.909090909091,2371.0,2767.0,2356.0,2329.2727272727275,3013.0,2709.818181818182,2124.0,2253.181818181818,2273.0129870129867,2265.5974025974024,2667.7454545454543,81.99,78.63,74.4,74.58,197.0,169.7,132.5,117.0,1964.0
2022-01-10,2277.0,2554.0,2849.0,2001.0,81.56,74.06,197.0,132.5,2022,1,1,0,2289.0,2254.090909090909,2294.0,2881.0,2432.0,2332.7272727272725,2957.0,2737.181818181818,2074.0,2245.818181818182,2278.883116883117,2259.7402597402597,2651.812121212121,82.28,78.61,74.27,74.39,197.0,169.7,132.5,117.0,2045.0
2022-01-11,2151.0,2325.0,2715.0,1958.0,84.98,73.81,197.0,132.5,2022,1,1,1,2277.0,2260.2727272727275,2229.0,3018.0,2554.0,2336.181818181818,2849.0,2764.5454545454545,2001.0,2238.454545454545,2282.155844155844,2258.525974025974,2631.6787878787877,81.56,77.24,74.06,74.3725,197.0,169.7,132.5,117.0,2148.0
2022-01-12,2027.0,2097.0,2565.0,1936.0,85.83,73.77,197.0,132.5,2022,1,1,2,2151.0,2278.818181818182,2219.0,3047.0,2325.0,2346.5454545454545,2715.0,2846.6363636363635,1958.0,2216.3636363636365,2266.5454545454545,2252.9545454545455,2602.7787878787876,84.98,78.25,73.81,74.32,197.0,197.0,132.5,132.5,2244.0
2022-01-13,1873.0,1746.0,2452.0,1915.0,85.8,73.96,197.0,132.5,2022,1,1,3,2027.0,2285.0,2217.0,3115.0,2097.0,2350.0,2565.0,2874.0,1936.0,2209.0,2230.5714285714284,2239.2402597402597,2568.7787878787876,85.83,79.39,73.77,74.52,197.0,197.0,132.5,132.5,2187.0
2022-01-14,1764.0,1496.0,2375.0,1897.0,87.17,74.08,197.0,132.5,2022,1,1,4,1873.0,2289.0,2235.5454545454545,3171.0,1746.0,2301.0,2452.0,3003.0,1915.0,2165.0,2171.714285714286,2214.6688311688313,2527.3787878787875,85.8,80.6,73.96,74.31,197.0,197.0,132.5,132.5,2076.0
2022-01-17,1731.0,1470.0,2326.0,1864.0,87.82,74.44,197.0,132.5,2022,1,1,0,1764.0,2296.0,2241.7272727272725,3235.0,1496.0,2356.0,2375.0,3013.0,1897.0,2124.0,2096.714285714286,2180.987012987013,2480.478787878788,87.17,81.99,74.08,74.4,197.0,197.0,132.5,132.5,2040.0
2022-01-18,1644.0,1316.0,2223.0,1840.0,88.83,74.56,197.0,132.5,2022,1,1,1,1731.0,2289.0,2247.909090909091,3352.0,1470.0,2432.0,2326.0,2957.0,1864.0,2074.0,2016.0,2144.5064935064934,2430.3454545454542,87.82,82.28,74.44,74.27,197.0,197.0,132.5,132.5,2069.0
2022-01-19,1570.0,1226.0,2095.0,1812.0,89.64,74.39,197.0,132.5,2022,1,1,2,1644.0,2277.0,2254.090909090909,3423.0,1316.0,2554.0,2223.0,2849.0,1840.0,2001.0,1923.857142857143,2101.37012987013,2373.4121212121213,88.83,81.56,74.56,74.06,197.0,197.0,132.5,132.5,2137.0
2022-01-20,1474.0,1031.0,2024.0,1773.0,89.75,74.32,197.0,132.5,2022,1,1,3,1570.0,2151.0,2260.2727272727275,3343.0,1226.0,2325.0,2095.0,2715.0,1812.0,1958.0,1822.857142857143,2052.5064935064934,2311.6454545454544,89.64,84.98,74.39,73.81,197.0,197.0,132.5,132.5,2104.0
2022-01-21,1415.0,891.0,2010.0,1749.0,89.75,74.28,197.0,132.5,2022,1,1,4,1474.0,2027.0,2278.818181818182,3272.0,1031.0,2097.0,2024.0,2565.0,1773.0,1936.0,1726.142857142857,1996.3441558441557,2249.3454545454542,89.75,85.83,74.32,73.77,197.0,197.0,132.5,132.5,2148.0
2022-01-24,1391.0,836.0,2013.0,1728.0,87.74,74.72,197.0,132.5,2022,1,1,0,1415.0,1873.0,2285.0,3216.0,891.0,1746.0,2010.0,2452.0,1749.0,1915.0,1638.7142857142858,1934.642857142857,2187.4454545454546,89.75,85.8,74.28,73.96,197.0,197.0,132.5,132.5,2235.0
2022-01-25,1343.0,745.0,1988.0,1693.0,89.49,74.73,197.0,132.5,2022,1,1,1,1391.0,1764.0,2289.0,2932.0,836.0,1496.0,2013.0,2375.0,1728.0,1897.0,1569.857142857143,1870.7857142857142,2126.612121212121,87.74,87.17,74.72,74.08,197.0,197.0,132.5,132.5,2352.0
2022-01-26,1296.0,702.0,1914.0,1654.0,91.22,74.87,197.0,132.5,2022,1,1,2,1343.0,1731.0,2296.0,2665.0,745.0,1470.0,1988.0,2326.0,1693.0,1864.0,1509.7142857142858,1803.2142857142858,2073.645454545455,89.49,87.82,74.73,74.44,197.0,197.0,132.5,132.5,2558.0
2022-01-27,1302.0,818.0,1846.0,1613.0,90.7,75.18,197.0,132.5,2022,1,1,3,1296.0,1644.0,2289.0,2498.0,702.0,1316.0,1914.0,2223.0,1654.0,1840.0,1447.5714285714287,1731.7857142857142,2028.0121212121214,91.22,88.83,74.87,74.56,197.0,197.0,132.5,132.5,2704.0
2022-01-28,1381.0,1075.0,1840.0,1597.0,91.47,75.0,197.0,132.5,2022,1,1,4,1302.0,1570.0,2277.0,2379.0,818.0,1226.0,1846.0,2095.0,1613.0,1812.0,1398.7142857142858,1661.2857142857142,1988.1454545454546,90.7,89.64,75.18,74.39,197.0,197.0,132.5,132.5,2718.0
2022-01-31,1418.0,1208.0,1828.0,1587.0,92.35,74.6,197.0,132.5,2022,1,1,0,1381.0,1474.0,2151.0,2371.0,1075.0,1031.0,1840.0,2024.0,1597.0,1773.0,1371.7142857142858,1597.2857142857142,1954.878787878788,91.47,89.75,75.0,74.32,197.0,197.0,132.5,132.5,2727.0
2022-02-01,1440.0,1297.0,1811.0,1578.0,90.24,74.78,219.8,142.8,2022,2,1,1,1418.0,1415.0,2027.0,2294.0,1208.0,891.0,1828.0,2010.0,1587.0,1749.0,1363.7142857142858,1544.9285714285713,1923.1121212121213,92.35,89.75,74.6,74.28,197.0,197.0,132.5,132.5,2689.0
2022-02-02,1419.0,1280.0,1765.0,1570.0,91.43,74.77,219.8,142.8,2022,2,1,2,1440.0,1391.0,1873.0,2229.0,1297.0,836.0,1811.0,2013.0,1578.0,1728.0,1367.2857142857142,1503.0,1894.6454545454546,90.24,87.74,74.78,74.72,219.8,197.0,142.8,132.5,2591.0
2022-02-03,1425.0,1291.0,1771.0,1571.0,92.99,74.71,219.8,142.8,2022,2,1,3,1419.0,1343.0,1764.0,2219.0,1280.0,745.0,1765.0,1988.0,1570.0,1693.0,1371.2857142857142,1470.5714285714287,1867.6454545454546,91.43,89.49,74.77,74.73,219.8,197.0,142.8,132.5,2588.0
2022-02-04,1423.0,1242.0,1796.0,1594.0,96.86,74.61,219.8,142.8,2022,2,1,4,1425.0,1296.0,1731.0,2217.0,1291.0,702.0,1771.0,1914.0,1571.0,1654.0,1383.0,1446.357142857143,1841.178787878788,92.99,91.22,74.71,74.87,219.8,197.0,142.8,132.5,2605.0
2022-02-07,1422.0,1148.0,1855.0,1638.0,97.28,74.68,219.8,142.8,2022,2,1,0,1423.0,1302.0,1644.0,2235.5454545454545,1242.0,818.0,1796.0,1846.0,1594.0,1613.0,1401.142857142857,1424.357142857143,1814.7121212121212,96.86,90.7,74.61,75.18,219.8,197.0,142.8,132.5,2589.0
2022-02-08,1503.0,1202.0,1971.0,1734.0,96.07,74.71,219.8,142.8,2022,2,1,1,1422.0,1381.0,1570.0,2241.7272727272725,1148.0,1075.0,1855.0,1840.0,1638.0,1597.0,1418.2857142857142,1408.5,1787.5939393939395,97.28,91.47,74.68,75.0,219.8,197.0,142.8,132.5,2546.0
2022-02-09,1711.0,1503.0,2153.0,1911.0,94.95,74.8,219.8,142.8,2022,2,1,2,1503.0,1418.0,1474.0,2247.909090909091,1202.0,1208.0,1971.0,1828.0,1734.0,1587.0,1435.7142857142858,1403.7142857142858,1762.969696969697,96.07,92.35,74.71,74.6,219.8,197.0,142.8,132.5,2575.0
2022-02-10,1940.0,1904.0,2333.0,2057.0,96.37,75.07,219.8,142.8,2022,2,1,3,1711.0,1440.0,1415.0,2254.090909090909,1503.0,1297.0,2153.0,1811.0,1911.0,1578.0,1477.5714285714287,1420.642857142857,1745.0727272727274,94.95,90.24,74.8,74.78,219.8,219.8,142.8,142.8,2567.0
2022-02-11,1977.0,1857.0,2403.0,2158.0,97.5,75.34,219.8,142.8,2022,2,1,4,1940.0,1419.0,1391.0,2260.2727272727275,1904.0,1280.0,2333.0,1765.0,2057.0,1570.0,1549.0,1458.142857142857,1734.6030303030304,96.37,91.43,75.07,74.77,219.8,219.8,142.8,142.8,2544.0
2022-02-14,1984.0,1795.0,2418.0,2228.0,101.66,75.63,219.8,142.8,2022,2,1,0,1977.0,1425.0,1343.0,2278.818181818182,1857.0,1291.0,2403.0,1771.0,2158.0,1571.0,1628.7142857142858,1500.0,1725.1606060606061,97.5,92.99,75.34,74.71,219.8,219.8,142.8,142.8,2484.0
2022-02-15,1968.0,1713.0,2400.0,2277.0,98.43,75.2,219.8,142.8,2022,2,1,1,1984.0,1423.0,1296.0,2285.0,1795.0,1242.0,2418.0,1796.0,2228.0,1594.0,1708.5714285714287,1545.7857142857142,1715.3333333333333,101.66,96.86,75.63,74.61,219.8,219.8,142.8,142.8,2417.0
2022-02-16,1896.0,1476.0,2375.0,2320.0,97.44,75.03,219.8,142.8,2022,2,1,2,1968.0,1422.0,1302.0,2289.0,1713.0,1148.0,2400.0,1855.0,2277.0,1638.0,1786.4285714285713,1593.7857142857142,1704.7666666666667,98.43,97.28,75.2,74.68,219.8,219.8,142.8,142.8,2369.0
2022-02-17,1886.0,1447.0,2365.0,2326.0,95.28,75.02,219.8,142.8,2022,2,1,3,1896.0,1503.0,1381.0,2296.0,1476.0,1202.0,2375.0,1971.0,2320.0,1734.0,1854.142857142857,1636.2142857142858,1691.6666666666667,97.44,96.07,75.03,74.71,219.8,219.8,142.8,142.8,2358.0
2022-02-18,1964.0,1675.0,2375.0,2325.0,96.18,74.63,219.8,142.8,2022,2,1,4,1886.0,1711.0,1418.0,2289.0,1447.0,1503.0,2365.0,2153.0,2326.0,1911.0,1908.857142857143,1672.2857142857142,1678.0,95.28,94.95,75.02,74.8,219.8,219.8,142.8,142.8,2357.0
2022-02-21,2045.0,1849.0,2441.0,2342.0,98.95,74.64500000000001,219.8,142.8,2022,2,1,0,1964.0,1940.0,1440.0,2277.0,1675.0,1904.0,2375.0,2333.0,2325.0,2057.0,1945.0,1711.2857142857142,1667.1666666666667,96.18,96.37,74.63,75.07,219.8,219.8,142.8,142.8,2307.0
2022-02-22,2148.0,2015.0,2596.0,2359.0,98.73,74.65,219.8,142.8,2022,2,1,1,2045.0,1977.0,1419.0,2151.0,1849.0,1857.0,2441.0,2403.0,2342.0,2158.0,1960.0,1754.5,1659.4333333333334,98.95,97.5,74.64500000000001,75.34,219.8,219.8,142.8,142.8,2213.0
2022-02-23,2244.0,2192.0,2699.0,2388.0,99.29,74.6,219.8,142.8,2022,2,1,2,2148.0,1984.0,1425.0,2027.0,2015.0,1795.0,2596.0,2418.0,2359.0,2228.0,1984.4285714285713,1806.5714285714287,1659.3333333333333,98.73,101.66,74.65,75.63,219.8,219.8,142.8,142.8,2128.0
2022-02-24,2187.0,2000.0,2689.0,2415.0,101.29,75.61,219.8,142.8,2022,2,1,3,2244.0,1968.0,1423.0,1873.0,2192.0,1713.0,2699.0,2400.0,2388.0,2277.0,2021.5714285714287,1865.0714285714287,1666.5666666666666,99.29,98.43,74.6,75.2,219.8,219.8,142.8,142.8,2061.0
2022-02-25,2076.0,1691.0,2658.0,2417.0,98.56,75.09,219.8,142.8,2022,2,1,4,2187.0,1896.0,1422.0,1764.0,2000.0,1476.0,2689.0,2375.0,2415.0,2320.0,2052.8571428571427,1919.642857142857,1677.0333333333333,101.29,97.44,75.61,75.03,219.8,219.8,142.8,142.8,2055.0
2022-02-28,2040.0,1617.0,2599.0,2428.0,103.08,75.49,219.8,142.8,2022,2,1,0,2076.0,1886.0,1503.0,1731.0,1691.0,1447.0,2658.0,2365.0,2417.0,2326.0,2078.5714285714284,1966.357142857143,1687.4333333333334,98.56,95.28,75.09,75.02,219.8,219.8,142.8,142.8,2031.0
2022-03-01,2069.0,1690.0,2601.0,2443.0,110.93,75.79,314.0,152.1,2022,3,1,1,2040.0,1964.0,1711.0,1644.0,1617.0,1675.0,2599.0,2375.0,2428.0,2325.0,2100.5714285714284,2004.7142857142858,1697.7333333333333,103.08,96.18,75.49,74.63,219.8,219.8,142.8,142.8,2035.0
2022-03-02,2137.0,1840.0,2634.0,2471.0,118.94,75.61,314.0,152.1,2022,3,1,2,2069.0,2045.0,1940.0,1570.0,1690.0,1849.0,2601.0,2441.0,2443.0,2342.0,2115.5714285714284,2030.2857142857142,1711.9,110.93,98.95,75.79,74.64500000000001,314.0,219.8,152.1,142.8,2068.0
2022-03-03,2104.0,1639.0,2699.0,2520.0,115.36,75.94,314.0,152.1,2022,3,1,3,2137.0,2148.0,1977.0,1474.0,1840.0,2015.0,2634.0,2596.0,2471.0,2359.0,2128.714285714286,2044.357142857143,1730.8,118.94,98.73,75.61,74.65,314.0,219.8,152.1,142.8,2137.0
2022-03-04,2148.0,1635.0,2785.0,2586.0,123.86,76.42,314.0,152.1,2022,3,1,4,2104.0,2244.0,1984.0,1415.0,1639.0,2192.0,2699.0,2699.0,2520.0,2388.0,2122.4285714285716,2053.4285714285716,1751.8,115.36,99.29,75.94,74.6,314.0,219.8,152.1,142.8,2132.6
2022-03-07,2235.0,1749.0,2901.0,2640.0,129.02,76.91,314.0,152.1,2022,3,1,0,2148.0,2187.0,1968.0,1391.0,1635.0,2000.0,2785.0,2689.0,2586.0,2415.0,2108.714285714286,2065.1428571428573,1776.2333333333333,123.86,101.29,76.42,75.61,314.0,219.8,152.1,142.8,2119.4
2022-03-08,2352.0,1896.0,3041.0,2733.0,133.18,77.07,314.0,152.1,2022,3,1,1,2235.0,2076.0,1896.0,1343.0,1749.0,1691.0,2901.0,2658.0,2640.0,2417.0,2115.5714285714284,2084.214285714286,1804.3666666666666,129.02,98.56,76.91,75.09,314.0,219.8,152.1,142.8,2115.0
2022-03-09,2558.0,2282.0,3194.0,2845.0,116.58,76.36,314.0,152.1,2022,3,1,2,2352.0,2040.0,1886.0,1296.0,1896.0,1617.0,3041.0,2599.0,2733.0,2428.0,2155.0,2116.785714285714,1838.0,133.18,103.08,77.07,75.49,314.0,219.8,152.1,142.8,2142.0
2022-03-10,2704.0,2613.0,3233.0,2923.0,114.54,76.37,314.0,152.1,2022,3,1,3,2558.0,2069.0,1964.0,1302.0,2282.0,1690.0,3194.0,2601.0,2845.0,2443.0,2229.0,2164.785714285714,1880.0666666666666,116.58,110.93,76.36,75.79,314.0,314.0,152.1,152.1,2239.0
2022-03-11,2718.0,2676.0,3187.0,2939.0,118.11,76.48,314.0,152.1,2022,3,1,4,2704.0,2137.0,2045.0,1381.0,2613.0,1840.0,3233.0,2634.0,2923.0,2471.0,2319.714285714286,2217.6428571428573,1926.8,114.54,118.94,76.37,75.61,314.0,314.0,152.1,152.1,2307.0
2022-03-14,2727.0,2786.0,3092.0,2934.0,110.39,76.45,314.0,152.1,2022,3,1,0,2718.0,2104.0,2148.0,1418.0,2676.0,1639.0,3187.0,2699.0,2939.0,2520.0,2402.714285714286,2265.714285714286,1971.3666666666666,118.11,115.36,76.48,75.94,314.0,314.0,152.1,152.1,2356.0
2022-03-15,2689.0,2823.0,2946.0,2901.0,105.14,76.41,314.0,152.1,2022,3,1,1,2727.0,2148.0,2244.0,1440.0,2786.0,1635.0,3092.0,2785.0,2934.0,2586.0,2491.714285714286,2307.0714285714284,2015.0,110.39,123.86,76.45,76.42,314.0,314.0,152.1,152.1,2404.0
2022-03-16,2591.0,2632.0,2847.0,2876.0,104.61,76.17,314.0,152.1,2022,3,1,2,2689.0,2235.0,2187.0,1419.0,2823.0,1749.0,2946.0,2901.0,2901.0,2640.0,2569.0,2338.8571428571427,2056.633333333333,105.14,129.02,76.41,76.91,314.0,314.0,152.1,152.1,2425.0
2022-03-17,2588.0,2604.0,2850.0,2892.0,113.5,75.94,314.0,152.1,2022,3,1,3,2591.0,2352.0,2076.0,1425.0,2632.0,1896.0,2847.0,3041.0,2876.0,2733.0,2619.8571428571427,2367.714285714286,2095.7,104.61,133.18,76.17,77.07,314.0,314.0,152.1,152.1,2403.0
2022-03-18,2605.0,2605.0,2874.0,2922.0,114.32,76.03,314.0,152.1,2022,3,1,4,2588.0,2558.0,2040.0,1423.0,2604.0,2282.0,2850.0,3194.0,2892.0,2845.0,2653.5714285714284,2404.285714285714,2134.4666666666667,113.5,116.58,75.94,76.36,314.0,314.0,152.1,152.1,2404.0
2022-03-21,2589.0,2470.0,2951.0,2949.0,122.29,76.19,314.0,152.1,2022,3,1,0,2605.0,2704.0,2069.0,1422.0,2605.0,2613.0,2874.0,3233.0,2922.0,2923.0,2660.285714285714,2444.6428571428573,2173.866666666667,114.32,114.54,76.03,76.37,314.0,314.0,152.1,152.1,2410.0
2022-03-22,2546.0,2175.0,3111.0,2983.0,121.53,76.06,314.0,152.1,2022,3,1,1,2589.0,2718.0,2137.0,1503.0,2470.0,2676.0,2951.0,3187.0,2949.0,2939.0,2643.8571428571427,2481.785714285714,2212.766666666667,122.29,118.11,76.19,76.48,314.0,314.0,152.1,152.1,2412.0
2022-03-23,2575.0,2100.0,3272.0,3016.0,127.52,76.46,314.0,152.1,2022,3,1,2,2546.0,2727.0,2104.0,1711.0,2175.0,2786.0,3111.0,3092.0,2983.0,2934.0,2619.285714285714,2511.0,2247.5333333333333,121.53,110.39,76.06,76.45,314.0,314.0,152.1,152.1,2485.0
2022-03-24,2567.0,1969.0,3379.0,3033.0,123.98,76.18,314.0,152.1,2022,3,1,3,2575.0,2689.0,2148.0,1940.0,2100.0,2823.0,3272.0,2946.0,3016.0,2901.0,2597.5714285714284,2544.6428571428573,2276.3333333333335,127.52,105.14,76.46,76.41,314.0,314.0,152.1,152.1,2644.0
2022-03-25,2544.0,1887.0,3413.0,3020.0,122.67,76.25,314.0,152.1,2022,3,1,4,2567.0,2591.0,2235.0,1977.0,1969.0,2632.0,3379.0,2847.0,3033.0,2876.0,2580.1428571428573,2574.5714285714284,2297.233333333333,123.98,104.61,76.18,76.17,314.0,314.0,152.1,152.1,2718.0
2022-03-28,2484.0,1734.0,3416.0,2991.0,114.5,76.06,314.0,152.1,2022,3,1,0,2544.0,2588.0,2352.0,1984.0,1887.0,2604.0,3413.0,2850.0,3020.0,2892.0,2573.4285714285716,2596.6428571428573,2316.133333333333,122.67,113.5,76.25,75.94,314.0,314.0,152.1,152.1,2831.0
2022-03-29,2417.0,1639.0,3337.0,2946.0,112.79,75.58,314.0,152.1,2022,3,1,1,2484.0,2605.0,2558.0,1968.0,1734.0,2605.0,3416.0,2874.0,2991.0,2922.0,2558.5714285714284,2606.0714285714284,2332.8,114.5,114.32,76.06,76.03,314.0,314.0,152.1,152.1,2939.0
2022-03-30,2369.0,1646.0,3236.0,2875.0,115.59,75.76,314.0,152.1,2022,3,1,2,2417.0,2589.0,2704.0,1896.0,1639.0,2470.0,3337.0,2951.0,2946.0,2949.0,2531.714285714286,2596.0,2347.766666666667,112.79,122.29,75.58,76.19,314.0,314.0,152.1,152.1,3052.0
2022-03-31,2358.0,1760.0,3141.0,2808.0,107.29,75.87,314.0,152.1,2022,3,1,3,2369.0,2546.0,2718.0,1886.0,1646.0,2175.0,3236.0,3111.0,2875.0,2983.0,2500.285714285714,2572.0714285714284,2363.5333333333333,115.59,121.53,75.76,76.06,314.0,314.0,152.1,152.1,3117.0
2022-04-01,2357.0,1864.0,3073.0,2755.0,106.13,75.96,310.9,151.3,2022,4,2,4,2358.0,2575.0,2727.0,1964.0,1760.0,2100.0,3141.0,3272.0,2808.0,3016.0,2473.4285714285716,2546.3571428571427,2379.266666666667,107.29,127.52,75.87,76.46,314.0,314.0,152.1,152.1,3104.0
2022-04-04,2307.0,1796.0,3015.0,2717.0,108.15,75.42,310.9,151.3,2022,4,2,0,2357.0,2567.0,2689.0,2045.0,1864.0,1969.0,3073.0,3379.0,2755.0,3033.0,2442.285714285714,2519.9285714285716,2392.366666666667,106.13,123.98,75.96,76.18,310.9,314.0,151.3,152.1,3085.0
2022-04-05,2213.0,1624.0,2951.0,2660.0,106.6,75.31,310.9,151.3,2022,4,2,1,2307.0,2544.0,2591.0,2148.0,1796.0,1887.0,3015.0,3413.0,2717.0,3020.0,2405.1428571428573,2492.6428571428573,2401.1,108.15,122.67,75.42,76.25,310.9,314.0,151.3,152.1,3095.0
2022-04-06,2128.0,1490.0,2868.0,2605.0,100.81,75.92,310.9,151.3,2022,4,2,2,2213.0,2484.0,2588.0,2244.0,1624.0,1734.0,2951.0,3416.0,2660.0,2991.0,2357.8571428571427,2465.6428571428573,2403.266666666667,106.6,114.5,75.31,76.06,310.9,314.0,151.3,152.1,3189.0
2022-04-07,2061.0,1417.0,2778.0,2547.0,99.83,75.9,310.9,151.3,2022,4,2,3,2128.0,2417.0,2605.0,2187.0,1490.0,1639.0,2868.0,3337.0,2605.0,2946.0,2307.0,2432.785714285714,2399.4,100.81,112.79,75.92,75.58,310.9,314.0,151.3,152.1,3289.0
2022-04-08,2055.0,1444.0,2777.0,2502.0,101.26,75.93,310.9,151.3,2022,4,2,4,2061.0,2369.0,2589.0,2076.0,1417.0,1646.0,2778.0,3236.0,2547.0,2875.0,2256.1428571428573,2393.9285714285716,2395.2,99.83,115.59,75.9,75.76,310.9,314.0,151.3,152.1,3344.0
2022-04-11,2031.0,1395.0,2785.0,2473.0,97.92,75.85,310.9,151.3,2022,4,2,0,2055.0,2358.0,2546.0,2040.0,1444.0,1760.0,2777.0,3141.0,2502.0,2808.0,2211.285714285714,2355.785714285714,2394.5,101.26,107.29,75.93,75.87,310.9,314.0,151.3,152.1,3369.0
2022-04-12,2035.0,1368.0,2862.0,2448.0,104.42,76.02,310.9,151.3,2022,4,2,1,2031.0,2357.0,2575.0,2069.0,1395.0,1864.0,2785.0,3073.0,2473.0,2755.0,2164.5714285714284,2319.0,2394.2,97.92,106.13,75.85,75.96,310.9,310.9,151.3,151.3,3253.0
2022-04-13,2068.0,1371.0,2968.0,2461.0,108.49,76.14,310.9,151.3,2022,4,2,2,2035.0,2307.0,2567.0,2137.0,1368.0,1796.0,2862.0,3015.0,2448.0,2717.0,2118.5714285714284,2280.4285714285716,2393.0666666666666,104.42,108.15,76.02,75.42,310.9,310.9,151.3,151.3,3127.0
2022-04-14,2137.0,1481.0,3042.0,2497.0,110.83,76.19,310.9,151.3,2022,4,2,3,2068.0,2213.0,2544.0,2104.0,1371.0,1624.0,2968.0,2951.0,2461.0,2660.0,2084.4285714285716,2244.785714285714,2390.766666666667,108.49,106.6,76.14,75.31,310.9,310.9,151.3,151.3,2933.0
2022-04-15,2132.6,1453.2,3049.4,2505.8,109.762,76.32,310.9,151.3,2022,4,2,4,2137.0,2128.0,2484.0,2148.0,1481.0,1490.0,3042.0,2868.0,2497.0,2605.0,2073.5714285714284,2215.714285714286,2391.866666666667,110.83,100.81,76.19,75.92,310.9,310.9,151.3,151.3,2681.0
2022-04-18,2119.4,1369.8,3071.6,2532.2,106.558,76.22,310.9,151.3,2022,4,2,0,2132.6,2061.0,2417.0,2235.0,1453.2,1417.0,3049.4,2778.0,2505.8,2547.0,2074.2285714285713,2190.6142857142854,2391.353333333333,109.762,99.83,76.32,75.9,310.9,310.9,151.3,151.3,2571.0
2022-04-19,2115.0,1342.0,3079.0,2541.0,105.49,76.39,310.9,151.3,2022,4,2,1,2119.4,2055.0,2369.0,2352.0,1369.8,1444.0,3071.6,2777.0,2532.2,2502.0,2082.5714285714284,2169.3571428571427,2387.5,106.558,101.26,76.22,75.93,310.9,310.9,151.3,151.3,2566.0
2022-04-20,2142.0,1363.0,3087.0,2596.0,105.05,76.24,310.9,151.3,2022,4,2,2,2115.0,2031.0,2358.0,2558.0,1342.0,1395.0,3079.0,2785.0,2541.0,2473.0,2091.1428571428573,2151.214285714286,2379.6,105.49,97.92,76.39,75.85,310.9,310.9,151.3,151.3,2633.0
2022-04-21,2239.0,1636.0,3047.0,2646.0,107.2,76.23,310.9,151.3,2022,4,2,3,2142.0,2035.0,2357.0,2704.0,1363.0,1368.0,3087.0,2862.0,2596.0,2448.0,2107.0,2135.785714285714,2365.733333333333,105.05,104.42,76.24,76.02,310.9,310.9,151.3,151.3,2618.4
2022-04-22,2307.0,1845.0,3004.0,2678.0,105.15,76.49,310.9,151.3,2022,4,2,4,2239.0,2068.0,2307.0,2718.0,1636.0,1371.0,3047.0,2968.0,2646.0,2461.0,2136.1428571428573,2127.3571428571427,2350.233333333333,107.2,108.49,76.23,76.14,310.9,310.9,151.3,151.3,2603.8
2022-04-25,2356.0,2003.0,2967.0,2699.0,99.27,76.72,310.9,151.3,2022,4,2,0,2307.0,2137.0,2213.0,2727.0,1845.0,1481.0,3004.0,3042.0,2678.0,2497.0,2170.285714285714,2127.3571428571427,2336.5333333333333,105.15,110.83,76.49,76.19,310.9,310.9,151.3,151.3,2560.0
2022-04-26,2404.0,2169.0,2919.0,2714.0,102.89,76.61,310.9,151.3,2022,4,2,1,2356.0,2132.6,2128.0,2689.0,2003.0,1453.2,2967.0,3049.4,2699.0,2505.8,2201.5714285714284,2137.5714285714284,2324.1666666666665,99.27,109.762,76.72,76.32,310.9,310.9,151.3,151.3,2514.0
2022-04-27,2425.0,2226.0,2904.0,2736.0,103.3,76.61,310.9,151.3,2022,4,2,2,2404.0,2119.4,2061.0,2591.0,2169.0,1369.8,2919.0,3071.6,2714.0,2532.2,2240.342857142857,2157.285714285714,2314.6666666666665,102.89,106.558,76.61,76.22,310.9,310.9,151.3,151.3,2410.0
2022-04-28,2403.0,2149.0,2914.0,2736.0,105.78,76.66,310.9,151.3,2022,4,2,3,2425.0,2115.0,2055.0,2588.0,2226.0,1342.0,2904.0,3079.0,2736.0,2541.0,2284.0,2183.285714285714,2309.133333333333,103.3,105.49,76.61,76.39,310.9,310.9,151.3,151.3,2342.0
2022-04-29,2404.0,2136.0,2938.0,2734.0,108.36,76.48,310.9,151.3,2022,4,2,4,2403.0,2142.0,2031.0,2605.0,2149.0,1363.0,2914.0,3087.0,2736.0,2596.0,2325.1428571428573,2208.1428571428573,2302.9666666666667,105.78,105.05,76.66,76.24,310.9,310.9,151.3,151.3,2320.0
2022-05-02,2410.0,2144.25,2950.75,2733.25,105.795,76.49,371.9,131.2,2022,5,2,0,2404.0,2239.0,2035.0,2589.0,2136.0,1636.0,2938.0,3047.0,2734.0,2646.0,2362.5714285714284,2234.785714285714,2296.266666666667,108.36,107.2,76.48,76.23,310.9,310.9,151.3,151.3,2260.0
2022-05-03,2412.0,2147.0,2955.0,2733.0,104.94,76.49,371.9,131.2,2022,5,2,1,2410.0,2307.0,2068.0,2546.0,2144.25,1845.0,2950.75,3004.0,2733.25,2678.0,2387.0,2261.5714285714284,2290.3,105.795,105.15,76.49,76.49,371.9,310.9,131.2,151.3,2284.0
2022-05-04,2485.0,2319.0,3013.0,2732.0,110.53,76.24,371.9,131.2,2022,5,2,2,2412.0,2356.0,2137.0,2575.0,2147.0,2003.0,2955.0,2967.0,2733.0,2699.0,2402.0,2286.1428571428573,2285.8333333333335,104.94,99.27,76.49,76.72,371.9,310.9,131.2,151.3,2387.0
2022-05-05,2644.0,2721.0,3110.0,2732.0,112.11,76.54,371.9,131.2,2022,5,2,3,2485.0,2404.0,2132.6,2567.0,2319.0,2169.0,3013.0,2919.0,2732.0,2714.0,2420.4285714285716,2311.0,2282.8333333333335,110.53,102.89,76.24,76.61,371.9,310.9,131.2,151.3,2462.0
2022-05-06,2718.0,2894.0,3175.0,2729.0,113.86,76.9,371.9,131.2,2022,5,2,4,2644.0,2425.0,2119.4,2544.0,2721.0,2226.0,3110.0,2904.0,2732.0,2736.0,2454.714285714286,2347.5285714285715,2285.4,112.11,103.3,76.54,76.61,371.9,310.9,131.2,151.3,2578.0
2022-05-09,2831.0,3185.0,3233.0,2732.0,106.67,77.45,371.9,131.2,2022,5,2,0,2718.0,2403.0,2115.0,2484.0,2894.0,2149.0,3175.0,2914.0,2729.0,2736.0,2496.5714285714284,2390.285714285714,2291.2,113.86,105.78,76.9,76.66,371.9,310.9,131.2,151.3,2596.0
2022-05-10,2939.0,3461.0,3277.0,2746.0,102.61,77.31,371.9,131.2,2022,5,2,1,2831.0,2404.0,2142.0,2417.0,3185.0,2136.0,3233.0,2938.0,2732.0,2734.0,2557.714285714286,2441.4285714285716,2302.766666666667,106.67,108.36,77.45,76.48,371.9,310.9,131.2,151.3,2484.0
2022-05-11,3052.0,3756.0,3316.0,2759.0,107.7,77.28,371.9,131.2,2022,5,2,2,2939.0,2410.0,2239.0,2369.0,3461.0,2144.25,3277.0,2950.75,2746.0,2733.25,2634.1428571428573,2498.3571428571427,2320.1666666666665,102.61,105.795,77.31,76.49,371.9,371.9,131.2,131.2,2349.0
2022-05-12,3117.0,3965.0,3310.0,2750.0,108.06,77.39,371.9,131.2,2022,5,2,3,3052.0,2412.0,2307.0,2358.0,3756.0,2147.0,3316.0,2955.0,2759.0,2733.0,2725.8571428571427,2556.4285714285716,2342.9333333333334,107.7,104.94,77.28,76.49,371.9,371.9,131.2,131.2,2354.0
2022-05-13,3104.0,3947.0,3283.0,2752.0,112.12,77.42,371.9,131.2,2022,5,2,4,3117.0,2485.0,2356.0,2357.0,3965.0,2319.0,3310.0,3013.0,2750.0,2732.0,2826.5714285714284,2614.285714285714,2368.233333333333,108.06,110.53,77.39,76.24,371.9,371.9,131.2,131.2,2331.0
2022-05-16,3085.0,3929.0,3241.0,2748.0,114.86,77.82,371.9,131.2,2022,5,2,0,3104.0,2644.0,2404.0,2307.0,3947.0,2721.0,3283.0,3110.0,2752.0,2732.0,2915.0,2667.714285714286,2393.133333333333,112.12,112.11,77.42,76.54,371.9,371.9,131.2,131.2,2295.0
2022-05-17,3095.0,3950.0,3254.0,2745.0,112.89,77.46,371.9,131.2,2022,5,2,1,3085.0,2718.0,2425.0,2213.0,3929.0,2894.0,3241.0,3175.0,2748.0,2729.0,2978.0,2716.3571428571427,2419.0666666666666,114.86,113.86,77.82,76.9,371.9,371.9,131.2,131.2,2204.0
2022-05-18,3189.0,4164.0,3327.0,2758.0,110.04,77.71,371.9,131.2,2022,5,2,2,3095.0,2831.0,2403.0,2128.0,3950.0,3185.0,3254.0,3233.0,2745.0,2732.0,3031.8571428571427,2764.214285714286,2448.4666666666667,112.89,106.67,77.46,77.45,371.9,371.9,131.2,131.2,2186.0
2022-05-19,3289.0,4385.0,3370.0,2800.0,113.22,77.45,371.9,131.2,2022,5,2,3,3189.0,2939.0,2404.0,2061.0,4164.0,3461.0,3327.0,3277.0,2758.0,2746.0,3083.0,2820.3571428571427,2483.8333333333335,110.04,102.61,77.71,77.31,371.9,371.9,131.2,131.2,2240.0
2022-05-20,3344.0,4526.0,3382.0,2816.0,113.63,77.79,371.9,131.2,2022,5,2,4,3289.0,3052.0,2410.0,2055.0,4385.0,3756.0,3370.0,3316.0,2800.0,2759.0,3133.0,2883.5714285714284,2524.766666666667,113.22,107.7,77.45,77.28,371.9,371.9,131.2,131.2,2214.0
2022-05-23,3369.0,4602.0,3377.0,2818.0,115.13,77.51,371.9,131.2,2022,5,2,0,3344.0,3117.0,2412.0,2031.0,4526.0,3965.0,3382.0,3310.0,2816.0,2750.0,3174.714285714286,2950.285714285714,2567.733333333333,113.63,108.06,77.79,77.39,371.9,371.9,131.2,131.2,2159.0
2022-05-24,3253.0,4288.0,3321.0,2828.0,115.77,77.5,371.9,131.2,2022,5,2,1,3369.0,3104.0,2485.0,2035.0,4602.0,3947.0,3377.0,3283.0,2818.0,2752.0,3210.714285714286,3018.6428571428573,2612.3333333333335,115.13,112.12,77.51,77.42,371.9,371.9,131.2,131.2,2098.0
2022-05-25,3127.0,3987.0,3218.0,2833.0,116.41,77.58,371.9,131.2,2022,5,2,2,3253.0,3085.0,2644.0,2068.0,4288.0,3929.0,3321.0,3241.0,2828.0,2748.0,3232.0,3073.5,2652.9333333333334,115.77,114.86,77.5,77.82,371.9,371.9,131.2,131.2,2043.0
2022-05-26,2933.0,3478.0,3140.0,2823.0,119.81,77.66,371.9,131.2,2022,5,2,3,3127.0,3095.0,2718.0,2137.0,3987.0,3950.0,3218.0,3254.0,2833.0,2745.0,3238.0,3108.0,2688.233333333333,116.41,112.89,77.58,77.46,371.9,371.9,131.2,131.2,2073.0
2022-05-27,2681.0,2818.0,3048.0,2796.0,121.19,77.58,371.9,131.2,2022,5,2,4,2933.0,3189.0,2831.0,2132.6,3478.0,4164.0,3140.0,3327.0,2823.0,2758.0,3214.8571428571427,3123.3571428571427,2714.766666666667,119.81,110.04,77.66,77.71,371.9,371.9,131.2,131.2,2067.0
2022-05-30,2571.0,2594.0,2944.0,2774.0,123.01,77.5875,371.9,131.2,2022,5,2,0,2681.0,3289.0,2939.0,2119.4,2818.0,4385.0,3048.0,3370.0,2796.0,2800.0,3142.285714285714,3112.6428571428573,2733.046666666667,121.19,113.22,77.58,77.45,371.9,371.9,131.2,131.2,2081.0
2022-05-31,2566.0,2668.0,2873.0,2743.0,125.53,77.59,371.9,131.2,2022,5,2,1,2571.0,3344.0,3052.0,2115.0,2594.0,4526.0,2944.0,3382.0,2774.0,2816.0,3039.714285714286,3086.3571428571427,2748.1,123.01,113.63,77.5875,77.79,371.9,371.9,131.2,131.2,2013.0
2022-06-01,2633.0,2927.0,2851.0,2703.0,122.2,77.59,374.1,130.7,2022,6,2,2,2566.0,3369.0,3117.0,2142.0,2668.0,4602.0,2873.0,3377.0,2743.0,2818.0,2928.5714285714284,3051.6428571428573,2763.133333333333,125.53,115.13,77.59,77.51,371.9,371.9,131.2,131.2,2002.0
2022-06-02,2618.4,2893.0,2849.0,2694.4,123.94,77.41,374.1,130.7,2022,6,2,3,2633.0,3253.0,3104.0,2239.0,2927.0,4288.0,2851.0,3321.0,2703.0,2828.0,2823.4285714285716,3017.0714285714284,2779.5,122.2,115.77,77.59,77.5,374.1,371.9,130.7,131.2,2010.0
2022-06-03,2603.8,2859.0,2847.0,2685.8,125.68,77.59,374.1,130.7,2022,6,2,4,2618.4,3127.0,3085.0,2307.0,2893.0,3987.0,2849.0,3218.0,2694.4,2833.0,2732.7714285714287,2982.3857142857146,2792.1466666666665,123.94,116.41,77.41,77.58,374.1,371.9,130.7,131.2,2150.0
2022-06-06,2560.0,2757.0,2841.0,2660.0,124.99,77.83,374.1,130.7,2022,6,2,0,2603.8,2933.0,3095.0,2356.0,2859.0,3478.0,2847.0,3140.0,2685.8,2823.0,2658.0285714285715,2948.0142857142855,2802.04,125.68,119.81,77.59,77.66,374.1,371.9,130.7,131.2,2162.0
2022-06-07,2514.0,2668.0,2815.0,2632.0,126.89,77.66,374.1,130.7,2022,6,2,1,2560.0,2681.0,3189.0,2404.0,2757.0,2818.0,2841.0,3048.0,2660.0,2796.0,2604.7428571428572,2909.7999999999997,2808.8399999999997,124.99,121.19,77.83,77.58,374.1,371.9,130.7,131.2,2145.0
2022-06-08,2410.0,2457.0,2747.0,2585.0,129.2,77.65,374.1,130.7,2022,6,2,2,2514.0,2571.0,3289.0,2425.0,2668.0,2594.0,2815.0,2944.0,2632.0,2774.0,2580.8857142857146,2861.585714285714,2812.5066666666667,126.89,123.01,77.66,77.5875,374.1,371.9,130.7,131.2,2113.0
2022-06-09,2342.0,2369.0,2674.0,2527.0,128.47,77.84,374.1,130.7,2022,6,2,3,2410.0,2566.0,3344.0,2403.0,2457.0,2668.0,2747.0,2873.0,2585.0,2743.0,2557.8857142857146,2798.7999999999997,2812.0066666666667,129.2,125.53,77.65,77.59,374.1,371.9,130.7,131.2,2118.0
2022-06-10,2320.0,2371.0,2629.0,2495.0,127.44,78.08,374.1,130.7,2022,6,2,4,2342.0,2633.0,3369.0,2404.0,2369.0,2927.0,2674.0,2851.0,2527.0,2703.0,2525.8857142857146,2727.2285714285713,2809.9733333333334,128.47,122.2,77.84,77.59,374.1,374.1,130.7,130.7,2146.0
2022-06-13,2260.0,2246.0,2600.0,2463.0,128.44,78.08,374.1,130.7,2022,6,2,0,2320.0,2618.4,3253.0,2410.0,2371.0,2893.0,2629.0,2849.0,2495.0,2694.4,2481.171428571429,2652.2999999999997,2807.173333333333,127.44,123.94,78.08,77.41,374.1,374.1,130.7,130.7,2114.0
2022-06-14,2284.0,2308.0,2629.0,2451.0,127.02,78.01,374.1,130.7,2022,6,2,1,2260.0,2603.8,3127.0,2412.0,2246.0,2859.0,2600.0,2847.0,2463.0,2685.8,2429.9714285714285,2581.371428571428,2802.173333333333,128.44,125.68,78.08,77.59,374.1,374.1,130.7,130.7,2061.0
2022-06-15,2387.0,2551.0,2706.0,2454.0,124.96,78.12,374.1,130.7,2022,6,2,2,2284.0,2560.0,2933.0,2485.0,2308.0,2757.0,2629.0,2841.0,2451.0,2660.0,2384.285714285714,2521.157142857143,2797.9066666666668,127.02,124.99,78.01,77.83,374.1,374.1,130.7,130.7,2007.0
2022-06-16,2462.0,2702.0,2790.0,2460.0,125.78,78.0,374.1,130.7,2022,6,2,3,2387.0,2514.0,2681.0,2644.0,2551.0,2668.0,2706.0,2815.0,2454.0,2632.0,2359.5714285714284,2482.157142857143,2794.64,124.96,126.89,78.12,77.66,374.1,374.1,130.7,130.7,1945.0
2022-06-17,2578.0,2987.0,2862.0,2467.0,119.22,78.0,374.1,130.7,2022,6,2,4,2462.0,2410.0,2571.0,2718.0,2702.0,2457.0,2790.0,2747.0,2460.0,2585.0,2352.1428571428573,2466.5142857142855,2788.5733333333333,125.78,129.2,78.0,77.65,374.1,374.1,130.7,130.7,1895.0
2022-06-20,2596.0,3031.0,2872.0,2470.0,118.25,78.06,374.1,130.7,2022,6,2,0,2578.0,2342.0,2566.0,2831.0,2987.0,2369.0,2862.0,2674.0,2467.0,2527.0,2376.1428571428573,2467.0142857142855,2783.9066666666668,119.22,128.47,78.0,77.84,374.1,374.1,130.7,130.7,1872.0
2022-06-21,2484.0,2710.0,2851.0,2471.0,118.51,78.08,374.1,130.7,2022,6,2,1,2596.0,2320.0,2633.0,2939.0,3031.0,2371.0,2872.0,2629.0,2470.0,2495.0,2412.4285714285716,2469.157142857143,2776.0733333333333,118.25,127.44,78.06,78.08,374.1,374.1,130.7,130.7,1817.0
2022-06-22,2349.0,2343.0,2797.0,2475.0,115.54,78.21,374.1,130.7,2022,6,2,2,2484.0,2260.0,2618.4,3052.0,2710.0,2246.0,2851.0,2600.0,2471.0,2463.0,2435.8571428571427,2458.5142857142855,2760.9066666666668,118.51,128.44,78.08,78.08,374.1,374.1,130.7,130.7,1731.0
2022-06-23,2354.0,2419.0,2732.0,2466.0,114.5,78.14,374.1,130.7,2022,6,2,3,2349.0,2284.0,2603.8,3117.0,2343.0,2308.0,2797.0,2629.0,2475.0,2451.0,2448.5714285714284,2439.2714285714287,2737.4733333333334,115.54,127.02,78.21,78.01,374.1,374.1,130.7,130.7,1603.0
2022-06-24,2331.0,2396.0,2695.0,2449.0,117.36,78.25,374.1,130.7,2022,6,2,4,2354.0,2387.0,2560.0,3104.0,2419.0,2551.0,2732.0,2706.0,2466.0,2454.0,2458.5714285714284,2421.4285714285716,2712.04,114.5,124.96,78.14,78.12,374.1,374.1,130.7,130.7,1560.0
2022-06-27,2295.0,2332.0,2652.0,2439.0,119.69,78.45,374.1,130.7,2022,6,2,0,2331.0,2462.0,2514.0,3085.0,2396.0,2702.0,2695.0,2790.0,2449.0,2460.0,2450.5714285714284,2405.0714285714284,2686.273333333333,117.36,125.78,78.25,78.0,374.1,374.1,130.7,130.7,1566.0
2022-06-28,2204.0,2152.0,2566.0,2416.0,122.21,78.97,374.1,130.7,2022,6,2,1,2295.0,2578.0,2410.0,3095.0,2332.0,2987.0,2652.0,2862.0,2439.0,2467.0,2426.714285714286,2389.4285714285716,2659.94,119.69,119.22,78.45,78.0,374.1,374.1,130.7,130.7,1564.0
2022-06-29,2186.0,2200.0,2510.0,2359.0,120.8,78.91,374.1,130.7,2022,6,2,2,2204.0,2596.0,2342.0,3189.0,2152.0,3031.0,2566.0,2872.0,2416.0,2470.0,2373.285714285714,2374.714285714286,2630.24,122.21,118.25,78.97,78.06,374.1,374.1,130.7,130.7,1592.0
2022-06-30,2240.0,2434.0,2485.0,2306.0,119.78,79.02,374.1,130.7,2022,6,2,3,2186.0,2484.0,2320.0,3289.0,2200.0,2710.0,2510.0,2851.0,2359.0,2471.0,2314.714285714286,2363.5714285714284,2596.8066666666664,120.8,118.51,78.91,78.08,374.1,374.1,130.7,130.7,1556.0
2022-07-01,2214.0,2381.0,2477.0,2290.0,119.21,78.89,402.2,108.6,2022,7,3,4,2240.0,2349.0,2260.0,3344.0,2434.0,2343.0,2485.0,2797.0,2306.0,2475.0,2279.8571428571427,2357.8571428571427,2561.8399999999997,119.78,115.54,79.02,78.21,374.1,374.1,130.7,130.7,1477.0
2022-07-04,2159.0,2228.0,2469.0,2282.0,121.8,79.175,402.2,108.6,2022,7,3,0,2214.0,2354.0,2284.0,3369.0,2381.0,2419.0,2477.0,2732.0,2290.0,2466.0,2260.5714285714284,2354.5714285714284,2524.173333333333,119.21,114.5,78.89,78.14,402.2,374.1,108.6,130.7,1404.0
2022-07-05,2098.0,2084.0,2441.0,2265.0,110.49,79.27,402.2,108.6,2022,7,3,1,2159.0,2331.0,2387.0,3253.0,2228.0,2396.0,2469.0,2695.0,2282.0,2449.0,2232.714285714286,2345.6428571428573,2483.8399999999997,121.8,117.36,79.175,78.25,402.2,374.1,108.6,130.7,1387.0
2022-07-06,2043.0,2000.0,2363.0,2247.0,108.54,79.02,402.2,108.6,2022,7,3,2,2098.0,2295.0,2462.0,3127.0,2084.0,2332.0,2441.0,2652.0,2265.0,2439.0,2199.4285714285716,2325.0,2445.3399999999997,110.49,119.69,79.27,78.45,402.2,374.1,108.6,130.7,1394.0
2022-07-07,2073.0,2205.0,2278.0,2203.0,113.4,79.12,402.2,108.6,2022,7,3,3,2043.0,2204.0,2578.0,2933.0,2000.0,2152.0,2363.0,2566.0,2247.0,2416.0,2163.4285714285716,2295.0714285714284,2409.2066666666665,108.54,122.21,79.02,78.97,402.2,374.1,108.6,130.7,1320.0
2022-07-08,2067.0,2270.0,2223.0,2163.0,113.95,79.25,402.2,108.6,2022,7,3,4,2073.0,2186.0,2596.0,2681.0,2205.0,2200.0,2278.0,2510.0,2203.0,2359.0,2144.714285714286,2259.0,2380.54,113.4,120.8,79.12,78.91,402.2,374.1,108.6,130.7,1279.0
2022-07-11,2081.0,2365.0,2172.0,2152.0,114.85,79.46,402.2,108.6,2022,7,3,0,2067.0,2240.0,2484.0,2571.0,2270.0,2434.0,2223.0,2485.0,2163.0,2306.0,2127.714285714286,2221.214285714286,2360.0733333333333,113.95,119.78,79.25,79.02,402.2,374.1,108.6,130.7,1270.0
2022-07-12,2013.0,2249.0,2096.0,2123.0,106.98,79.45,402.2,108.6,2022,7,3,1,2081.0,2214.0,2349.0,2566.0,2365.0,2381.0,2172.0,2477.0,2152.0,2290.0,2105.0,2192.4285714285716,2343.74,114.85,119.21,79.46,78.89,402.2,402.2,108.6,108.6,1271.0
2022-07-13,2002.0,2334.0,2008.0,2077.0,107.17,79.68,402.2,108.6,2022,7,3,2,2013.0,2159.0,2354.0,2633.0,2249.0,2228.0,2096.0,2469.0,2123.0,2282.0,2076.285714285714,2168.4285714285716,2325.3066666666664,106.98,121.8,79.45,79.175,402.2,402.2,108.6,108.6,1213.0
2022-07-14,2010.0,2457.0,1920.0,2050.0,107.74,79.94,402.2,108.6,2022,7,3,3,2002.0,2098.0,2331.0,2618.4,2334.0,2084.0,2008.0,2441.0,2077.0,2265.0,2053.8571428571427,2143.285714285714,2304.273333333333,107.17,110.49,79.68,79.27,402.2,402.2,108.6,108.6,1123.0
2022-07-15,2150.0,2919.0,1885.0,2039.0,112.26,79.74,402.2,108.6,2022,7,3,4,2010.0,2043.0,2295.0,2603.8,2457.0,2000.0,1920.0,2363.0,2050.0,2247.0,2041.2857142857142,2120.3571428571427,2283.9933333333333,107.74,108.54,79.94,79.02,402.2,402.2,108.6,108.6,1082.0
2022-07-18,2162.0,2967.0,1872.0,2037.0,117.27,79.99,402.2,108.6,2022,7,3,0,2150.0,2073.0,2204.0,2560.0,2919.0,2205.0,1885.0,2278.0,2039.0,2203.0,2056.5714285714284,2110.0,2268.866666666667,112.26,113.4,79.74,79.12,402.2,402.2,108.6,108.6,1033.25
2022-07-19,2145.0,2899.0,1889.0,2039.0,114.96,79.88,402.2,108.6,2022,7,3,1,2162.0,2067.0,2186.0,2514.0,2967.0,2270.0,1872.0,2223.0,2037.0,2163.0,2069.285714285714,2107.0,2255.6,117.27,113.95,79.99,79.25,402.2,402.2,108.6,108.6,1017.0
2022-07-20,2113.0,2719.0,1972.0,2057.0,115.86,79.96,402.2,108.6,2022,7,3,2,2145.0,2081.0,2240.0,2410.0,2899.0,2365.0,1889.0,2172.0,2039.0,2152.0,2080.4285714285716,2104.0714285714284,2243.3,114.96,114.85,79.88,79.46,402.2,402.2,108.6,108.6,965.0
2022-07-21,2118.0,2653.0,2051.0,2073.0,112.81,79.85,402.2,108.6,2022,7,3,3,2113.0,2013.0,2214.0,2342.0,2719.0,2249.0,1972.0,2096.0,2057.0,2123.0,2085.0,2095.0,2233.4,115.86,106.98,79.96,79.45,402.2,402.2,108.6,108.6,1002.0
2022-07-22,2146.0,2696.0,2093.0,2080.0,106.77,79.83,402.2,108.6,2022,7,3,4,2118.0,2002.0,2159.0,2320.0,2653.0,2334.0,2051.0,2008.0,2073.0,2077.0,2100.0,2088.1428571428573,2225.9333333333334,112.81,107.17,79.85,79.68,402.2,402.2,108.6,108.6,1086.0
2022-07-25,2114.0,2596.0,2100.0,2079.0,108.23,79.79,402.2,108.6,2022,7,3,0,2146.0,2010.0,2098.0,2260.0,2696.0,2457.0,2093.0,1920.0,2080.0,2050.0,2120.5714285714284,2087.214285714286,2220.133333333333,106.77,107.74,79.83,79.94,402.2,402.2,108.6,108.6,1133.0
2022-07-26,2061.0,2455.0,2088.0,2071.0,107.32,79.82,402.2,108.6,2022,7,3,1,2114.0,2150.0,2043.0,2284.0,2596.0,2919.0,2100.0,1885.0,2079.0,2039.0,2135.4285714285716,2088.3571428571427,2215.266666666667,108.23,112.26,79.79,79.74,402.2,402.2,108.6,108.6,1114.0
2022-07-27,2007.0,2333.0,2076.0,2038.0,109.64,79.92,402.2,108.6,2022,7,3,2,2061.0,2162.0,2073.0,2387.0,2455.0,2967.0,2088.0,1872.0,2071.0,2037.0,2122.714285714286,2089.6428571428573,2207.8333333333335,107.32,117.27,79.82,79.99,402.2,402.2,108.6,108.6,1133.0
2022-07-28,1945.0,2190.0,2065.0,2003.0,109.68,79.64,402.2,108.6,2022,7,3,3,2007.0,2145.0,2067.0,2462.0,2333.0,2899.0,2076.0,1889.0,2038.0,2039.0,2100.5714285714284,2084.9285714285716,2195.1666666666665,109.64,114.96,79.92,79.88,402.2,402.2,108.6,108.6,1178.0
2022-07-29,1895.0,2081.0,2051.0,1971.0,111.51,79.33,402.2,108.6,2022,7,3,4,1945.0,2113.0,2081.0,2578.0,2190.0,2719.0,2065.0,1972.0,2003.0,2057.0,2072.0,2076.214285714286,2177.9333333333334,109.68,115.86,79.64,79.96,402.2,402.2,108.6,108.6,1213.0
2022-08-01,1872.0,2062.0,2044.0,1928.0,106.09,78.93,407.0,108.9,2022,8,3,0,1895.0,2118.0,2013.0,2596.0,2081.0,2653.0,2051.0,2051.0,1971.0,2073.0,2040.857142857143,2062.9285714285716,2155.1666666666665,111.51,112.81,79.33,79.85,402.2,402.2,108.6,108.6,1256.0
2022-08-02,1817.0,1971.0,2026.0,1866.0,106.51,78.49,407.0,108.9,2022,8,3,1,1872.0,2146.0,2002.0,2484.0,2062.0,2696.0,2044.0,2093.0,1928.0,2080.0,2005.7142857142858,2052.8571428571427,2131.0333333333333,106.09,106.77,78.93,79.83,407.0,402.2,108.9,108.6,1408.0
2022-08-03,1731.0,1790.0,2005.0,1805.0,101.82,79.13,407.0,108.9,2022,8,3,2,1817.0,2114.0,2010.0,2349.0,1971.0,2596.0,2026.0,2100.0,1866.0,2079.0,1958.7142857142858,2039.642857142857,2108.8,106.51,108.23,78.49,79.79,407.0,402.2,108.9,108.6,1595.0
2022-08-04,1603.0,1480.0,1983.0,1747.0,97.99,79.23,407.0,108.9,2022,8,3,3,1731.0,2061.0,2150.0,2354.0,1790.0,2455.0,2005.0,2088.0,1805.0,2071.0,1904.0,2019.7142857142858,2088.2,101.82,107.32,79.13,79.82,407.0,402.2,108.9,108.6,1612.0
2022-08-05,1560.0,1411.0,1967.0,1700.0,100.31,79.36,407.0,108.9,2022,8,3,4,1603.0,2007.0,2162.0,2331.0,1480.0,2333.0,1983.0,2076.0,1747.0,2038.0,1838.5714285714287,1980.642857142857,2063.1666666666665,97.99,109.64,79.23,79.92,407.0,402.2,108.9,108.6,1553.0
2022-08-08,1566.0,1465.0,1958.0,1671.0,103.46,79.58,407.0,108.9,2022,8,3,0,1560.0,1945.0,2145.0,2295.0,1411.0,2190.0,1967.0,2065.0,1700.0,2003.0,1774.7142857142858,1937.642857142857,2037.4666666666667,100.31,109.68,79.36,79.64,407.0,402.2,108.9,108.6,1685.0
2022-08-09,1564.0,1510.0,1938.0,1636.0,103.81,79.65,407.0,108.9,2022,8,3,1,1566.0,1895.0,2113.0,2204.0,1465.0,2081.0,1958.0,2051.0,1671.0,1971.0,1720.5714285714287,1896.2857142857142,2013.1666666666667,103.46,111.51,79.58,79.33,407.0,402.2,108.9,108.6,1729.0
2022-08-10,1592.0,1622.0,1932.0,1614.0,105.06,79.07,407.0,108.9,2022,8,3,2,1564.0,1872.0,2118.0,2186.0,1510.0,2062.0,1938.0,2044.0,1636.0,1928.0,1673.2857142857142,1857.0714285714287,1991.8333333333333,103.81,106.09,79.65,78.93,407.0,407.0,108.9,108.9,1743.0
2022-08-11,1556.0,1538.0,1927.0,1591.0,107.19,79.54,407.0,108.9,2022,8,3,3,1592.0,1817.0,2146.0,2240.0,1622.0,1971.0,1932.0,2026.0,1614.0,1866.0,1633.2857142857142,1819.5,1972.0333333333333,105.06,106.51,79.07,78.49,407.0,407.0,108.9,108.9,1757.0
2022-08-12,1477.0,1314.0,1907.0,1593.0,103.7,79.65,407.0,108.9,2022,8,3,4,1556.0,1731.0,2114.0,2214.0,1538.0,1790.0,1927.0,2005.0,1591.0,1805.0,1596.0,1777.357142857143,1949.2333333333333,107.19,101.82,79.54,79.13,407.0,407.0,108.9,108.9,1771.0
2022-08-15,1404.0,1098.0,1885.0,1607.0,98.25,79.48,407.0,108.9,2022,8,3,0,1477.0,1603.0,2061.0,2159.0,1314.0,1480.0,1907.0,1983.0,1593.0,1747.0,1559.7142857142858,1731.857142857143,1924.6666666666667,103.7,97.99,79.65,79.23,407.0,407.0,108.9,108.9,1813.0
2022-08-16,1387.0,1059.0,1850.0,1626.0,95.36,79.31,407.0,108.9,2022,8,3,1,1404.0,1560.0,2007.0,2098.0,1098.0,1411.0,1885.0,1967.0,1607.0,1700.0,1531.2857142857142,1684.9285714285713,1899.5,98.25,100.31,79.48,79.36,407.0,407.0,108.9,108.9,1807.0
2022-08-17,1394.0,1083.0,1805.0,1659.0,97.22,79.41,407.0,108.9,2022,8,3,2,1387.0,1566.0,1945.0,2043.0,1059.0,1465.0,1850.0,1958.0,1626.0,1671.0,1506.5714285714287,1640.642857142857,1875.8,95.36,103.46,79.31,79.58,407.0,407.0,108.9,108.9,1799.0
2022-08-18,1320.0,867.0,1749.0,1698.0,96.35,79.66,407.0,108.9,2022,8,3,3,1394.0,1564.0,1895.0,2073.0,1083.0,1510.0,1805.0,1938.0,1659.0,1636.0,1482.0,1601.2857142857142,1854.1666666666667,97.22,103.81,79.41,79.65,407.0,407.0,108.9,108.9,1757.0
2022-08-19,1279.0,756.0,1688.0,1735.0,96.45,79.89,407.0,108.9,2022,8,3,4,1320.0,1592.0,1872.0,2067.0,867.0,1622.0,1749.0,1932.0,1698.0,1614.0,1447.142857142857,1560.2142857142858,1829.0666666666666,96.35,105.06,79.66,79.07,407.0,407.0,108.9,108.9,1760.0
2022-08-22,1270.0,747.0,1645.0,1751.0,95.06,79.86,407.0,108.9,2022,8,3,0,1279.0,1556.0,1817.0,2081.0,756.0,1538.0,1688.0,1927.0,1735.0,1591.0,1402.4285714285713,1517.857142857143,1802.8,96.45,107.19,79.89,79.54,407.0,407.0,108.9,108.9,1788.0
2022-08-23,1271.0,797.0,1572.0,1765.0,99.49,79.81,407.0,108.9,2022,8,3,1,1270.0,1477.0,1731.0,2013.0,747.0,1314.0,1645.0,1907.0,1751.0,1593.0,1361.5714285714287,1478.7857142857142,1775.7666666666667,95.06,103.7,79.86,79.65,407.0,407.0,108.9,108.9,1865.0
2022-08-24,1213.0,680.0,1491.0,1773.0,99.87,79.82,407.0,108.9,2022,8,3,2,1271.0,1404.0,1603.0,2002.0,797.0,1098.0,1572.0,1885.0,1765.0,1607.0,1332.142857142857,1445.9285714285713,1751.0333333333333,99.49,98.25,79.81,79.48,407.0,407.0,108.9,108.9,1996.0
2022-08-25,1123.0,474.0,1424.0,1763.0,98.81,79.9,407.0,108.9,2022,8,3,3,1213.0,1387.0,1560.0,2010.0,680.0,1059.0,1491.0,1850.0,1773.0,1626.0,1304.857142857143,1418.0714285714287,1724.7333333333333,99.87,95.36,79.82,79.31,407.0,407.0,108.9,108.9,1992.0
2022-08-26,1082.0,411.0,1372.0,1744.0,101.13,79.87,407.0,108.9,2022,8,3,4,1123.0,1394.0,1566.0,2150.0,474.0,1083.0,1424.0,1805.0,1763.0,1659.0,1267.142857142857,1386.857142857143,1695.1666666666667,98.81,97.22,79.9,79.41,407.0,407.0,108.9,108.9,1961.0
2022-08-29,1033.25,355.5,1306.0,1704.25,99.7875,79.96,407.0,108.9,2022,8,3,0,1082.0,1320.0,1564.0,2162.0,411.0,867.0,1372.0,1749.0,1744.0,1698.0,1222.5714285714287,1352.2857142857142,1659.5666666666666,101.13,96.35,79.87,79.66,407.0,407.0,108.9,108.9,1944.0
2022-08-30,1017.0,337.0,1284.0,1691.0,99.34,79.6,407.0,108.9,2022,8,3,1,1033.25,1279.0,1592.0,2145.0,355.5,756.0,1306.0,1688.0,1704.25,1735.0,1181.607142857143,1314.375,1621.9416666666666,99.7875,96.45,79.96,79.89,407.0,407.0,108.9,108.9,1904.0
2022-08-31,965.0,302.0,1217.0,1626.0,96.55,79.45,407.0,108.9,2022,8,3,2,1017.0,1270.0,1556.0,2113.0,337.0,747.0,1284.0,1645.0,1691.0,1751.0,1144.1785714285713,1273.3035714285713,1584.3416666666667,99.34,95.06,79.6,79.86,407.0,407.0,108.9,108.9,1873.0
2022-09-01,1002.0,469.0,1230.0,1559.0,92.24,79.65,430.8,99.8,2022,9,3,3,965.0,1271.0,1477.0,2118.0,302.0,797.0,1217.0,1572.0,1626.0,1765.0,1100.607142857143,1231.0892857142858,1546.075,96.55,99.49,79.45,79.81,407.0,407.0,108.9,108.9,1818.0
2022-09-02,1086.0,733.0,1271.0,1514.0,93.09,79.7,430.8,99.8,2022,9,3,4,1002.0,1213.0,1404.0,2146.0,469.0,680.0,1230.0,1491.0,1559.0,1773.0,1062.1785714285713,1197.1607142857142,1508.875,92.24,99.87,79.65,79.82,430.8,407.0,99.8,108.9,1838.0
2022-09-05,1133.0,844.0,1327.0,1498.0,94.22,79.82000000000001,430.8,99.8,2022,9,3,0,1086.0,1123.0,1387.0,2114.0,733.0,474.0,1271.0,1424.0,1514.0,1763.0,1044.0357142857142,1174.4464285714287,1473.5416666666667,93.09,98.81,79.7,79.9,430.8,407.0,99.8,108.9,1843.0
2022-09-06,1114.0,728.0,1413.0,1487.0,91.43,79.86,430.8,99.8,2022,9,3,1,1133.0,1082.0,1394.0,2061.0,844.0,411.0,1327.0,1372.0,1498.0,1744.0,1045.4642857142858,1156.3035714285713,1440.8416666666667,94.22,101.13,79.82000000000001,79.87,430.8,407.0,99.8,108.9,1875.0
2022-09-07,1133.0,656.0,1577.0,1482.0,86.83,79.82,430.8,99.8,2022,9,3,2,1114.0,1033.25,1320.0,2007.0,728.0,355.5,1413.0,1306.0,1487.0,1704.25,1050.0357142857142,1136.3035714285713,1409.275,91.43,99.7875,79.86,79.96,430.8,407.0,99.8,108.9,1871.0
2022-09-08,1178.0,652.0,1757.0,1477.0,87.99,79.71,430.8,99.8,2022,9,3,3,1133.0,1017.0,1279.0,1945.0,656.0,337.0,1577.0,1284.0,1482.0,1691.0,1064.2857142857142,1122.9464285714287,1380.1416666666667,86.83,99.34,79.82,79.6,430.8,407.0,99.8,108.9,1837.0
2022-09-09,1213.0,672.0,1865.0,1475.0,91.68,79.61,430.8,99.8,2022,9,3,4,1178.0,965.0,1270.0,1895.0,652.0,302.0,1757.0,1217.0,1477.0,1626.0,1087.2857142857142,1115.732142857143,1354.575,87.99,96.55,79.71,79.45,430.8,407.0,99.8,108.9,1819.0
2022-09-12,1256.0,756.0,1922.0,1473.0,93.45,79.35,430.8,99.8,2022,9,3,0,1213.0,1002.0,1271.0,1872.0,672.0,469.0,1865.0,1230.0,1475.0,1559.0,1122.7142857142858,1111.6607142857142,1331.8416666666667,91.68,92.24,79.61,79.65,430.8,430.8,99.8,99.8,1797.0
2022-09-13,1408.0,1079.0,2074.0,1484.0,92.04,79.49,430.8,99.8,2022,9,3,1,1256.0,1086.0,1213.0,1817.0,756.0,733.0,1922.0,1271.0,1473.0,1514.0,1159.0,1110.5892857142858,1311.3083333333334,93.45,93.09,79.35,79.7,430.8,430.8,99.8,99.8,1755.0
2022-09-14,1595.0,1565.0,2145.0,1505.0,92.83,79.41,430.8,99.8,2022,9,3,2,1408.0,1133.0,1123.0,1731.0,1079.0,844.0,2074.0,1327.0,1484.0,1498.0,1205.0,1124.517857142857,1297.675,92.04,94.22,79.49,79.82000000000001,430.8,430.8,99.8,99.8,1706.0
2022-09-15,1612.0,1637.0,2090.0,1529.0,89.28,79.82,430.8,99.8,2022,9,3,3,1595.0,1114.0,1082.0,1603.0,1565.0,728.0,2145.0,1413.0,1505.0,1487.0,1271.0,1158.232142857143,1293.1416666666667,92.83,91.43,79.41,79.86,430.8,430.8,99.8,99.8,1612.0
2022-09-16,1553.0,1519.0,1990.0,1551.0,89.43,79.66,430.8,99.8,2022,9,3,4,1612.0,1133.0,1033.25,1560.0,1637.0,656.0,2090.0,1577.0,1529.0,1482.0,1342.142857142857,1196.0892857142858,1293.4416666666666,89.28,86.83,79.82,79.82,430.8,430.8,99.8,99.8,1534.0
2022-09-19,1685.0,1875.25,2014.75,1572.75,89.5725,79.71,430.8,99.8,2022,9,3,0,1553.0,1178.0,1017.0,1566.0,1519.0,652.0,1990.0,1757.0,1551.0,1477.0,1402.142857142857,1233.2142857142858,1293.2083333333333,89.43,87.99,79.66,79.71,430.8,430.8,99.8,99.8,1463.0
2022-09-20,1729.0,1994.0,2023.0,1580.0,89.62,79.72,430.8,99.8,2022,9,3,1,1685.0,1213.0,965.0,1564.0,1875.25,672.0,2014.75,1865.0,1572.75,1475.0,1474.5714285714287,1280.9285714285713,1297.175,89.5725,91.68,79.71,79.61,430.8,430.8,99.8,99.8,1377.0
2022-09-21,1743.0,2021.0,2021.0,1605.0,89.86,79.96,430.8,99.8,2022,9,3,2,1729.0,1256.0,1002.0,1592.0,1994.0,756.0,2023.0,1922.0,1580.0,1473.0,1548.2857142857142,1335.5,1302.675,89.62,93.45,79.72,79.35,430.8,430.8,99.8,99.8,1321.0
2022-09-22,1757.0,1929.0,1998.0,1637.0,90.4,81.0,430.8,99.8,2022,9,3,3,1743.0,1408.0,1086.0,1556.0,2021.0,1079.0,2021.0,2074.0,1605.0,1484.0,1617.857142857143,1388.4285714285713,1307.7083333333333,89.86,92.04,79.96,79.49,430.8,430.8,99.8,99.8,1290.0
2022-09-23,1771.0,2206.0,1995.0,1652.0,84.29,81.11,430.8,99.8,2022,9,3,4,1757.0,1595.0,1133.0,1477.0,1929.0,1565.0,1998.0,2145.0,1637.0,1505.0,1667.7142857142858,1436.357142857143,1314.4083333333333,90.4,92.83,81.0,79.41,430.8,430.8,99.8,99.8,1323.0
2022-09-26,1813.0,2195.0,1992.0,1657.0,82.55,81.6,430.8,99.8,2022,9,3,0,1771.0,1612.0,1114.0,1404.0,2206.0,1637.0,1995.0,2090.0,1652.0,1529.0,1692.857142857143,1481.9285714285713,1324.2083333333333,84.29,89.28,81.11,79.82,430.8,430.8,99.8,99.8,1337.0
2022-09-27,1807.0,2160.0,1998.0,1671.0,85.97,81.63,430.8,99.8,2022,9,3,1,1813.0,1553.0,1133.0,1387.0,2195.0,1519.0,1992.0,1990.0,1657.0,1551.0,1721.5714285714287,1531.857142857143,1337.8416666666667,82.55,89.43,81.6,79.66,430.8,430.8,99.8,99.8,1356.0
2022-09-28,1799.0,2107.0,2022.0,1680.0,89.55,81.61,430.8,99.8,2022,9,3,2,1807.0,1685.0,1178.0,1394.0,2160.0,1875.25,1998.0,2014.75,1671.0,1572.75,1757.857142857143,1580.0,1351.8416666666667,85.97,89.5725,81.63,79.71,430.8,430.8,99.8,99.8,1393.0
2022-09-29,1757.0,1954.0,2063.0,1674.0,89.41,81.54,430.8,99.8,2022,9,3,3,1799.0,1729.0,1213.0,1320.0,2107.0,1994.0,2022.0,2023.0,1680.0,1580.0,1774.142857142857,1624.357142857143,1365.3416666666667,89.55,89.62,81.61,79.72,430.8,430.8,99.8,99.8,1390.0
2022-09-30,1760.0,1955.0,2082.0,1663.0,88.9,81.37,430.8,99.8,2022,9,3,4,1757.0,1743.0,1256.0,1279.0,1954.0,2021.0,2063.0,2021.0,1674.0,1605.0,1778.142857142857,1663.2142857142858,1379.9083333333333,89.41,89.86,81.54,79.96,430.8,430.8,99.8,99.8,1355.0
2022-10-03,1788.0,2041.0,2082.0,1663.0,90.68,81.56,389.8,92.6,2022,10,4,0,1760.0,1757.0,1408.0,1270.0,1955.0,1929.0,2082.0,1998.0,1663.0,1637.0,1780.5714285714287,1699.2142857142858,1395.9416666666666,88.9,90.4,81.37,81.0,430.8,430.8,99.8,99.8,1325.0
2022-10-04,1865.0,2244.0,2110.0,1668.0,93.74,81.45,389.8,92.6,2022,10,4,1,1788.0,1771.0,1595.0,1271.0,2041.0,2206.0,2082.0,1995.0,1663.0,1652.0,1785.0,1726.357142857143,1413.2083333333333,90.68,84.29,81.56,81.11,389.8,430.8,92.6,99.8,1300.0
2022-10-05,1996.0,2553.0,2205.0,1676.0,94.35,81.5,389.8,92.6,2022,10,4,2,1865.0,1813.0,1612.0,1213.0,2244.0,2195.0,2110.0,1992.0,1668.0,1657.0,1798.4285714285713,1745.642857142857,1433.0083333333334,93.74,82.55,81.45,81.6,389.8,430.8,92.6,99.8,1288.0
2022-10-06,1992.0,2506.0,2232.0,1690.0,95.65,82.06,389.8,92.6,2022,10,4,3,1996.0,1807.0,1553.0,1123.0,2553.0,2160.0,2205.0,1998.0,1676.0,1671.0,1824.5714285714287,1773.0714285714287,1459.1083333333333,94.35,85.97,81.5,81.63,389.8,430.8,92.6,99.8,1228.0
2022-10-07,1961.0,2396.0,2235.0,1706.0,98.88,82.32,389.8,92.6,2022,10,4,4,1992.0,1799.0,1685.0,1082.0,2506.0,2107.0,2232.0,2022.0,1690.0,1680.0,1851.0,1804.4285714285713,1488.075,95.65,89.55,82.06,81.61,389.8,430.8,92.6,99.8,1189.0
2022-10-10,1944.0,2341.0,2228.0,1714.0,97.13,82.245,389.8,92.6,2022,10,4,0,1961.0,1757.0,1729.0,1033.25,2396.0,1954.0,2235.0,2063.0,1706.0,1674.0,1874.142857142857,1824.142857142857,1517.375,98.88,89.41,82.32,81.54,389.8,430.8,92.6,99.8,1177.0
2022-10-11,1904.0,2246.0,2196.0,1714.0,95.17,82.22,389.8,92.6,2022,10,4,1,1944.0,1760.0,1743.0,1017.0,2341.0,1955.0,2228.0,2082.0,1714.0,1663.0,1900.857142857143,1839.5,1547.7333333333333,97.13,88.9,82.245,81.37,389.8,430.8,92.6,99.8,1149.0
2022-10-12,1873.0,2199.0,2147.0,1708.0,93.44,82.25,389.8,92.6,2022,10,4,2,1904.0,1788.0,1757.0,965.0,2246.0,2041.0,2196.0,2082.0,1714.0,1663.0,1921.4285714285713,1851.0,1577.3,95.17,90.68,82.22,81.56,389.8,389.8,92.6,92.6,1184.0
2022-10-13,1818.0,2094.0,2088.0,1696.0,95.16,82.28,389.8,92.6,2022,10,4,3,1873.0,1865.0,1771.0,1002.0,2199.0,2244.0,2147.0,2110.0,1708.0,1668.0,1933.5714285714287,1859.2857142857142,1607.5666666666666,93.44,93.74,82.25,81.45,389.8,389.8,92.6,92.6,1242.0
2022-10-14,1838.0,2166.0,2081.0,1690.0,92.22,82.28,389.8,92.6,2022,10,4,4,1818.0,1996.0,1813.0,1086.0,2094.0,2553.0,2088.0,2205.0,1696.0,1676.0,1926.857142857143,1862.642857142857,1634.7666666666667,95.16,94.35,82.28,81.5,389.8,389.8,92.6,92.6,1268.25
2022-10-17,1843.0,2186.0,2088.0,1678.0,91.04,82.16,389.8,92.6,2022,10,4,0,1838.0,1992.0,1807.0,1133.0,2166.0,2506.0,2081.0,2232.0,1690.0,1690.0,1904.2857142857142,1864.4285714285713,1659.8333333333333,92.22,95.65,82.28,82.06,389.8,389.8,92.6,92.6,1347.0
2022-10-18,1875.0,2247.0,2136.0,1678.0,89.46,82.29,389.8,92.6,2022,10,4,1,1843.0,1961.0,1799.0,1114.0,2186.0,2396.0,2088.0,2235.0,1678.0,1706.0,1883.0,1867.0,1683.5,91.04,98.88,82.16,82.32,389.8,389.8,92.6,92.6,1327.0
2022-10-19,1871.0,2209.0,2164.0,1678.0,91.34,82.95,389.8,92.6,2022,10,4,2,1875.0,1944.0,1757.0,1133.0,2247.0,2341.0,2136.0,2228.0,1678.0,1714.0,1870.7142857142858,1872.4285714285713,1708.8666666666666,89.46,97.13,82.29,82.245,389.8,389.8,92.6,92.6,1355.0
2022-10-20,1837.0,2111.0,2161.0,1676.0,91.52,82.66,389.8,92.6,2022,10,4,3,1871.0,1904.0,1760.0,1178.0,2209.0,2246.0,2164.0,2196.0,1678.0,1714.0,1860.2857142857142,1880.5714285714287,1733.4666666666667,91.34,95.17,82.95,82.22,389.8,389.8,92.6,92.6,1338.0
2022-10-21,1819.0,2071.0,2144.0,1678.0,91.82,82.58,389.8,92.6,2022,10,4,4,1837.0,1873.0,1788.0,1213.0,2111.0,2199.0,2161.0,2147.0,1676.0,1708.0,1850.7142857142858,1886.0714285714287,1755.4333333333334,91.52,93.44,82.66,82.25,389.8,389.8,92.6,92.6,1324.0
2022-10-24,1797.0,2036.0,2113.0,1670.0,91.57,82.68,389.8,92.6,2022,10,4,0,1819.0,1818.0,1865.0,1256.0,2071.0,2094.0,2144.0,2088.0,1678.0,1696.0,1843.0,1888.2857142857142,1775.6333333333334,91.82,95.16,82.58,82.28,389.8,389.8,92.6,92.6,1323.0
2022-10-25,1755.0,1955.0,2073.0,1658.0,91.76,82.44,389.8,92.6,2022,10,4,1,1797.0,1838.0,1996.0,1408.0,2036.0,2166.0,2113.0,2081.0,1670.0,1690.0,1840.0,1883.4285714285713,1793.6666666666667,91.57,92.22,82.68,82.28,389.8,389.8,92.6,92.6,1340.0
2022-10-26,1706.0,1885.0,2007.0,1632.0,92.93,82.73,389.8,92.6,2022,10,4,2,1755.0,1843.0,1992.0,1595.0,1955.0,2186.0,2073.0,2088.0,1658.0,1678.0,1828.142857142857,1866.2142857142858,1805.2333333333333,91.76,91.04,82.44,82.16,389.8,389.8,92.6,92.6,1373.0
2022-10-27,1612.0,1748.0,1900.0,1572.0,94.17,82.36,389.8,92.6,2022,10,4,3,1706.0,1875.0,1961.0,1612.0,1885.0,2247.0,2007.0,2136.0,1632.0,1678.0,1808.5714285714287,1845.7857142857142,1808.9333333333334,92.93,89.46,82.73,82.29,389.8,389.8,92.6,92.6,1385.0
2022-10-28,1534.0,1670.0,1817.0,1483.0,94.64,82.33,389.8,92.6,2022,10,4,4,1612.0,1871.0,1944.0,1553.0,1748.0,2209.0,1900.0,2164.0,1572.0,1678.0,1771.0,1820.857142857143,1808.9333333333334,94.17,91.34,82.36,82.95,389.8,389.8,92.6,92.6,1386.0
2022-10-31,1463.0,1559.0,1745.0,1437.0,93.3,82.73,389.8,92.6,2022,10,4,0,1534.0,1837.0,1904.0,1685.0,1670.0,2111.0,1817.0,2161.0,1483.0,1676.0,1722.857142857143,1791.5714285714287,1808.3,94.64,91.52,82.33,82.66,389.8,389.8,92.6,92.6,1361.0
2022-11-01,1377.0,1388.0,1696.0,1389.0,95.12,82.62,342.2,93.3,2022,11,4,1,1463.0,1819.0,1873.0,1729.0,1559.0,2071.0,1745.0,2144.0,1437.0,1678.0,1669.4285714285713,1760.0714285714287,1800.9,93.3,91.82,82.73,82.58,389.8,389.8,92.6,92.6,1357.0
2022-11-02,1321.0,1286.0,1683.0,1332.0,96.07,82.72,342.2,93.3,2022,11,4,2,1377.0,1797.0,1818.0,1743.0,1388.0,2036.0,1696.0,2113.0,1389.0,1670.0,1606.2857142857142,1724.642857142857,1789.1666666666667,95.12,91.57,82.62,82.68,342.2,389.8,93.3,92.6,1401.0
2022-11-03,1290.0,1225.0,1699.0,1287.0,95.29,82.76,342.2,93.3,2022,11,4,3,1321.0,1755.0,1838.0,1757.0,1286.0,1955.0,1683.0,2073.0,1332.0,1658.0,1538.2857142857142,1689.142857142857,1775.1,96.07,91.76,82.72,82.44,342.2,389.8,93.3,92.6,1528.0
2022-11-04,1323.0,1343.0,1700.0,1268.0,99.53,82.03,342.2,93.3,2022,11,4,4,1290.0,1706.0,1843.0,1771.0,1225.0,1885.0,1699.0,2007.0,1287.0,1632.0,1471.857142857143,1650.0,1759.5333333333333,95.29,92.93,82.76,82.73,342.2,389.8,93.3,92.6,1560.0
2022-11-07,1337.0,1404.0,1696.0,1251.0,99.87,81.95,342.2,93.3,2022,11,4,0,1323.0,1612.0,1875.0,1813.0,1343.0,1748.0,1700.0,1900.0,1268.0,1572.0,1417.142857142857,1612.857142857143,1744.6,99.53,94.17,82.03,82.36,342.2,389.8,93.3,92.6,1548.0
2022-11-08,1356.0,1493.0,1669.0,1241.0,96.85,81.27,342.2,93.3,2022,11,4,1,1337.0,1534.0,1871.0,1807.0,1404.0,1670.0,1696.0,1817.0,1251.0,1483.0,1377.857142857143,1574.4285714285713,1728.7333333333333,99.87,94.64,81.95,82.33,342.2,389.8,93.3,92.6,1596.0
2022-11-09,1393.0,1637.0,1641.0,1232.0,93.05,81.25,342.2,93.3,2022,11,4,2,1356.0,1463.0,1837.0,1799.0,1493.0,1559.0,1669.0,1745.0,1241.0,1437.0,1352.4285714285713,1537.642857142857,1713.7,96.85,93.3,81.27,82.73,342.2,389.8,93.3,92.6,1723.0
2022-11-10,1390.0,1652.0,1619.0,1227.0,94.25,80.72,342.2,93.3,2022,11,4,3,1393.0,1377.0,1819.0,1757.0,1637.0,1388.0,1641.0,1696.0,1232.0,1389.0,1342.4285714285713,1505.9285714285713,1700.1666666666667,93.05,95.12,81.25,82.62,342.2,342.2,93.3,93.3,1650.0
2022-11-11,1355.0,1544.0,1637.0,1213.0,96.37,80.785,342.2,93.3,2022,11,4,4,1390.0,1321.0,1797.0,1760.0,1652.0,1286.0,1619.0,1683.0,1227.0,1332.0,1344.2857142857142,1475.2857142857142,1687.9333333333334,94.25,96.07,80.72,82.72,342.2,342.2,93.3,93.3,1515.0
2022-11-14,1325.0,1446.0,1667.0,1197.0,93.59,80.98,342.2,93.3,2022,11,4,0,1355.0,1290.0,1755.0,1788.0,1544.0,1225.0,1637.0,1699.0,1213.0,1287.0,1349.142857142857,1443.7142857142858,1674.4333333333334,96.37,95.29,80.785,82.76,342.2,342.2,93.3,93.3,1418.6363636363635
2022-11-15,1300.0,1371.0,1681.0,1186.0,94.3,80.94,342.2,93.3,2022,11,4,1,1325.0,1323.0,1706.0,1865.0,1446.0,1343.0,1667.0,1700.0,1197.0,1268.0,1354.142857142857,1413.0,1659.0,93.59,99.53,80.98,82.03,342.2,342.2,93.3,93.3,1394.5454545454545
2022-11-16,1288.0,1333.0,1688.0,1180.0,92.61,81.46,342.2,93.3,2022,11,4,2,1300.0,1337.0,1612.0,1996.0,1371.0,1404.0,1681.0,1696.0,1186.0,1251.0,1350.857142857143,1384.0,1640.1666666666667,94.3,99.87,80.94,81.95,342.2,342.2,93.3,93.3,1370.4545454545455
2022-11-17,1228.0,1188.0,1650.0,1175.0,91.0,81.69,342.2,93.3,2022,11,4,3,1288.0,1356.0,1534.0,1992.0,1333.0,1493.0,1688.0,1669.0,1180.0,1241.0,1343.857142857143,1360.857142857143,1616.5666666666666,92.61,96.85,81.46,81.27,342.2,342.2,93.3,93.3,1346.3636363636365
2022-11-18,1189.0,1122.0,1594.0,1170.0,88.93,81.76,342.2,93.3,2022,11,4,4,1228.0,1393.0,1463.0,1961.0,1188.0,1637.0,1650.0,1641.0,1175.0,1232.0,1325.5714285714287,1339.0,1591.1,91.0,93.05,81.69,81.25,342.2,342.2,93.3,93.3,1250.0
2022-11-21,1177.0,1129.0,1549.0,1164.0,88.44,81.68,342.2,93.3,2022,11,4,0,1189.0,1390.0,1377.0,1944.0,1122.0,1652.0,1594.0,1619.0,1170.0,1227.0,1296.4285714285713,1319.4285714285713,1565.3666666666666,88.93,94.25,81.76,80.72,342.2,342.2,93.3,93.3,1176.0
2022-11-22,1149.0,1092.0,1496.0,1160.0,88.65,81.69,342.2,93.3,2022,11,4,1,1177.0,1355.0,1321.0,1904.0,1129.0,1544.0,1549.0,1637.0,1164.0,1213.0,1266.0,1305.142857142857,1539.8,88.44,96.37,81.68,80.785,342.2,342.2,93.3,93.3,1146.0
2022-11-23,1184.0,1219.0,1464.0,1163.0,85.9,81.71,342.2,93.3,2022,11,4,2,1149.0,1325.0,1290.0,1873.0,1092.0,1446.0,1496.0,1667.0,1160.0,1197.0,1236.5714285714287,1292.857142857143,1514.6333333333334,88.65,93.59,81.69,80.98,342.2,342.2,93.3,93.3,1130.0
2022-11-24,1242.0,1384.0,1466.0,1174.0,85.59,81.72,342.2,93.3,2022,11,4,3,1184.0,1300.0,1323.0,1818.0,1219.0,1371.0,1464.0,1681.0,1163.0,1186.0,1216.4285714285713,1285.2857142857142,1491.6666666666667,85.9,94.3,81.71,80.94,342.2,342.2,93.3,93.3,1139.0
2022-11-25,1268.25,1613.0,1479.0,1182.0,83.4,81.73,342.2,93.3,2022,11,4,4,1242.0,1288.0,1337.0,1838.0,1384.0,1333.0,1466.0,1688.0,1174.0,1180.0,1208.142857142857,1279.5,1472.4666666666667,85.59,92.61,81.72,81.46,342.2,342.2,93.3,93.3,1096.0
2022-11-28,1347.0,1669.0,1496.0,1180.0,83.5,81.61,342.2,93.3,2022,11,4,0,1268.25,1228.0,1356.0,1843.0,1613.0,1188.0,1479.0,1650.0,1182.0,1175.0,1205.3214285714287,1274.5892857142858,1453.475,83.4,91.0,81.73,81.69,342.2,342.2,93.3,93.3,1043.0
2022-11-29,1327.0,1589.0,1524.0,1177.0,83.22,81.61,342.2,93.3,2022,11,4,1,1347.0,1189.0,1393.0,1875.0,1669.0,1122.0,1496.0,1594.0,1180.0,1170.0,1222.3214285714287,1273.9464285714287,1436.9416666666666,83.5,88.93,81.61,81.76,342.2,342.2,93.3,93.3,976.0
2022-11-30,1355.0,1643.0,1568.0,1172.0,85.61,81.43,342.2,93.3,2022,11,4,2,1327.0,1177.0,1390.0,1871.0,1589.0,1129.0,1524.0,1549.0,1177.0,1164.0,1242.0357142857142,1269.232142857143,1418.675,83.22,88.44,81.61,81.68,342.2,342.2,93.3,93.3,946.0
2022-12-01,1338.0,1570.0,1602.0,1165.0,86.28,81.17,379.2,111.8,2022,12,4,3,1355.0,1149.0,1355.0,1837.0,1643.0,1092.0,1568.0,1496.0,1172.0,1160.0,1267.4642857142858,1266.732142857143,1401.475,85.61,88.65,81.43,81.69,342.2,342.2,93.3,93.3,946.0
2022-12-02,1324.0,1519.0,1618.0,1162.0,86.54,81.41,379.2,111.8,2022,12,4,4,1338.0,1184.0,1325.0,1819.0,1570.0,1219.0,1602.0,1464.0,1165.0,1163.0,1294.4642857142858,1265.517857142857,1384.8416666666667,86.28,85.9,81.17,81.71,379.2,342.2,111.8,93.3,921.0
2022-12-05,1323.0,1502.0,1638.0,1158.0,83.36,81.77,379.2,111.8,2022,12,4,0,1324.0,1242.0,1300.0,1797.0,1519.0,1384.0,1618.0,1466.0,1162.0,1174.0,1314.4642857142858,1265.4464285714287,1368.3416666666667,86.54,85.59,81.41,81.72,379.2,342.2,111.8,93.3,874.0
2022-12-06,1340.0,1540.0,1657.0,1158.0,79.92,82.42,379.2,111.8,2022,12,4,1,1323.0,1268.25,1288.0,1755.0,1502.0,1613.0,1638.0,1479.0,1158.0,1182.0,1326.0357142857142,1267.0892857142858,1352.5416666666667,83.36,83.4,81.77,81.73,379.2,342.2,111.8,93.3,801.0
2022-12-07,1373.0,1635.0,1659.0,1158.0,77.11,82.31,379.2,111.8,2022,12,4,2,1340.0,1347.0,1228.0,1706.0,1540.0,1669.0,1657.0,1496.0,1158.0,1180.0,1336.2857142857142,1270.8035714285713,1338.7083333333333,79.92,83.5,82.42,81.61,379.2,342.2,111.8,93.3,763.0
2022-12-08,1385.0,1675.0,1661.0,1153.0,76.02,82.29,379.2,111.8,2022,12,4,3,1373.0,1327.0,1189.0,1612.0,1635.0,1589.0,1659.0,1524.0,1158.0,1177.0,1340.0,1281.1607142857142,1327.6083333333333,77.11,83.22,82.31,81.61,379.2,342.2,111.8,93.3,740.0
2022-12-09,1386.0,1683.0,1659.0,1152.0,76.37,82.46,379.2,111.8,2022,12,4,4,1385.0,1355.0,1177.0,1534.0,1675.0,1643.0,1661.0,1568.0,1153.0,1172.0,1348.2857142857142,1295.1607142857142,1320.0416666666667,76.02,85.61,82.29,81.43,379.2,342.2,111.8,93.3,721.0
2022-12-12,1361.0,1619.0,1643.0,1153.0,78.0,82.67,379.2,111.8,2022,12,4,0,1386.0,1338.0,1149.0,1463.0,1683.0,1570.0,1659.0,1602.0,1152.0,1165.0,1352.7142857142858,1310.0892857142858,1315.1083333333333,76.37,86.28,82.46,81.17,379.2,379.2,111.8,111.8,703.0
2022-12-13,1357.0,1601.0,1633.0,1167.0,80.14,82.49,379.2,111.8,2022,12,4,1,1361.0,1324.0,1184.0,1377.0,1619.0,1519.0,1643.0,1618.0,1153.0,1162.0,1356.0,1325.232142857143,1311.7083333333333,78.0,86.54,82.67,81.41,379.2,379.2,111.8,111.8,677.0
2022-12-14,1401.0,1723.0,1643.0,1170.0,83.33,82.5,379.2,111.8,2022,12,4,2,1357.0,1323.0,1242.0,1321.0,1601.0,1502.0,1633.0,1638.0,1167.0,1158.0,1360.7142857142858,1337.5892857142858,1311.0416666666667,80.14,83.36,82.49,81.77,379.2,379.2,111.8,111.8,676.0
2022-12-15,1528.0,2095.0,1658.0,1167.0,82.34,82.75,379.2,111.8,2022,12,4,3,1401.0,1340.0,1268.25,1290.0,1723.0,1540.0,1643.0,1657.0,1170.0,1158.0,1371.857142857143,1348.9464285714287,1313.7083333333333,83.33,79.92,82.5,82.42,379.2,379.2,111.8,111.8,680.0
2022-12-16,1560.0,2208.0,1652.0,1157.0,80.2,82.71,379.2,111.8,2022,12,4,4,1528.0,1373.0,1347.0,1323.0,2095.0,1635.0,1658.0,1659.0,1167.0,1158.0,1398.7142857142858,1367.5,1321.6416666666667,82.34,77.11,82.75,82.31,379.2,379.2,111.8,111.8,681.0
2022-12-19,1548.0,2186.0,1645.0,1146.0,81.66,82.65,379.2,111.8,2022,12,4,0,1560.0,1385.0,1327.0,1337.0,2208.0,1675.0,1652.0,1661.0,1157.0,1153.0,1425.4285714285713,1382.7142857142858,1329.5416666666667,80.2,76.02,82.71,82.29,379.2,379.2,111.8,111.8,668.0
2022-12-20,1596.0,2365.0,1622.0,1131.0,79.45,82.58,379.2,111.8,2022,12,4,1,1548.0,1386.0,1355.0,1356.0,2186.0,1683.0,1645.0,1659.0,1146.0,1152.0,1448.7142857142858,1398.5,1336.575,81.66,76.37,82.65,82.46,379.2,379.2,111.8,111.8,640.0
2022-12-21,1723.0,2797.0,1598.0,1103.0,80.25,82.81,379.2,111.8,2022,12,4,2,1596.0,1361.0,1338.0,1393.0,2365.0,1619.0,1622.0,1643.0,1131.0,1153.0,1478.7142857142858,1415.7142857142858,1344.575,79.45,78.0,82.58,82.67,379.2,379.2,111.8,111.8,621.0
2022-12-22,1650.0,2626.0,1563.0,1083.0,79.58,82.93,379.2,111.8,2022,12,4,3,1723.0,1357.0,1324.0,1390.0,2797.0,1601.0,1598.0,1633.0,1103.0,1167.0,1530.4285714285713,1443.2142857142858,1355.575,80.25,80.14,82.81,82.49,379.2,379.2,111.8,111.8,608.0
2022-12-23,1515.0,2261.0,1535.0,1062.0,82.45,82.86,379.2,111.8,2022,12,4,4,1650.0,1401.0,1323.0,1355.0,2626.0,1723.0,1563.0,1643.0,1083.0,1170.0,1572.2857142857142,1466.5,1364.2416666666666,79.58,83.33,82.93,82.5,379.2,379.2,111.8,111.8,601.0
2022-12-27,1418.6363636363635,2033.3636363636365,1499.7272727272727,1027.8181818181818,81.85000000000001,82.88,379.2,111.8,2022,12,4,1,1515.0,1528.0,1340.0,1325.0,2261.0,2095.0,1535.0,1658.0,1062.0,1167.0,1588.5714285714287,1480.2142857142858,1369.575,82.45,82.34,82.86,82.75,379.2,379.2,111.8,111.8,603.0
2022-12-28,1394.5454545454545,1976.4545454545453,1490.909090909091,1019.2727272727273,81.7,82.74,379.2,111.8,2022,12,4,2,1418.6363636363635,1560.0,1373.0,1300.0,2033.3636363636365,2208.0,1499.7272727272727,1652.0,1027.8181818181818,1157.0,1572.948051948052,1485.831168831169,1372.696212121212,81.85000000000001,80.2,82.88,82.71,379.2,379.2,111.8,111.8,592.0
2022-12-29,1370.4545454545455,1919.5454545454545,1482.090909090909,1010.7272727272727,80.96,82.83,379.2,111.8,2022,12,4,3,1394.5454545454545,1548.0,1385.0,1288.0,1976.4545454545453,2186.0,1490.909090909091,1645.0,1019.2727272727273,1146.0,1549.3116883116884,1487.3701298701296,1375.8477272727273,81.7,81.66,82.74,82.65,379.2,379.2,111.8,111.8,602.0
2022-12-30,1346.3636363636365,1862.6363636363635,1473.2727272727273,1002.181818181818,82.82,82.72,379.2,111.8,2022,12,4,4,1370.4545454545455,1596.0,1386.0,1228.0,1919.5454545454545,2365.0,1482.090909090909,1622.0,1010.7272727272727,1131.0,1523.948051948052,1486.331168831169,1378.596212121212,80.96,79.45,82.83,82.58,379.2,379.2,111.8,111.8,616.0
2023-01-03,1250.0,1635.0,1438.0,968.0,80.36,82.86,318.0,122.2,2023,1,1,1,1346.3636363636365,1723.0,1361.0,1189.0,1862.6363636363635,2797.0,1473.2727272727273,1598.0,1002.181818181818,1103.0,1488.2857142857142,1483.5,1382.5416666666667,82.82,80.25,82.72,82.81,379.2,379.2,111.8,111.8,563.0
2023-01-04,1176.0,1516.0,1378.0,912.0,75.31,82.72,318.0,122.2,2023,1,1,2,1250.0,1650.0,1357.0,1177.0,1635.0,2626.0,1438.0,1563.0,968.0,1083.0,1420.7142857142858,1475.5714285714287,1384.575,80.36,79.58,82.86,82.93,318.0,379.2,122.2,111.8,541.0
2023-01-05,1146.0,1504.0,1332.0,871.0,76.73,82.57,318.0,122.2,2023,1,1,3,1176.0,1515.0,1401.0,1149.0,1516.0,2261.0,1378.0,1535.0,912.0,1062.0,1353.0,1462.642857142857,1384.5416666666667,75.31,82.45,82.72,82.86,318.0,379.2,122.2,111.8,530.0
2023-01-06,1130.0,1512.0,1299.0,839.0,76.41,82.72,318.0,122.2,2023,1,1,4,1146.0,1418.6363636363635,1528.0,1184.0,1504.0,2033.3636363636365,1332.0,1499.7272727272727,871.0,1027.8181818181818,1300.2857142857142,1444.4285714285713,1384.4416666666666,76.73,81.85000000000001,82.57,82.88,318.0,379.2,122.2,111.8,538.0
2023-01-09,1139.0,1596.0,1250.0,825.0,77.5,82.36,318.0,122.2,2023,1,1,0,1130.0,1394.5454545454545,1560.0,1242.0,1512.0,1976.4545454545453,1299.0,1490.909090909091,839.0,1019.2727272727273,1259.051948051948,1416.0,1382.6416666666667,76.41,81.7,82.72,82.74,318.0,379.2,122.2,111.8,552.0
2023-01-10,1096.0,1536.0,1189.0,803.0,78.4,81.6,318.0,122.2,2023,1,1,1,1139.0,1370.4545454545455,1548.0,1268.25,1596.0,1919.5454545454545,1250.0,1482.090909090909,825.0,1010.7272727272727,1222.5454545454545,1385.9285714285713,1379.2083333333333,77.5,80.96,82.36,82.83,318.0,379.2,122.2,111.8,594.0
2023-01-11,1043.0,1470.0,1126.0,762.0,81.11,81.6,318.0,122.2,2023,1,1,2,1096.0,1346.3636363636365,1596.0,1347.0,1536.0,1862.6363636363635,1189.0,1473.2727272727273,803.0,1002.181818181818,1183.3376623376623,1353.642857142857,1373.4666666666667,78.4,82.82,81.6,82.72,318.0,379.2,122.2,111.8,674.0
2023-01-12,976.0,1349.0,1084.0,715.0,82.59,81.19,318.0,122.2,2023,1,1,3,1043.0,1250.0,1723.0,1327.0,1470.0,1635.0,1126.0,1438.0,762.0,968.0,1140.0,1314.142857142857,1363.3333333333333,81.11,80.36,81.6,82.86,318.0,318.0,122.2,122.2,816.0
2023-01-13,946.0,1299.0,1069.0,686.0,83.43,81.31,318.0,122.2,2023,1,1,4,976.0,1176.0,1650.0,1355.0,1349.0,1516.0,1084.0,1378.0,715.0,912.0,1100.857142857143,1260.7857142857142,1351.6333333333334,82.59,75.31,81.19,82.72,318.0,318.0,122.2,122.2,883.0
2023-01-16,946.0,1311.0,1071.0,673.0,82.65,81.505,318.0,122.2,2023,1,1,0,946.0,1146.0,1515.0,1338.0,1299.0,1504.0,1069.0,1332.0,686.0,871.0,1068.0,1210.5,1338.0,83.43,76.73,81.31,82.57,318.0,318.0,122.2,122.2,935.0
2023-01-17,921.0,1240.0,1078.0,661.0,84.38,81.57,318.0,122.2,2023,1,1,1,946.0,1130.0,1418.6363636363635,1324.0,1311.0,1512.0,1071.0,1299.0,673.0,839.0,1039.4285714285713,1169.857142857143,1324.9333333333334,82.65,76.41,81.505,82.72,318.0,318.0,122.2,122.2,990.0
2023-01-18,874.0,1107.0,1075.0,657.0,83.78,81.33,318.0,122.2,2023,1,1,2,921.0,1139.0,1394.5454545454545,1323.0,1240.0,1596.0,1078.0,1250.0,661.0,825.0,1009.5714285714286,1134.3116883116884,1311.5,84.38,77.5,81.57,82.36,318.0,318.0,122.2,122.2,1099.0
2023-01-19,801.0,893.0,1071.0,654.0,85.08,81.28,318.0,122.2,2023,1,1,3,874.0,1096.0,1370.4545454545455,1340.0,1107.0,1536.0,1075.0,1189.0,657.0,803.0,971.7142857142857,1097.1298701298701,1296.5333333333333,83.78,78.4,81.33,81.6,318.0,318.0,122.2,122.2,1145.0
2023-01-20,763.0,787.0,1060.0,652.0,86.96,80.99,318.0,122.2,2023,1,1,4,801.0,1043.0,1346.3636363636365,1373.0,893.0,1470.0,1071.0,1126.0,654.0,762.0,929.5714285714286,1056.4545454545455,1278.5666666666666,85.08,81.11,81.28,81.6,318.0,318.0,122.2,122.2,1211.0
2023-01-23,740.0,735.0,1048.0,645.0,87.54,81.41,318.0,122.2,2023,1,1,0,763.0,976.0,1250.0,1385.0,787.0,1349.0,1060.0,1084.0,652.0,715.0,889.5714285714286,1014.7857142857143,1258.2333333333333,86.96,82.59,80.99,81.19,318.0,318.0,122.2,122.2,1258.0
2023-01-24,721.0,685.0,1035.0,649.0,85.25,81.53,318.0,122.2,2023,1,1,1,740.0,946.0,1176.0,1386.0,735.0,1299.0,1048.0,1069.0,645.0,686.0,855.8571428571429,978.3571428571429,1236.7333333333333,87.54,83.43,81.41,81.31,318.0,318.0,122.2,122.2,1298.0
2023-01-25,703.0,631.0,1035.0,648.0,85.08,81.49,318.0,122.2,2023,1,1,2,721.0,946.0,1146.0,1361.0,685.0,1311.0,1035.0,1071.0,649.0,673.0,823.7142857142857,945.8571428571429,1214.5666666666666,85.25,82.65,81.53,81.505,318.0,318.0,122.2,122.2,1327.0
2023-01-26,677.0,549.0,1045.0,645.0,86.29,81.59,318.0,122.2,2023,1,1,3,703.0,921.0,1130.0,1357.0,631.0,1240.0,1035.0,1078.0,648.0,661.0,789.0,914.2142857142857,1192.6333333333334,85.08,84.38,81.49,81.57,318.0,318.0,122.2,122.2,1379.0
2023-01-27,676.0,534.0,1054.0,650.0,85.36,81.54,318.0,122.2,2023,1,1,4,677.0,874.0,1139.0,1401.0,549.0,1107.0,1045.0,1075.0,645.0,657.0,754.1428571428571,881.8571428571429,1169.9666666666667,86.29,83.78,81.59,81.33,318.0,318.0,122.2,122.2,1424.0
2023-01-30,680.0,533.0,1060.0,658.0,84.9,81.47,318.0,122.2,2023,1,1,0,676.0,801.0,1096.0,1528.0,534.0,893.0,1054.0,1071.0,650.0,654.0,725.8571428571429,848.7857142857143,1145.8,85.36,85.08,81.54,81.28,318.0,318.0,122.2,122.2,1465.0
2023-01-31,681.0,532.0,1052.0,670.0,83.42,81.69,318.0,122.2,2023,1,1,1,680.0,763.0,1043.0,1560.0,533.0,787.0,1060.0,1060.0,658.0,652.0,708.5714285714286,819.0714285714286,1117.5333333333333,84.9,86.96,81.47,80.99,318.0,318.0,122.2,122.2,1587.0
2023-02-01,668.0,499.0,1029.0,680.0,81.61,81.73,207.5,127.6,2023,2,1,2,681.0,740.0,976.0,1548.0,532.0,735.0,1052.0,1048.0,670.0,645.0,696.8571428571429,793.2142857142857,1088.2333333333333,83.42,87.54,81.69,81.41,318.0,318.0,122.2,122.2,1603.0
2023-02-02,640.0,445.0,988.0,684.0,80.57,82.03,207.5,127.6,2023,2,1,3,668.0,721.0,946.0,1596.0,499.0,685.0,1029.0,1035.0,680.0,649.0,686.5714285714286,771.2142857142857,1058.9,81.61,85.25,81.73,81.53,207.5,318.0,127.6,122.2,1560.0
2023-02-03,621.0,429.0,940.0,682.0,78.85,82.21,207.5,127.6,2023,2,1,4,640.0,703.0,946.0,1723.0,445.0,631.0,988.0,1035.0,684.0,648.0,675.0,749.3571428571429,1027.0333333333333,80.57,85.08,82.03,81.49,207.5,318.0,127.6,122.2,1535.0
2023-02-06,608.0,419.0,907.0,680.0,80.48,82.77,207.5,127.6,2023,2,1,0,621.0,677.0,921.0,1650.0,429.0,549.0,940.0,1045.0,682.0,645.0,663.2857142857143,726.1428571428571,990.3,78.85,86.29,82.21,81.59,207.5,318.0,127.6,122.2,1542.0
2023-02-07,601.0,443.0,867.0,667.0,82.92,82.81,207.5,127.6,2023,2,1,1,608.0,676.0,874.0,1515.0,419.0,534.0,907.0,1054.0,680.0,650.0,653.4285714285714,703.7857142857143,955.5666666666667,80.48,85.36,82.77,81.54,207.5,318.0,127.6,122.2,1512.0
2023-02-08,603.0,474.0,856.0,651.0,84.17,82.65,207.5,127.6,2023,2,1,2,601.0,680.0,801.0,1418.6363636363635,443.0,533.0,867.0,1060.0,667.0,658.0,642.7142857142857,684.2857142857143,925.1,82.92,84.9,82.81,81.47,207.5,318.0,127.6,122.2,1456.0
2023-02-09,592.0,452.0,861.0,636.0,83.46,82.44,207.5,127.6,2023,2,1,3,603.0,681.0,763.0,1394.5454545454545,474.0,532.0,856.0,1052.0,651.0,670.0,631.7142857142857,670.1428571428571,897.9121212121212,84.17,83.42,82.65,81.69,207.5,318.0,127.6,122.2,1484.0
2023-02-10,602.0,486.0,864.0,628.0,85.46,82.47,207.5,127.6,2023,2,1,4,592.0,668.0,740.0,1370.4545454545455,452.0,499.0,861.0,1029.0,636.0,680.0,619.0,657.9285714285714,871.1606060606061,83.46,81.61,82.44,81.73,207.5,207.5,127.6,127.6,1489.0
2023-02-13,616.0,534.0,863.0,625.0,85.98,82.72,207.5,127.6,2023,2,1,0,602.0,640.0,721.0,1346.3636363636365,486.0,445.0,864.0,988.0,628.0,684.0,609.5714285714286,648.0714285714286,845.5454545454545,85.46,80.57,82.47,82.03,207.5,207.5,127.6,127.6,1456.0
2023-02-14,563.0,382.0,848.0,627.0,84.96,82.86,207.5,127.6,2023,2,1,1,616.0,621.0,703.0,1250.0,534.0,429.0,863.0,940.0,625.0,682.0,606.1428571428571,640.5714285714286,821.2,85.98,78.85,82.72,82.21,207.5,207.5,127.6,127.6,1402.0
2023-02-15,541.0,317.0,830.0,640.0,84.11,82.78,207.5,127.6,2023,2,1,2,563.0,608.0,677.0,1176.0,382.0,419.0,848.0,907.0,627.0,680.0,597.8571428571429,630.5714285714286,798.3,84.96,80.48,82.86,82.77,207.5,207.5,127.6,127.6,1407.0
2023-02-16,530.0,275.0,818.0,660.0,83.84,82.74,207.5,127.6,2023,2,1,3,541.0,601.0,676.0,1146.0,317.0,443.0,830.0,867.0,640.0,667.0,588.2857142857143,620.8571428571429,777.1333333333333,84.11,82.92,82.78,82.81,207.5,207.5,127.6,127.6,1403.0
2023-02-17,538.0,271.0,811.0,695.0,81.97,82.73,207.5,127.6,2023,2,1,4,530.0,603.0,680.0,1130.0,275.0,474.0,818.0,856.0,660.0,651.0,578.1428571428571,610.4285714285714,756.6,83.84,84.17,82.74,82.65,207.5,207.5,127.6,127.6,1389.0
2023-02-20,552.0,284.0,809.0,727.0,82.79,82.82,207.5,127.6,2023,2,1,0,538.0,592.0,681.0,1139.0,271.0,452.0,811.0,861.0,695.0,636.0,568.8571428571429,600.2857142857143,736.8666666666667,81.97,83.46,82.73,82.44,207.5,207.5,127.6,127.6,1412.0
2023-02-21,594.0,303.0,843.0,807.0,82.14,82.85,207.5,127.6,2023,2,1,1,552.0,602.0,668.0,1096.0,284.0,486.0,809.0,864.0,727.0,628.0,563.1428571428571,591.0714285714286,717.3,82.79,85.46,82.82,82.47,207.5,207.5,127.6,127.6,1473.0
2023-02-22,674.0,390.0,951.0,872.0,79.55,82.78,207.5,127.6,2023,2,1,2,594.0,616.0,640.0,1043.0,303.0,534.0,843.0,863.0,807.0,625.0,562.0,585.7857142857143,700.5666666666667,82.14,85.98,82.85,82.72,207.5,207.5,127.6,127.6,1525.0
2023-02-23,816.0,573.0,1169.0,940.0,82.08,82.59,207.5,127.6,2023,2,1,3,674.0,563.0,621.0,976.0,390.0,382.0,951.0,848.0,872.0,627.0,570.2857142857143,588.2142857142857,688.2666666666667,79.55,84.96,82.78,82.86,207.5,207.5,127.6,127.6,1560.0
2023-02-24,883.0,636.0,1271.0,996.0,82.31,82.97,207.5,127.6,2023,2,1,4,816.0,541.0,608.0,946.0,573.0,317.0,1169.0,830.0,940.0,640.0,606.4285714285714,602.1428571428571,682.9333333333333,82.08,84.11,82.59,82.78,207.5,207.5,127.6,127.6,1549.4
2023-02-27,935.0,701.0,1317.0,1050.0,81.24,82.69,207.5,127.6,2023,2,1,0,883.0,530.0,601.0,946.0,636.0,275.0,1271.0,818.0,996.0,660.0,655.2857142857143,621.7857142857143,680.8333333333334,82.31,83.84,82.97,82.74,207.5,207.5,127.6,127.6,1517.6
2023-02-28,990.0,729.0,1421.0,1105.0,83.21,82.57,207.5,127.6,2023,2,1,1,935.0,538.0,603.0,921.0,701.0,271.0,1317.0,811.0,1050.0,695.0,713.1428571428571,645.6428571428571,680.4666666666667,81.24,81.97,82.69,82.73,207.5,207.5,127.6,127.6,1507.0
2023-03-01,1099.0,929.0,1515.0,1156.0,83.68,82.43,187.2,128.4,2023,3,1,2,990.0,552.0,592.0,874.0,729.0,284.0,1421.0,809.0,1105.0,727.0,777.7142857142857,673.2857142857143,682.7666666666667,83.21,82.79,82.57,82.82,207.5,207.5,127.6,127.6,1463.0
2023-03-02,1145.0,1000.0,1556.0,1192.0,84.15,82.41,187.2,128.4,2023,3,1,3,1099.0,594.0,602.0,801.0,929.0,303.0,1515.0,843.0,1156.0,807.0,855.8571428571429,709.5,690.2666666666667,83.68,82.14,82.43,82.85,187.2,207.5,128.4,127.6,1463.0
2023-03-03,1211.0,1195.0,1565.0,1189.0,85.74,81.98,187.2,128.4,2023,3,1,4,1145.0,674.0,616.0,763.0,1000.0,390.0,1556.0,951.0,1192.0,872.0,934.5714285714286,748.2857142857143,701.7333333333333,84.15,79.55,82.41,82.78,187.2,207.5,128.4,127.6,1435.0
2023-03-06,1258.0,1329.0,1582.0,1180.0,85.86,81.77,187.2,128.4,2023,3,1,0,1211.0,816.0,563.0,740.0,1195.0,573.0,1565.0,1169.0,1189.0,940.0,1011.2857142857143,790.7857142857143,716.6666666666666,85.74,82.08,81.98,82.59,187.2,207.5,128.4,127.6,1412.0
2023-03-07,1298.0,1471.0,1580.0,1161.0,83.03,81.93,187.2,128.4,2023,3,1,1,1258.0,883.0,541.0,721.0,1329.0,636.0,1582.0,1271.0,1180.0,996.0,1074.4285714285713,840.4285714285714,733.9333333333333,85.86,82.31,81.77,82.97,187.2,207.5,128.4,127.6,1368.0
2023-03-08,1327.0,1550.0,1592.0,1161.0,82.1,81.86,187.2,128.4,2023,3,1,2,1298.0,935.0,530.0,703.0,1471.0,701.0,1580.0,1317.0,1161.0,1050.0,1133.7142857142858,894.5,753.1666666666666,83.03,81.24,81.93,82.69,187.2,207.5,128.4,127.6,1372.0
2023-03-09,1379.0,1662.0,1624.0,1180.0,81.0,82.02,187.2,128.4,2023,3,1,3,1327.0,990.0,538.0,677.0,1550.0,729.0,1592.0,1421.0,1161.0,1105.0,1189.7142857142858,951.4285714285714,773.9666666666667,82.1,83.21,81.86,82.57,187.2,207.5,128.4,127.6,1432.0
2023-03-10,1424.0,1744.0,1654.0,1209.0,82.3,81.93,187.2,128.4,2023,3,1,4,1379.0,1099.0,552.0,676.0,1662.0,929.0,1624.0,1515.0,1180.0,1156.0,1245.2857142857142,1011.5,797.3666666666667,81.0,83.68,82.02,82.43,187.2,187.2,128.4,128.4,1504.0
2023-03-13,1465.0,1821.0,1680.0,1235.0,79.67,82.19,187.2,128.4,2023,3,1,0,1424.0,1145.0,594.0,680.0,1744.0,1000.0,1654.0,1556.0,1209.0,1192.0,1291.7142857142858,1073.7857142857142,822.3,82.3,84.15,81.93,82.41,187.2,187.2,128.4,128.4,1517.0
2023-03-14,1587.0,2110.0,1743.0,1263.0,76.77,82.25,187.2,128.4,2023,3,1,1,1465.0,1211.0,674.0,681.0,1821.0,1195.0,1680.0,1565.0,1235.0,1189.0,1337.4285714285713,1136.0,848.4666666666667,79.67,85.74,82.19,81.98,187.2,187.2,128.4,128.4,1510.0
2023-03-15,1603.0,2104.0,1768.0,1296.0,74.3,82.84,187.2,128.4,2023,3,1,2,1587.0,1258.0,816.0,668.0,2110.0,1329.0,1743.0,1582.0,1263.0,1180.0,1391.142857142857,1201.2142857142858,878.6666666666666,76.77,85.86,82.25,81.77,187.2,187.2,128.4,128.4,1536.0
2023-03-16,1560.0,1976.0,1746.0,1312.0,73.12,82.63,187.2,128.4,2023,3,1,3,1603.0,1298.0,883.0,640.0,2104.0,1471.0,1768.0,1580.0,1296.0,1161.0,1440.4285714285713,1257.4285714285713,909.8333333333334,74.3,83.03,82.84,81.93,187.2,187.2,128.4,128.4,1581.0
2023-03-17,1535.0,1913.0,1723.0,1318.0,71.03,82.56,187.2,128.4,2023,3,1,4,1560.0,1327.0,935.0,621.0,1976.0,1550.0,1746.0,1592.0,1312.0,1161.0,1477.857142857143,1305.7857142857142,940.5,73.12,82.1,82.63,81.86,187.2,187.2,128.4,128.4,1576.0
2023-03-20,1542.0,1945.0,1697.0,1329.0,72.42,82.55,187.2,128.4,2023,3,1,0,1535.0,1379.0,990.0,608.0,1913.0,1662.0,1723.0,1624.0,1318.0,1180.0,1507.5714285714287,1348.642857142857,970.9666666666667,71.03,81.0,82.56,82.02,187.2,187.2,128.4,128.4,1558.0
2023-03-21,1512.0,1881.0,1658.0,1335.0,74.78,82.59,187.2,128.4,2023,3,1,1,1542.0,1424.0,1099.0,601.0,1945.0,1744.0,1697.0,1654.0,1329.0,1209.0,1530.857142857143,1388.0714285714287,1002.1,72.42,82.3,82.55,81.93,187.2,187.2,128.4,128.4,1552.0
2023-03-22,1456.0,1752.0,1606.0,1337.0,76.08,82.66,187.2,128.4,2023,3,1,2,1512.0,1465.0,1145.0,603.0,1881.0,1821.0,1658.0,1680.0,1335.0,1235.0,1543.4285714285713,1417.5714285714287,1032.4666666666667,74.78,79.67,82.59,82.19,187.2,187.2,128.4,128.4,1558.0
2023-03-23,1484.0,1856.0,1584.0,1333.0,74.31,82.07,187.2,128.4,2023,3,1,3,1456.0,1587.0,1211.0,592.0,1752.0,2110.0,1606.0,1743.0,1337.0,1263.0,1542.142857142857,1439.7857142857142,1060.9,76.08,76.77,82.66,82.25,187.2,187.2,128.4,128.4,1545.0
2023-03-24,1489.0,1882.0,1572.0,1332.0,73.63,82.34,187.2,128.4,2023,3,1,4,1484.0,1603.0,1258.0,602.0,1856.0,2104.0,1584.0,1768.0,1333.0,1296.0,1527.4285714285713,1459.2857142857142,1090.6333333333334,74.31,74.3,82.07,82.84,187.2,187.2,128.4,128.4,1558.0
2023-03-27,1456.0,1795.0,1565.0,1326.0,76.8,82.24,187.2,128.4,2023,3,1,0,1489.0,1560.0,1298.0,616.0,1882.0,1976.0,1572.0,1746.0,1332.0,1312.0,1511.142857142857,1475.7857142857142,1120.2,73.63,73.12,82.34,82.63,187.2,187.2,128.4,128.4,1588.0
2023-03-28,1402.0,1646.0,1561.0,1315.0,78.07,82.17,187.2,128.4,2023,3,1,1,1456.0,1535.0,1327.0,563.0,1795.0,1913.0,1565.0,1723.0,1326.0,1318.0,1496.2857142857142,1487.0714285714287,1148.2,76.8,71.03,82.24,82.56,187.2,187.2,128.4,128.4,1598.0
2023-03-29,1407.0,1662.0,1598.0,1285.0,77.51,82.18,187.2,128.4,2023,3,1,2,1402.0,1542.0,1379.0,541.0,1646.0,1945.0,1561.0,1697.0,1315.0,1329.0,1477.2857142857142,1492.4285714285713,1176.1666666666667,78.07,72.42,82.17,82.55,187.2,187.2,128.4,128.4,1640.0
2023-03-30,1403.0,1676.0,1625.0,1237.0,78.45,82.34,187.2,128.4,2023,3,1,3,1407.0,1512.0,1424.0,530.0,1662.0,1881.0,1598.0,1658.0,1285.0,1335.0,1458.0,1494.4285714285713,1205.0333333333333,77.51,74.78,82.18,82.59,187.2,187.2,128.4,128.4,1608.0
2023-03-31,1389.0,1665.0,1635.0,1198.0,79.19,82.19,187.2,128.4,2023,3,1,4,1403.0,1456.0,1465.0,538.0,1676.0,1752.0,1625.0,1606.0,1237.0,1337.0,1442.4285714285713,1492.9285714285713,1234.1333333333334,78.45,76.08,82.34,82.66,187.2,187.2,128.4,128.4,1558.0
2023-04-03,1412.0,1723.0,1664.0,1187.0,85.81,82.24,194.3,117.4,2023,4,2,0,1389.0,1484.0,1587.0,552.0,1665.0,1856.0,1635.0,1584.0,1198.0,1333.0,1432.857142857143,1487.5,1262.5,79.19,74.31,82.19,82.07,187.2,187.2,128.4,128.4,1522.0
2023-04-04,1473.0,1867.0,1724.0,1176.0,85.7,82.33,194.3,117.4,2023,4,2,1,1412.0,1489.0,1603.0,594.0,1723.0,1882.0,1664.0,1572.0,1187.0,1332.0,1422.5714285714287,1475.0,1291.1666666666667,85.81,73.63,82.24,82.34,194.3,187.2,117.4,128.4,1476.0
2023-04-05,1525.0,1957.0,1813.0,1170.0,85.89,81.89,194.3,117.4,2023,4,2,2,1473.0,1456.0,1560.0,674.0,1867.0,1795.0,1724.0,1565.0,1176.0,1326.0,1420.2857142857142,1465.7142857142858,1320.4666666666667,85.7,76.8,82.33,82.24,194.3,187.2,117.4,128.4,1425.0
2023-04-06,1560.0,2041.0,1851.0,1161.0,86.56,81.86,194.3,117.4,2023,4,2,3,1525.0,1402.0,1535.0,816.0,1957.0,1646.0,1813.0,1561.0,1170.0,1315.0,1430.142857142857,1463.2142857142858,1348.8333333333333,85.89,78.07,81.89,82.17,194.3,187.2,117.4,128.4,1402.0
2023-04-07,1549.4,2015.0,1851.2,1155.0,86.712,81.85,194.3,117.4,2023,4,2,4,1560.0,1407.0,1542.0,883.0,2041.0,1662.0,1851.0,1598.0,1161.0,1285.0,1452.7142857142858,1465.0,1373.6333333333334,86.56,77.51,81.86,82.18,194.3,187.2,117.4,128.4,1384.0
2023-04-10,1517.6,1937.0,1851.8,1137.0,87.16799999999999,82.01,194.3,117.4,2023,4,2,0,1549.4,1403.0,1512.0,935.0,2015.0,1676.0,1851.2,1625.0,1155.0,1237.0,1473.0571428571427,1465.5285714285715,1395.8466666666668,86.712,78.45,81.85,82.34,194.3,187.2,117.4,128.4,1365.0
2023-04-11,1507.0,1911.0,1852.0,1131.0,87.32,82.04,194.3,117.4,2023,4,2,1,1517.6,1389.0,1456.0,990.0,1937.0,1665.0,1851.8,1635.0,1137.0,1198.0,1489.4285714285713,1465.9285714285713,1415.2666666666667,87.16799999999999,79.19,82.01,82.19,194.3,187.2,117.4,128.4,1348.0
2023-04-12,1463.0,1822.0,1812.0,1118.0,88.31,81.98,194.3,117.4,2023,4,2,2,1507.0,1412.0,1484.0,1099.0,1911.0,1723.0,1852.0,1664.0,1131.0,1187.0,1506.2857142857142,1469.5714285714287,1432.5,87.32,85.81,82.04,82.24,194.3,194.3,117.4,117.4,1295.0
2023-04-13,1463.0,1888.0,1747.0,1105.0,86.51,81.65,194.3,117.4,2023,4,2,3,1463.0,1473.0,1489.0,1145.0,1822.0,1867.0,1812.0,1724.0,1118.0,1176.0,1513.5714285714287,1468.0714285714287,1444.6333333333334,88.31,85.7,81.98,82.33,194.3,194.3,117.4,117.4,1215.0
2023-04-14,1435.0,1850.0,1702.0,1096.0,87.31,81.88,194.3,117.4,2023,4,2,4,1463.0,1525.0,1456.0,1211.0,1888.0,1957.0,1747.0,1813.0,1105.0,1170.0,1512.142857142857,1466.2142857142858,1455.2333333333333,86.51,85.89,81.65,81.89,194.3,194.3,117.4,117.4,1172.0
2023-04-17,1412.0,1801.0,1675.0,1098.0,85.63,81.98,194.3,117.4,2023,4,2,0,1435.0,1560.0,1402.0,1258.0,1850.0,2041.0,1702.0,1851.0,1096.0,1161.0,1499.2857142857142,1464.7142857142858,1462.7,87.31,86.56,81.88,81.86,194.3,194.3,117.4,117.4,1123.0
2023-04-18,1368.0,1678.0,1644.0,1113.0,85.48,82.08,194.3,117.4,2023,4,2,1,1412.0,1549.4,1407.0,1298.0,1801.0,2015.0,1675.0,1851.2,1098.0,1155.0,1478.142857142857,1465.4285714285713,1467.8333333333333,85.63,86.712,81.98,81.85,194.3,194.3,117.4,117.4,977.0
2023-04-19,1372.0,1643.0,1657.0,1151.0,85.34,82.18,194.3,117.4,2023,4,2,2,1368.0,1517.6,1403.0,1327.0,1678.0,1937.0,1644.0,1851.8,1113.0,1137.0,1452.2285714285715,1462.642857142857,1470.1666666666667,85.48,87.16799999999999,82.08,82.01,194.3,194.3,117.4,117.4,937.0
2023-04-20,1432.0,1778.0,1677.0,1179.0,83.29,82.1,194.3,117.4,2023,4,2,3,1372.0,1507.0,1389.0,1379.0,1643.0,1911.0,1657.0,1852.0,1151.0,1131.0,1431.4285714285713,1460.4285714285713,1471.6666666666667,85.34,87.32,82.18,82.04,194.3,194.3,117.4,117.4,919.0
2023-04-21,1504.0,1962.0,1692.0,1201.0,83.36,82.06,194.3,117.4,2023,4,2,4,1432.0,1463.0,1412.0,1424.0,1778.0,1822.0,1677.0,1812.0,1179.0,1118.0,1420.7142857142858,1463.5,1473.4333333333334,83.29,88.31,82.1,81.98,194.3,194.3,117.4,117.4,939.0
2023-04-24,1517.0,1993.0,1687.0,1212.0,84.23,81.9,194.3,117.4,2023,4,2,0,1504.0,1463.0,1473.0,1465.0,1962.0,1888.0,1692.0,1747.0,1201.0,1105.0,1426.5714285714287,1470.0714285714287,1476.1,83.36,86.51,82.06,81.65,194.3,194.3,117.4,117.4,1016.0
2023-04-25,1510.0,1986.0,1667.0,1216.0,82.13,81.92,194.3,117.4,2023,4,2,1,1517.0,1435.0,1525.0,1587.0,1993.0,1850.0,1687.0,1702.0,1212.0,1096.0,1434.2857142857142,1473.2142857142858,1477.8333333333333,84.23,87.31,81.9,81.88,194.3,194.3,117.4,117.4,1020.0
2023-04-26,1536.0,2100.0,1640.0,1203.0,79.19,81.74,194.3,117.4,2023,4,2,2,1510.0,1412.0,1560.0,1603.0,1986.0,1801.0,1667.0,1675.0,1216.0,1098.0,1445.0,1472.142857142857,1475.2666666666667,82.13,85.63,81.92,81.98,194.3,194.3,117.4,117.4,1040.0
2023-04-27,1581.0,2276.0,1612.0,1185.0,80.11,81.84,194.3,117.4,2023,4,2,3,1536.0,1368.0,1549.4,1560.0,2100.0,1678.0,1640.0,1644.0,1203.0,1113.0,1462.7142857142858,1470.4285714285713,1473.0333333333333,79.19,85.48,81.74,82.08,194.3,194.3,117.4,117.4,1055.0
2023-04-28,1576.0,2301.0,1586.0,1165.0,81.32,81.84,194.3,117.4,2023,4,2,4,1581.0,1372.0,1517.6,1535.0,2276.0,1643.0,1612.0,1657.0,1185.0,1151.0,1493.142857142857,1472.685714285714,1473.7333333333333,80.11,85.34,81.84,82.18,194.3,194.3,117.4,117.4,1056.0
2023-05-01,1558.0,2276.25,1568.75,1149.25,77.8625,81.84,160.5,105.2,2023,5,2,0,1576.0,1432.0,1507.0,1542.0,2301.0,1778.0,1586.0,1677.0,1165.0,1179.0,1522.2857142857142,1476.857142857143,1475.1,81.32,83.29,81.84,82.1,194.3,194.3,117.4,117.4,1074.0
2023-05-02,1552.0,2268.0,1563.0,1144.0,76.71,81.89,160.5,105.2,2023,5,2,1,1558.0,1504.0,1463.0,1512.0,2276.25,1962.0,1568.75,1692.0,1149.25,1201.0,1540.2857142857142,1480.5,1475.6333333333334,77.8625,83.36,81.84,82.06,160.5,194.3,105.2,117.4,1079.0
2023-05-03,1558.0,2325.0,1540.0,1123.0,72.91,81.83,160.5,105.2,2023,5,2,2,1552.0,1517.0,1463.0,1456.0,2268.0,1993.0,1563.0,1687.0,1144.0,1212.0,1547.142857142857,1486.857142857143,1476.9666666666667,76.71,84.23,81.89,81.9,160.5,194.3,105.2,117.4,1094.0
2023-05-04,1545.0,2325.0,1514.0,1105.0,73.0,81.73,160.5,105.2,2023,5,2,3,1558.0,1510.0,1435.0,1484.0,2325.0,1986.0,1540.0,1667.0,1123.0,1216.0,1553.0,1493.642857142857,1480.3666666666666,72.91,82.13,81.83,81.92,160.5,194.3,105.2,117.4,1076.0
2023-05-05,1558.0,2384.0,1501.0,1096.0,75.85,81.81,160.5,105.2,2023,5,2,4,1545.0,1536.0,1412.0,1489.0,2325.0,2100.0,1514.0,1640.0,1105.0,1203.0,1558.0,1501.5,1482.4,73.0,79.19,81.73,81.74,160.5,194.3,105.2,117.4,1065.0
2023-05-08,1588.0,2477.75,1495.75,1096.75,77.2825,81.78,160.5,105.2,2023,5,2,0,1558.0,1581.0,1368.0,1456.0,2384.0,2276.0,1501.0,1612.0,1096.0,1185.0,1561.142857142857,1511.9285714285713,1484.7,75.85,80.11,81.81,81.84,160.5,194.3,105.2,117.4,1078.0
2023-05-09,1598.0,2509.0,1494.0,1097.0,77.76,82.04,160.5,105.2,2023,5,2,1,1588.0,1576.0,1372.0,1402.0,2477.75,2301.0,1495.75,1586.0,1096.75,1165.0,1562.142857142857,1527.642857142857,1489.1,77.2825,81.32,81.78,81.84,160.5,194.3,105.2,117.4,1138.0
2023-05-10,1640.0,2630.0,1481.0,1114.0,76.7,81.94,160.5,105.2,2023,5,2,2,1598.0,1558.0,1432.0,1407.0,2509.0,2276.25,1494.0,1568.75,1097.0,1149.25,1565.2857142857142,1543.7857142857142,1495.6333333333334,77.76,77.8625,82.04,81.84,160.5,160.5,105.2,105.2,1216.0
2023-05-11,1608.0,2566.0,1445.0,1112.0,75.32,82.13,160.5,105.2,2023,5,2,3,1640.0,1552.0,1504.0,1403.0,2630.0,2268.0,1481.0,1563.0,1114.0,1144.0,1577.0,1558.642857142857,1503.4,76.7,76.71,81.94,81.89,160.5,160.5,105.2,105.2,1240.0
2023-05-12,1558.0,2456.0,1402.0,1105.0,74.54,82.17,160.5,105.2,2023,5,2,4,1608.0,1558.0,1517.0,1389.0,2566.0,2325.0,1445.0,1540.0,1112.0,1123.0,1585.0,1566.0714285714287,1510.2333333333333,75.32,72.91,82.13,81.83,160.5,160.5,105.2,105.2,1233.0
2023-05-15,1522.0,2385.0,1366.0,1098.0,75.46,82.3,160.5,105.2,2023,5,2,0,1558.0,1545.0,1510.0,1412.0,2456.0,2325.0,1402.0,1514.0,1105.0,1105.0,1585.0,1569.0,1515.8666666666666,74.54,73.0,82.17,81.73,160.5,160.5,105.2,105.2,1183.0
2023-05-16,1476.0,2295.0,1314.0,1091.0,75.15,82.26,160.5,105.2,2023,5,2,1,1522.0,1558.0,1536.0,1473.0,2385.0,2384.0,1366.0,1501.0,1098.0,1096.0,1581.7142857142858,1569.857142857143,1519.5333333333333,75.46,75.85,82.3,81.81,160.5,160.5,105.2,105.2,1138.0
2023-05-17,1425.0,2184.0,1260.0,1090.0,76.98,82.39,160.5,105.2,2023,5,2,2,1476.0,1588.0,1581.0,1525.0,2295.0,2477.75,1314.0,1495.75,1091.0,1096.75,1570.0,1565.5714285714287,1519.6333333333334,75.15,77.2825,82.26,81.78,160.5,160.5,105.2,105.2,1112.0
2023-05-18,1402.0,2142.0,1235.0,1085.0,75.75,82.77,160.5,105.2,2023,5,2,3,1425.0,1598.0,1576.0,1560.0,2184.0,2509.0,1260.0,1494.0,1090.0,1097.0,1546.7142857142858,1554.4285714285713,1516.3,76.98,77.76,82.39,82.04,160.5,160.5,105.2,105.2,1091.0
2023-05-19,1384.0,2105.0,1222.0,1077.0,75.42,82.65,160.5,105.2,2023,5,2,4,1402.0,1640.0,1558.0,1549.4,2142.0,2630.0,1235.0,1481.0,1085.0,1114.0,1518.7142857142858,1542.0,1511.0333333333333,75.75,76.7,82.77,81.94,160.5,160.5,105.2,105.2,1068.0
2023-05-22,1365.0,2065.0,1220.0,1063.0,75.77,82.83,160.5,105.2,2023,5,2,0,1384.0,1608.0,1552.0,1517.6,2105.0,2566.0,1222.0,1445.0,1077.0,1112.0,1482.142857142857,1529.5714285714287,1505.52,75.42,75.32,82.65,82.13,160.5,160.5,105.2,105.2,1044.0
2023-05-23,1348.0,2040.0,1212.0,1043.0,76.66,82.84,160.5,105.2,2023,5,2,1,1365.0,1558.0,1558.0,1507.0,2065.0,2456.0,1220.0,1402.0,1063.0,1105.0,1447.4285714285713,1516.2142857142858,1500.4333333333334,75.77,74.54,82.83,82.17,160.5,160.5,105.2,105.2,994.0
2023-05-24,1295.0,1930.0,1184.0,1014.0,77.99,82.66,160.5,105.2,2023,5,2,2,1348.0,1522.0,1545.0,1463.0,2040.0,2385.0,1212.0,1366.0,1043.0,1098.0,1417.4285714285713,1501.2142857142858,1495.1333333333334,76.66,75.46,82.84,82.3,160.5,160.5,105.2,105.2,993.0
2023-05-25,1215.0,1758.0,1141.0,980.0,75.66,82.76,160.5,105.2,2023,5,2,3,1295.0,1476.0,1558.0,1463.0,1930.0,2295.0,1184.0,1314.0,1014.0,1091.0,1385.0,1483.357142857143,1489.5333333333333,77.99,75.15,82.66,82.26,160.5,160.5,105.2,105.2,1009.0
2023-05-26,1172.0,1683.0,1119.0,946.0,76.33,82.58,160.5,105.2,2023,5,2,4,1215.0,1425.0,1588.0,1435.0,1758.0,2184.0,1141.0,1260.0,980.0,1090.0,1347.7142857142858,1458.857142857143,1481.2666666666667,75.66,76.98,82.76,82.39,160.5,160.5,105.2,105.2,1024.0
2023-05-30,1123.0,1594.0,1090.0,910.0,73.38,82.67,160.5,105.2,2023,5,2,1,1172.0,1402.0,1598.0,1412.0,1683.0,2142.0,1119.0,1235.0,946.0,1085.0,1311.5714285714287,1429.142857142857,1472.5,76.33,75.75,82.58,82.77,160.5,160.5,105.2,105.2,1032.0
2023-05-31,977.0,1218.0,1045.0,881.0,71.98,82.68,160.5,105.2,2023,5,2,2,1123.0,1384.0,1640.0,1368.0,1594.0,2105.0,1090.0,1222.0,910.0,1077.0,1271.7142857142858,1395.2142857142858,1462.8666666666666,73.38,75.42,82.67,82.65,160.5,160.5,105.2,105.2,1088.0
2023-06-01,937.0,1144.0,1030.0,847.0,74.18,82.41,139.4,113.5,2023,6,2,3,977.0,1365.0,1608.0,1372.0,1218.0,2065.0,1045.0,1220.0,881.0,1063.0,1213.5714285714287,1347.857142857143,1449.8333333333333,71.98,75.77,82.68,82.83,160.5,160.5,105.2,105.2,1103.0
2023-06-02,919.0,1116.0,1030.0,819.0,76.0,82.35,139.4,113.5,2023,6,2,4,937.0,1348.0,1558.0,1432.0,1144.0,2040.0,1030.0,1212.0,847.0,1043.0,1152.4285714285713,1299.9285714285713,1435.3333333333333,74.18,76.66,82.41,82.84,139.4,160.5,113.5,105.2,1090.0
2023-06-05,939.0,1178.0,1048.0,803.0,76.61,82.67,139.4,113.5,2023,6,2,0,919.0,1295.0,1522.0,1504.0,1116.0,1930.0,1030.0,1184.0,819.0,1014.0,1091.142857142857,1254.2857142857142,1418.2333333333333,76.0,77.99,82.35,82.66,139.4,160.5,113.5,105.2,1073.0
2023-06-06,1016.0,1383.0,1108.0,781.0,76.22,82.61,139.4,113.5,2023,6,2,1,939.0,1215.0,1476.0,1517.0,1178.0,1758.0,1048.0,1141.0,803.0,980.0,1040.2857142857142,1212.642857142857,1399.4,76.61,75.66,82.67,82.76,139.4,160.5,113.5,105.2,1037.0
2023-06-07,1020.0,1387.0,1139.0,766.0,76.85,82.5,139.4,113.5,2023,6,2,2,1016.0,1172.0,1425.0,1510.0,1383.0,1683.0,1108.0,1119.0,781.0,946.0,1011.8571428571429,1179.7857142857142,1382.7,76.22,76.33,82.61,82.58,139.4,160.5,113.5,105.2,1004.0
2023-06-08,1040.0,1460.0,1146.0,747.0,75.88,82.57,139.4,113.5,2023,6,2,3,1020.0,1123.0,1402.0,1536.0,1387.0,1594.0,1139.0,1090.0,766.0,910.0,990.1428571428571,1150.857142857143,1366.3666666666666,76.85,73.38,82.5,82.67,139.4,160.5,113.5,105.2,977.0
2023-06-09,1055.0,1514.0,1146.0,736.0,74.74,82.46,139.4,113.5,2023,6,2,4,1040.0,977.0,1384.0,1581.0,1460.0,1218.0,1146.0,1045.0,747.0,881.0,978.2857142857143,1125.0,1349.8333333333333,75.88,71.98,82.57,82.68,139.4,160.5,113.5,105.2,978.0
2023-06-12,1056.0,1532.0,1144.0,726.0,71.8,82.43,139.4,113.5,2023,6,2,0,1055.0,937.0,1365.0,1576.0,1514.0,1144.0,1146.0,1030.0,736.0,847.0,989.4285714285714,1101.5,1332.3,74.74,74.18,82.46,82.41,139.4,139.4,113.5,113.5,967.0
2023-06-13,1074.0,1587.0,1144.0,722.0,74.24,82.38,139.4,113.5,2023,6,2,1,1056.0,919.0,1348.0,1558.0,1532.0,1116.0,1144.0,1030.0,726.0,819.0,1006.4285714285714,1079.4285714285713,1314.9666666666667,71.8,76.0,82.43,82.35,139.4,139.4,113.5,113.5,962.0
2023-06-14,1079.0,1580.0,1163.0,729.0,73.39,82.1,139.4,113.5,2023,6,2,2,1074.0,939.0,1295.0,1552.0,1587.0,1178.0,1144.0,1048.0,722.0,803.0,1028.5714285714287,1059.857142857143,1298.8333333333333,74.24,76.61,82.38,82.67,139.4,139.4,113.5,113.5,1067.0
2023-06-15,1094.0,1599.0,1184.0,740.0,75.75,82.18,139.4,113.5,2023,6,2,3,1079.0,1016.0,1215.0,1558.0,1580.0,1383.0,1163.0,1108.0,729.0,781.0,1048.5714285714287,1044.4285714285713,1283.0666666666666,73.39,76.22,82.1,82.61,139.4,139.4,113.5,113.5,1097.0
2023-06-16,1076.0,1528.0,1193.0,748.0,76.76,81.89,139.4,113.5,2023,6,2,4,1094.0,1020.0,1172.0,1545.0,1599.0,1387.0,1184.0,1139.0,740.0,766.0,1059.7142857142858,1035.7857142857142,1267.6,75.75,76.85,82.18,82.5,139.4,139.4,113.5,113.5,1110.0
2023-06-19,1065.0,1492.0,1193.0,751.0,76.09,82.055,139.4,113.5,2023,6,2,0,1076.0,1040.0,1123.0,1558.0,1528.0,1460.0,1193.0,1146.0,748.0,747.0,1067.7142857142858,1028.9285714285713,1251.9666666666667,76.76,75.88,81.89,82.57,139.4,139.4,113.5,113.5,1127.0
2023-06-20,1078.0,1540.0,1174.0,759.0,75.79,82.11,139.4,113.5,2023,6,2,1,1065.0,1055.0,977.0,1588.0,1492.0,1514.0,1193.0,1146.0,751.0,736.0,1071.2857142857142,1024.7857142857142,1235.5333333333333,76.09,74.74,82.055,82.46,139.4,139.4,113.5,113.5,1150.0
2023-06-21,1138.0,1730.0,1157.0,761.0,76.92,82.04,139.4,113.5,2023,6,2,2,1078.0,1056.0,937.0,1598.0,1540.0,1532.0,1174.0,1144.0,759.0,726.0,1074.5714285714287,1032.0,1218.5333333333333,75.79,71.8,82.11,82.43,139.4,139.4,113.5,113.5,1123.0
2023-06-22,1216.0,1991.0,1140.0,751.0,73.93,81.93,139.4,113.5,2023,6,2,3,1138.0,1074.0,919.0,1640.0,1730.0,1587.0,1157.0,1144.0,761.0,722.0,1086.2857142857142,1046.357142857143,1203.2,76.92,74.24,82.04,82.38,139.4,139.4,113.5,113.5,1128.0
2023-06-23,1240.0,2080.0,1127.0,743.0,73.56,82.01,139.4,113.5,2023,6,2,4,1216.0,1079.0,939.0,1608.0,1991.0,1580.0,1140.0,1163.0,751.0,729.0,1106.5714285714287,1067.5714285714287,1189.0666666666666,73.93,73.39,81.93,82.1,139.4,139.4,113.5,113.5,1136.0
2023-06-26,1233.0,2075.0,1113.0,741.0,73.86,82.0,139.4,113.5,2023,6,2,0,1240.0,1094.0,1016.0,1558.0,2080.0,1599.0,1127.0,1184.0,743.0,740.0,1129.5714285714287,1089.0714285714287,1176.8,73.56,75.75,82.01,82.18,139.4,139.4,113.5,113.5,1145.0
2023-06-27,1183.0,1937.0,1089.0,746.0,71.88,81.98,139.4,113.5,2023,6,2,1,1233.0,1076.0,1020.0,1522.0,2075.0,1528.0,1113.0,1193.0,741.0,748.0,1149.4285714285713,1104.5714285714287,1165.9666666666667,73.86,76.76,82.0,81.89,139.4,139.4,113.5,113.5,1142.0
2023-06-28,1138.0,1822.0,1058.0,752.0,73.64,82.0,139.4,113.5,2023,6,2,2,1183.0,1065.0,1040.0,1476.0,1937.0,1492.0,1089.0,1193.0,746.0,751.0,1164.7142857142858,1116.2142857142858,1154.6666666666667,71.88,76.09,81.98,82.055,139.4,139.4,113.5,113.5,1144.0
2023-06-29,1112.0,1759.0,1041.0,750.0,73.86,82.05,139.4,113.5,2023,6,2,3,1138.0,1078.0,1055.0,1425.0,1822.0,1540.0,1058.0,1174.0,752.0,759.0,1175.142857142857,1123.2142857142858,1143.4,73.64,75.79,82.0,82.11,139.4,139.4,113.5,113.5,1137.0
2023-06-30,1091.0,1704.0,1030.0,749.0,74.51,82.06,139.4,113.5,2023,6,2,4,1112.0,1138.0,1056.0,1402.0,1759.0,1730.0,1041.0,1157.0,750.0,761.0,1180.0,1127.2857142857142,1132.9666666666667,73.86,76.92,82.05,82.04,139.4,139.4,113.5,113.5,1129.0
2023-07-03,1068.0,1651.0,1014.0,747.0,74.52,81.96,140.6,114.4,2023,7,3,0,1091.0,1216.0,1074.0,1384.0,1704.0,1991.0,1030.0,1140.0,749.0,751.0,1173.2857142857142,1129.7857142857142,1122.6,74.51,73.93,82.06,81.93,139.4,139.4,113.5,113.5,1135.0
2023-07-04,1044.0,1601.0,988.0,747.0,76.23,82.14999999999999,140.6,114.4,2023,7,3,1,1068.0,1240.0,1079.0,1365.0,1651.0,2080.0,1014.0,1127.0,747.0,743.0,1152.142857142857,1129.357142857143,1112.0666666666666,74.52,73.56,81.96,82.01,140.6,139.4,114.4,113.5,1166.0
2023-07-05,994.0,1475.0,969.0,737.0,76.74,82.34,140.6,114.4,2023,7,3,2,1044.0,1233.0,1094.0,1348.0,1601.0,2075.0,988.0,1113.0,747.0,741.0,1124.142857142857,1126.857142857143,1101.3666666666666,76.23,73.86,82.14999999999999,82.0,140.6,139.4,114.4,113.5,1233.0
2023-07-06,993.0,1479.0,971.0,728.0,76.72,82.49,140.6,114.4,2023,7,3,3,994.0,1183.0,1076.0,1295.0,1475.0,1937.0,969.0,1089.0,737.0,746.0,1090.0,1119.7142857142858,1089.5666666666666,76.74,71.88,82.34,81.98,140.6,139.4,114.4,113.5,1247.0
2023-07-07,1009.0,1522.0,984.0,724.0,78.77,82.74,140.6,114.4,2023,7,3,4,993.0,1138.0,1065.0,1215.0,1479.0,1822.0,971.0,1058.0,728.0,752.0,1062.857142857143,1113.7857142857142,1079.5,76.72,73.64,82.49,82.0,140.6,139.4,114.4,113.5,1237.0
2023-07-10,1024.0,1555.0,996.0,724.0,77.83,82.57,140.6,114.4,2023,7,3,0,1009.0,1112.0,1078.0,1172.0,1522.0,1759.0,984.0,1041.0,724.0,750.0,1044.4285714285713,1109.7857142857142,1072.6333333333334,78.77,73.86,82.74,82.05,140.6,139.4,114.4,113.5,1223.0
2023-07-11,1032.0,1550.0,1027.0,728.0,79.54,82.39,140.6,114.4,2023,7,3,1,1024.0,1091.0,1138.0,1123.0,1555.0,1704.0,996.0,1030.0,724.0,749.0,1031.857142857143,1105.9285714285713,1067.7,77.83,74.51,82.57,82.06,140.6,139.4,114.4,113.5,1194.0
2023-07-12,1088.0,1665.0,1086.0,734.0,80.35,82.03,140.6,114.4,2023,7,3,2,1032.0,1068.0,1216.0,977.0,1550.0,1651.0,1027.0,1014.0,728.0,747.0,1023.4285714285714,1098.357142857143,1064.6666666666667,79.54,74.52,82.39,81.96,140.6,140.6,114.4,114.4,1151.0
2023-07-13,1103.0,1691.0,1101.0,743.0,81.31,82.04,140.6,114.4,2023,7,3,3,1088.0,1044.0,1240.0,937.0,1665.0,1601.0,1086.0,988.0,734.0,747.0,1026.2857142857142,1089.2142857142858,1068.3666666666666,80.35,76.23,82.03,82.14999999999999,140.6,140.6,114.4,114.4,1110.0
2023-07-14,1090.0,1655.0,1095.0,743.0,79.9,82.16,140.6,114.4,2023,7,3,4,1103.0,994.0,1233.0,919.0,1691.0,1475.0,1101.0,969.0,743.0,737.0,1034.7142857142858,1079.4285714285713,1073.9,81.31,76.74,82.04,82.34,140.6,140.6,114.4,114.4,1080.0
2023-07-17,1073.0,1614.0,1084.0,743.0,77.8,82.03,140.6,114.4,2023,7,3,0,1090.0,993.0,1183.0,939.0,1655.0,1479.0,1095.0,971.0,743.0,728.0,1048.4285714285713,1069.2142857142858,1079.6,79.9,76.72,82.16,82.49,140.6,140.6,114.4,114.4,1100.25
2023-07-18,1037.0,1529.0,1052.0,746.0,79.54,82.03,140.6,114.4,2023,7,3,1,1073.0,1009.0,1138.0,1016.0,1614.0,1522.0,1084.0,984.0,743.0,724.0,1059.857142857143,1061.357142857143,1084.0666666666666,77.8,78.77,82.03,82.74,140.6,140.6,114.4,114.4,1107.0
2023-07-19,1004.0,1468.0,993.0,754.0,79.38,82.09,140.6,114.4,2023,7,3,2,1037.0,1024.0,1112.0,1020.0,1529.0,1555.0,1052.0,996.0,746.0,724.0,1063.857142857143,1054.142857142857,1084.7666666666667,79.54,77.83,82.03,82.57,140.6,140.6,114.4,114.4,1094.0
2023-07-20,977.0,1421.0,945.0,757.0,79.62,81.99,140.6,114.4,2023,7,3,3,1004.0,1032.0,1091.0,1040.0,1468.0,1550.0,993.0,1027.0,754.0,728.0,1061.0,1046.4285714285713,1084.2333333333333,79.38,79.54,82.09,82.39,140.6,140.6,114.4,114.4,1086.0
2023-07-21,978.0,1442.0,924.0,758.0,81.06,81.99,140.6,114.4,2023,7,3,4,977.0,1088.0,1068.0,1055.0,1421.0,1665.0,945.0,1086.0,757.0,734.0,1053.142857142857,1038.2857142857142,1082.1333333333334,79.62,80.35,81.99,82.03,140.6,140.6,114.4,114.4,1065.0
2023-07-24,967.0,1422.0,910.0,757.0,82.53,81.81,140.6,114.4,2023,7,3,0,978.0,1103.0,1044.0,1056.0,1442.0,1691.0,924.0,1101.0,758.0,743.0,1037.4285714285713,1031.857142857143,1079.5666666666666,81.06,81.31,81.99,82.04,140.6,140.6,114.4,114.4,1083.0
2023-07-25,962.0,1424.0,895.0,753.0,83.46,81.87,140.6,114.4,2023,7,3,1,967.0,1090.0,994.0,1074.0,1422.0,1655.0,910.0,1095.0,757.0,743.0,1018.0,1026.357142857143,1076.6,82.53,79.9,81.81,82.16,140.6,140.6,114.4,114.4,1063.0
2023-07-26,1067.0,1734.0,916.0,742.0,82.98,81.99,140.6,114.4,2023,7,3,2,962.0,1073.0,993.0,1079.0,1424.0,1614.0,895.0,1084.0,753.0,743.0,999.7142857142857,1024.0714285714287,1072.8666666666666,83.46,77.8,81.87,82.03,140.6,140.6,114.4,114.4,1081.0
2023-07-27,1097.0,1801.0,955.0,733.0,84.28,82.15,140.6,114.4,2023,7,3,3,1067.0,1037.0,1009.0,1094.0,1734.0,1529.0,916.0,1052.0,742.0,746.0,998.8571428571429,1029.357142857143,1072.4666666666667,82.98,79.54,81.99,82.03,140.6,140.6,114.4,114.4,1141.0
2023-07-28,1110.0,1830.0,975.0,726.0,84.49,82.22,140.6,114.4,2023,7,3,4,1097.0,1004.0,1024.0,1076.0,1801.0,1468.0,955.0,993.0,733.0,754.0,1007.4285714285714,1035.642857142857,1072.5666666666666,84.28,79.38,82.15,82.09,140.6,140.6,114.4,114.4,1186.0
2023-07-31,1127.0,1873.0,996.0,719.0,85.22,82.24,140.6,114.4,2023,7,3,0,1110.0,977.0,1032.0,1065.0,1830.0,1421.0,975.0,945.0,726.0,757.0,1022.5714285714286,1041.7857142857142,1073.7,84.49,79.62,82.22,81.99,140.6,140.6,114.4,114.4,1209.0
2023-08-01,1150.0,1920.0,1034.0,709.0,85.34,82.25,152.6,110.2,2023,8,3,1,1127.0,978.0,1088.0,1078.0,1873.0,1442.0,996.0,924.0,719.0,758.0,1044.0,1048.5714285714287,1075.7666666666667,85.22,81.06,82.24,81.99,140.6,140.6,114.4,114.4,1235.0
2023-08-02,1123.0,1808.0,1082.0,700.0,84.01,82.58,152.6,110.2,2023,8,3,2,1150.0,967.0,1103.0,1138.0,1920.0,1422.0,1034.0,910.0,709.0,757.0,1068.5714285714287,1053.0,1078.1666666666667,85.34,82.53,82.25,81.81,152.6,140.6,110.2,114.4,1290.0
2023-08-03,1128.0,1803.0,1112.0,695.0,86.19,82.74,152.6,110.2,2023,8,3,3,1123.0,962.0,1090.0,1216.0,1808.0,1424.0,1082.0,895.0,700.0,753.0,1090.857142857143,1054.4285714285713,1077.6666666666667,84.01,83.46,82.58,81.87,152.6,140.6,110.2,114.4,1340.0
2023-08-04,1136.0,1818.0,1133.0,688.0,87.38,82.83,152.6,110.2,2023,8,3,4,1128.0,1067.0,1073.0,1240.0,1803.0,1734.0,1112.0,916.0,695.0,742.0,1114.5714285714287,1057.142857142857,1074.7333333333333,86.19,82.98,82.74,81.99,152.6,140.6,110.2,114.4,1381.0
2023-08-07,1145.0,1832.0,1153.0,686.0,86.47,82.75,152.6,110.2,2023,8,3,0,1136.0,1097.0,1037.0,1233.0,1818.0,1801.0,1133.0,955.0,688.0,733.0,1124.4285714285713,1061.642857142857,1071.2666666666667,87.38,84.28,82.83,82.15,152.6,140.6,110.2,114.4,1439.0
2023-08-08,1142.0,1783.0,1195.0,689.0,88.0,82.85,152.6,110.2,2023,8,3,1,1145.0,1110.0,1004.0,1183.0,1832.0,1830.0,1153.0,975.0,686.0,726.0,1131.2857142857142,1069.357142857143,1068.3333333333333,86.47,84.49,82.75,82.22,152.6,140.6,110.2,114.4,1526.0
2023-08-09,1144.0,1752.0,1233.0,696.0,89.31,82.84,152.6,110.2,2023,8,3,2,1142.0,1127.0,977.0,1138.0,1783.0,1873.0,1195.0,996.0,689.0,719.0,1135.857142857143,1079.2142857142858,1066.9666666666667,88.0,85.22,82.85,82.24,152.6,140.6,110.2,114.4,1584.0
2023-08-10,1137.0,1674.0,1292.0,706.0,87.44,82.69,152.6,110.2,2023,8,3,3,1144.0,1150.0,978.0,1112.0,1752.0,1920.0,1233.0,1034.0,696.0,709.0,1138.2857142857142,1091.142857142857,1067.1666666666667,89.31,85.34,82.84,82.25,152.6,152.6,110.2,110.2,1569.0
2023-08-11,1129.0,1592.0,1337.0,728.0,87.93,82.87,152.6,110.2,2023,8,3,4,1137.0,1123.0,967.0,1091.0,1674.0,1808.0,1292.0,1082.0,706.0,700.0,1136.4285714285713,1102.5,1068.0,87.44,84.01,82.69,82.58,152.6,152.6,110.2,110.2,1593.0
2023-08-14,1135.0,1570.0,1365.0,745.0,87.4,83.17,152.6,110.2,2023,8,3,0,1129.0,1128.0,962.0,1068.0,1592.0,1803.0,1337.0,1112.0,728.0,695.0,1137.2857142857142,1114.0714285714287,1069.2666666666667,87.93,86.19,82.87,82.74,152.6,152.6,110.2,110.2,1614.0
2023-08-15,1166.0,1597.0,1412.0,772.0,86.28,82.94,152.6,110.2,2023,8,3,1,1135.0,1136.0,1067.0,1044.0,1570.0,1818.0,1365.0,1133.0,745.0,688.0,1138.2857142857142,1126.4285714285713,1071.5,87.4,87.38,83.17,82.83,152.6,152.6,110.2,110.2,1694.0
2023-08-16,1233.0,1701.0,1486.0,812.0,84.49,83.19,152.6,110.2,2023,8,3,2,1166.0,1145.0,1097.0,994.0,1597.0,1832.0,1412.0,1153.0,772.0,686.0,1142.5714285714287,1133.5,1075.5666666666666,86.28,86.47,82.94,82.75,152.6,152.6,110.2,110.2,1752.0
2023-08-17,1247.0,1665.0,1522.0,859.0,85.24,83.09,152.6,110.2,2023,8,3,3,1233.0,1142.0,1110.0,993.0,1701.0,1783.0,1486.0,1195.0,812.0,689.0,1155.142857142857,1143.2142857142858,1083.5333333333333,84.49,88.0,83.19,82.85,152.6,152.6,110.2,110.2,1716.0
2023-08-18,1237.0,1598.0,1542.0,879.0,85.92,83.14,152.6,110.2,2023,8,3,4,1247.0,1144.0,1127.0,1009.0,1665.0,1752.0,1522.0,1233.0,859.0,696.0,1170.142857142857,1153.0,1092.0,85.24,89.31,83.09,82.84,152.6,152.6,110.2,110.2,1701.0
2023-08-21,1223.0,1538.0,1541.0,900.0,85.44,83.1,152.6,110.2,2023,8,3,0,1237.0,1137.0,1150.0,1024.0,1598.0,1674.0,1542.0,1292.0,879.0,706.0,1183.4285714285713,1160.857142857143,1099.6,85.92,87.44,83.14,82.69,152.6,152.6,110.2,110.2,1737.0
2023-08-22,1194.0,1461.0,1516.0,909.0,84.7,82.94,152.6,110.2,2023,8,3,1,1223.0,1129.0,1123.0,1032.0,1538.0,1592.0,1541.0,1337.0,900.0,728.0,1195.7142857142858,1166.0714285714287,1106.2333333333333,85.44,87.93,83.1,82.87,152.6,152.6,110.2,110.2,1780.0
2023-08-23,1151.0,1364.0,1474.0,910.0,83.94,82.69,152.6,110.2,2023,8,3,2,1194.0,1135.0,1128.0,1088.0,1461.0,1570.0,1516.0,1365.0,909.0,745.0,1205.0,1171.142857142857,1111.6333333333334,84.7,87.4,82.94,83.17,152.6,152.6,110.2,110.2,1778.0
2023-08-24,1110.0,1259.0,1456.0,906.0,84.07,82.57,152.6,110.2,2023,8,3,3,1151.0,1166.0,1136.0,1103.0,1364.0,1597.0,1474.0,1412.0,910.0,772.0,1207.2857142857142,1172.7857142857142,1113.7333333333333,83.94,86.28,82.69,82.94,152.6,152.6,110.2,110.2,1827.0
2023-08-25,1080.0,1174.0,1449.0,908.0,85.42,82.64,152.6,110.2,2023,8,3,4,1110.0,1233.0,1145.0,1090.0,1259.0,1701.0,1456.0,1486.0,906.0,812.0,1199.2857142857142,1170.9285714285713,1113.9666666666667,84.07,84.49,82.57,83.19,152.6,152.6,110.2,110.2,1929.0
2023-08-28,1100.25,1197.25,1485.75,915.5,86.13250000000001,82.6,152.6,110.2,2023,8,3,0,1080.0,1247.0,1142.0,1073.0,1174.0,1665.0,1449.0,1522.0,908.0,859.0,1177.4285714285713,1166.2857142857142,1113.6333333333334,85.42,85.24,82.64,83.09,152.6,152.6,110.2,110.2,1991.0
2023-08-29,1107.0,1205.0,1498.0,918.0,86.37,82.7,152.6,110.2,2023,8,3,1,1100.25,1237.0,1144.0,1037.0,1197.25,1598.0,1485.75,1542.0,915.5,879.0,1156.4642857142858,1163.3035714285713,1114.5416666666667,86.13250000000001,85.92,82.6,83.14,152.6,152.6,110.2,110.2,1983.0
2023-08-30,1094.0,1123.0,1521.0,942.0,86.62,82.73,152.6,110.2,2023,8,3,2,1107.0,1223.0,1137.0,1004.0,1205.0,1538.0,1498.0,1541.0,918.0,900.0,1137.892857142857,1160.6607142857142,1116.875,86.37,85.44,82.7,83.1,152.6,152.6,110.2,110.2,1948.0
2023-08-31,1086.0,1094.0,1503.0,962.0,87.29,82.78,152.6,110.2,2023,8,3,3,1094.0,1194.0,1129.0,977.0,1123.0,1461.0,1521.0,1516.0,942.0,909.0,1119.4642857142858,1157.5892857142858,1119.875,86.62,84.7,82.73,82.94,152.6,152.6,110.2,110.2,1935.0
2023-09-01,1065.0,1032.0,1478.0,980.0,89.98,82.69,162.5,121.0,2023,9,3,4,1086.0,1151.0,1135.0,978.0,1094.0,1364.0,1503.0,1474.0,962.0,910.0,1104.0357142857142,1154.517857142857,1123.5083333333334,87.29,83.94,82.78,82.69,152.6,152.6,110.2,110.2,1945.0
2023-09-04,1083.0,1072.0,1478.0,995.0,90.42,82.945,162.5,121.0,2023,9,3,0,1065.0,1110.0,1166.0,967.0,1032.0,1259.0,1478.0,1456.0,980.0,906.0,1091.75,1149.517857142857,1126.4083333333333,89.98,84.07,82.69,82.57,162.5,152.6,121.0,110.2,1972.0
2023-09-05,1063.0,997.0,1481.0,1008.0,91.25,83.03,162.5,121.0,2023,9,3,1,1083.0,1080.0,1233.0,962.0,1072.0,1174.0,1478.0,1449.0,995.0,908.0,1087.892857142857,1143.5892857142858,1130.275,90.42,85.42,82.945,82.64,162.5,152.6,121.0,110.2,2058.0
2023-09-06,1081.0,1034.0,1466.0,1036.0,91.79,83.14,162.5,121.0,2023,9,3,2,1063.0,1100.25,1247.0,1067.0,997.0,1197.25,1481.0,1485.75,1008.0,915.5,1085.4642857142858,1131.4464285714287,1133.6416666666667,91.25,86.13250000000001,83.03,82.6,162.5,152.6,121.0,110.2,2105.0
2023-09-07,1141.0,1189.0,1473.0,1056.0,91.16,83.21,162.5,121.0,2023,9,3,3,1081.0,1107.0,1237.0,1097.0,1034.0,1205.0,1466.0,1498.0,1036.0,918.0,1082.7142857142858,1119.5892857142858,1134.1083333333333,91.79,86.37,83.14,82.7,162.5,152.6,121.0,110.2,2071.0
2023-09-08,1186.0,1289.0,1489.0,1079.0,91.85,82.93,162.5,121.0,2023,9,3,4,1141.0,1094.0,1223.0,1110.0,1189.0,1123.0,1473.0,1521.0,1056.0,942.0,1087.5714285714287,1112.732142857143,1135.575,91.16,86.62,83.21,82.73,162.5,152.6,121.0,110.2,2046.0
2023-09-11,1209.0,1324.0,1508.0,1099.0,91.97,83.03,162.5,121.0,2023,9,3,0,1186.0,1086.0,1194.0,1127.0,1289.0,1094.0,1489.0,1503.0,1079.0,962.0,1100.7142857142858,1110.0892857142858,1138.1083333333333,91.85,87.29,82.93,82.78,162.5,152.6,121.0,110.2,2017.0
2023-09-12,1235.0,1330.0,1575.0,1118.0,93.58,82.86,162.5,121.0,2023,9,3,1,1209.0,1065.0,1151.0,1150.0,1324.0,1032.0,1508.0,1478.0,1099.0,980.0,1118.2857142857142,1111.1607142857142,1140.8416666666667,91.97,89.98,83.03,82.69,162.5,162.5,121.0,121.0,1949.0
2023-09-13,1290.0,1416.0,1623.0,1156.0,93.04,82.93,162.5,121.0,2023,9,3,2,1235.0,1083.0,1110.0,1123.0,1330.0,1072.0,1575.0,1478.0,1118.0,995.0,1142.5714285714287,1117.1607142857142,1143.675,93.58,90.42,82.86,82.945,162.5,162.5,121.0,121.0,1832.0
2023-09-14,1340.0,1512.0,1642.0,1196.0,95.2,83.02,162.5,121.0,2023,9,3,3,1290.0,1063.0,1080.0,1128.0,1416.0,997.0,1623.0,1481.0,1156.0,1008.0,1172.142857142857,1130.017857142857,1149.2416666666666,93.04,91.25,82.93,83.03,162.5,162.5,121.0,121.0,1662.0
2023-09-15,1381.0,1602.0,1656.0,1221.0,95.55,83.15,162.5,121.0,2023,9,3,4,1340.0,1081.0,1100.25,1136.0,1512.0,1034.0,1642.0,1466.0,1196.0,1036.0,1211.7142857142858,1148.5892857142858,1156.3083333333334,95.2,91.79,83.02,83.14,162.5,162.5,121.0,121.0,1563.0
2023-09-18,1439.0,1749.0,1666.0,1240.0,95.95,83.27,162.5,121.0,2023,9,3,0,1381.0,1141.0,1107.0,1145.0,1602.0,1189.0,1656.0,1473.0,1221.0,1056.0,1254.5714285714287,1168.642857142857,1164.475,95.55,91.16,83.15,83.21,162.5,162.5,121.0,121.0,1502.0
2023-09-19,1526.0,1942.0,1693.0,1286.0,96.11,83.27,162.5,121.0,2023,9,3,1,1439.0,1186.0,1094.0,1142.0,1749.0,1289.0,1666.0,1489.0,1240.0,1079.0,1297.142857142857,1192.357142857143,1174.275,95.95,91.85,83.27,82.93,162.5,162.5,121.0,121.0,1459.0
2023-09-20,1584.0,2067.0,1707.0,1324.0,94.56,83.07,162.5,121.0,2023,9,3,2,1526.0,1209.0,1086.0,1144.0,1942.0,1324.0,1693.0,1508.0,1286.0,1099.0,1345.7142857142858,1223.2142857142858,1187.075,96.11,91.97,83.27,83.03,162.5,162.5,121.0,121.0,1401.0
2023-09-21,1569.0,2007.0,1696.0,1350.0,93.7,83.11,162.5,121.0,2023,9,3,3,1584.0,1235.0,1065.0,1137.0,2067.0,1330.0,1707.0,1575.0,1324.0,1118.0,1399.2857142857142,1258.7857142857142,1201.7416666666666,94.56,93.58,83.07,82.86,162.5,162.5,121.0,121.0,1385.0
2023-09-22,1593.0,2083.0,1685.0,1355.0,93.99,82.95,162.5,121.0,2023,9,3,4,1569.0,1290.0,1083.0,1129.0,2007.0,1416.0,1696.0,1623.0,1350.0,1156.0,1447.0,1294.7857142857142,1216.1416666666667,93.7,93.04,83.11,82.93,162.5,162.5,121.0,121.0,1462.0
2023-09-25,1614.0,2148.0,1685.0,1354.0,94.01,83.11,162.5,121.0,2023,9,3,0,1593.0,1340.0,1063.0,1135.0,2083.0,1512.0,1685.0,1642.0,1355.0,1196.0,1490.2857142857142,1331.2142857142858,1231.6083333333333,93.99,95.2,82.95,83.02,162.5,162.5,121.0,121.0,1523.0
2023-09-26,1694.0,2394.0,1694.0,1339.0,94.46,83.24,162.5,121.0,2023,9,3,1,1614.0,1381.0,1081.0,1166.0,2148.0,1602.0,1685.0,1656.0,1354.0,1221.0,1529.4285714285713,1370.5714285714287,1247.575,94.01,95.55,83.11,83.15,162.5,162.5,121.0,121.0,1559.0
2023-09-27,1752.0,2576.0,1711.0,1318.0,97.1,83.18,162.5,121.0,2023,9,3,2,1694.0,1439.0,1141.0,1233.0,2394.0,1749.0,1694.0,1666.0,1339.0,1240.0,1574.142857142857,1414.357142857143,1265.175,94.46,95.95,83.24,83.27,162.5,162.5,121.0,121.0,1530.0
2023-09-28,1716.0,2493.0,1709.0,1294.0,96.64,83.13,162.5,121.0,2023,9,3,3,1752.0,1526.0,1186.0,1247.0,2576.0,1942.0,1711.0,1693.0,1318.0,1286.0,1618.857142857143,1458.0,1282.475,97.1,96.11,83.18,83.27,162.5,162.5,121.0,121.0,1598.0
2023-09-29,1701.0,2474.0,1701.0,1276.0,95.86,83.08,162.5,121.0,2023,9,3,4,1716.0,1584.0,1209.0,1237.0,2493.0,2067.0,1709.0,1707.0,1294.0,1324.0,1646.0,1495.857142857143,1298.1083333333333,96.64,94.56,83.13,83.07,162.5,162.5,121.0,121.0,1643.0
2023-10-02,1737.0,2610.0,1684.0,1263.0,91.21,83.04,142.1,119.0,2023,10,4,0,1701.0,1569.0,1235.0,1223.0,2474.0,2007.0,1701.0,1696.0,1276.0,1350.0,1662.7142857142858,1531.0,1313.575,95.86,93.7,83.08,83.11,162.5,162.5,121.0,121.0,1655.0
2023-10-03,1780.0,2773.0,1656.0,1250.0,94.46,83.22,142.1,119.0,2023,10,4,1,1737.0,1593.0,1290.0,1194.0,2610.0,2083.0,1684.0,1685.0,1263.0,1355.0,1686.7142857142858,1566.857142857143,1330.7083333333333,91.21,93.99,83.04,82.95,142.1,162.5,119.0,121.0,1662.0
2023-10-04,1778.0,2801.0,1625.0,1244.0,89.83,83.25,142.1,119.0,2023,10,4,2,1780.0,1614.0,1340.0,1151.0,2773.0,2148.0,1656.0,1685.0,1250.0,1354.0,1713.4285714285713,1601.857142857143,1350.2416666666666,94.46,94.01,83.22,83.11,142.1,162.5,119.0,121.0,1688.0
2023-10-05,1827.0,2982.0,1592.0,1236.0,88.28,83.24,142.1,119.0,2023,10,4,3,1778.0,1694.0,1381.0,1110.0,2801.0,2394.0,1625.0,1694.0,1244.0,1339.0,1736.857142857143,1633.142857142857,1371.1416666666667,89.83,94.46,83.25,83.24,142.1,162.5,119.0,121.0,1758.0
2023-10-06,1929.0,3309.0,1572.0,1233.0,87.86,83.25,142.1,119.0,2023,10,4,4,1827.0,1752.0,1439.0,1080.0,2982.0,2576.0,1592.0,1711.0,1236.0,1318.0,1755.857142857143,1665.0,1395.0416666666667,88.28,97.1,83.24,83.18,142.1,162.5,119.0,121.0,1820.0
2023-10-09,1991.0,3485.0,1586.0,1232.0,91.37,83.25,142.1,119.0,2023,10,4,0,1929.0,1716.0,1526.0,1100.25,3309.0,2493.0,1572.0,1709.0,1233.0,1294.0,1781.142857142857,1700.0,1423.3416666666667,87.86,96.64,83.25,83.13,142.1,162.5,119.0,121.0,1817.0
2023-10-10,1983.0,3421.0,1612.0,1250.0,90.7,83.25,142.1,119.0,2023,10,4,1,1991.0,1701.0,1584.0,1107.0,3485.0,2474.0,1586.0,1701.0,1232.0,1276.0,1820.4285714285713,1733.2142857142858,1453.0333333333333,91.37,95.86,83.25,83.08,142.1,162.5,119.0,121.0,1796.0
2023-10-11,1948.0,3304.0,1614.0,1261.0,87.58,83.18,142.1,119.0,2023,10,4,2,1983.0,1737.0,1569.0,1094.0,3421.0,2610.0,1612.0,1684.0,1250.0,1263.0,1860.7142857142858,1761.7142857142858,1482.2333333333333,90.7,91.21,83.25,83.04,142.1,142.1,119.0,119.0,1755.0
2023-10-12,1935.0,3278.0,1593.0,1266.0,88.4,83.28,142.1,119.0,2023,10,4,3,1948.0,1780.0,1593.0,1086.0,3304.0,2773.0,1614.0,1656.0,1261.0,1250.0,1890.857142857143,1788.7857142857142,1510.7,87.58,94.46,83.18,83.22,142.1,142.1,119.0,119.0,1855.0
2023-10-13,1945.0,3327.0,1567.0,1268.0,94.33,83.26,142.1,119.0,2023,10,4,4,1935.0,1778.0,1614.0,1065.0,3278.0,2801.0,1593.0,1625.0,1266.0,1244.0,1913.0,1813.2142857142858,1539.0,88.4,89.83,83.28,83.25,142.1,142.1,119.0,119.0,2102.0
2023-10-16,1972.0,3418.0,1553.0,1269.0,90.99,83.28,142.1,119.0,2023,10,4,0,1945.0,1827.0,1694.0,1083.0,3327.0,2982.0,1567.0,1592.0,1268.0,1236.0,1936.857142857143,1836.857142857143,1568.3333333333333,94.33,88.28,83.26,83.24,142.1,142.1,119.0,119.0,2259.0
2023-10-17,2058.0,3659.0,1565.0,1277.0,92.52,83.22,142.1,119.0,2023,10,4,1,1972.0,1929.0,1752.0,1063.0,3418.0,3309.0,1553.0,1572.0,1269.0,1233.0,1957.5714285714287,1856.7142857142858,1597.9666666666667,90.99,87.86,83.28,83.25,142.1,142.1,119.0,119.0,2391.0
2023-10-18,2105.0,3749.0,1619.0,1285.0,91.99,83.25,142.1,119.0,2023,10,4,2,2058.0,1991.0,1716.0,1081.0,3659.0,3485.0,1565.0,1586.0,1277.0,1232.0,1976.0,1878.5714285714287,1631.1333333333334,92.52,91.37,83.22,83.25,142.1,142.1,119.0,119.0,2696.0
2023-10-19,2071.0,3633.0,1635.0,1287.0,93.12,83.1,142.1,119.0,2023,10,4,3,2105.0,1983.0,1701.0,1141.0,3749.0,3421.0,1619.0,1612.0,1285.0,1250.0,1992.2857142857142,1906.357142857143,1665.2666666666667,91.99,90.7,83.25,83.25,142.1,142.1,119.0,119.0,2937.0
2023-10-20,2046.0,3556.0,1638.0,1287.0,93.72,83.14,142.1,119.0,2023,10,4,4,2071.0,1948.0,1737.0,1186.0,3633.0,3304.0,1635.0,1614.0,1287.0,1261.0,2004.857142857143,1932.7857142857142,1696.2666666666667,93.12,87.58,83.1,83.18,142.1,142.1,119.0,119.0,3192.0
2023-10-23,2017.0,3473.0,1638.0,1279.0,91.88,83.19,142.1,119.0,2023,10,4,0,2046.0,1935.0,1780.0,1209.0,3556.0,3278.0,1638.0,1593.0,1287.0,1266.0,2018.857142857143,1954.857142857143,1724.9333333333334,93.72,88.4,83.14,83.28,142.1,142.1,119.0,119.0,3346.0
2023-10-24,1949.0,3276.0,1648.0,1266.0,88.0,83.19,142.1,119.0,2023,10,4,1,2017.0,1945.0,1778.0,1235.0,3473.0,3327.0,1638.0,1567.0,1279.0,1268.0,2030.5714285714287,1971.7857142857142,1751.8666666666666,91.88,94.33,83.19,83.26,142.1,142.1,119.0,119.0,3143.0
2023-10-25,1832.0,2940.0,1649.0,1247.0,90.14,83.18,142.1,119.0,2023,10,4,2,1949.0,1972.0,1827.0,1290.0,3276.0,3418.0,1648.0,1553.0,1266.0,1269.0,2031.142857142857,1984.0,1775.6666666666667,88.0,90.99,83.19,83.28,142.1,142.1,119.0,119.0,2848.0
2023-10-26,1662.0,2465.0,1628.0,1227.0,88.45,83.24,142.1,119.0,2023,10,4,3,1832.0,2058.0,1929.0,1340.0,2940.0,3659.0,1649.0,1565.0,1247.0,1277.0,2011.142857142857,1984.357142857143,1793.7333333333333,90.14,92.52,83.18,83.22,142.1,142.1,119.0,119.0,2495.0
2023-10-27,1563.0,2226.0,1605.0,1184.0,90.73,83.27,142.1,119.0,2023,10,4,4,1662.0,2105.0,1991.0,1381.0,2465.0,3749.0,1628.0,1619.0,1227.0,1285.0,1954.5714285714287,1965.2857142857142,1804.4666666666667,88.45,91.99,83.24,83.25,142.1,142.1,119.0,119.0,2483.0
2023-10-30,1502.0,2091.0,1575.0,1159.0,90.73,83.25,142.1,119.0,2023,10,4,0,1563.0,2071.0,1983.0,1439.0,2226.0,3633.0,1605.0,1635.0,1184.0,1287.0,1877.142857142857,1934.7142857142858,1810.5333333333333,90.73,93.12,83.27,83.1,142.1,142.1,119.0,119.0,2509.0
2023-10-31,1459.0,2020.0,1534.0,1135.0,86.82,83.26,142.1,119.0,2023,10,4,1,1502.0,2046.0,1948.0,1526.0,2091.0,3556.0,1575.0,1638.0,1159.0,1287.0,1795.857142857143,1900.357142857143,1812.6333333333334,90.73,93.72,83.25,83.14,142.1,142.1,119.0,119.0,2551.0
2023-11-01,1401.0,1899.0,1489.0,1119.0,86.92,83.24,126.8,131.1,2023,11,4,2,1459.0,2017.0,1935.0,1584.0,2020.0,3473.0,1534.0,1638.0,1135.0,1279.0,1712.0,1865.4285714285713,1810.4,86.82,91.88,83.26,83.19,142.1,142.1,119.0,119.0,2438.0
2023-11-02,1385.0,1883.0,1461.0,1108.0,89.02,83.22,126.8,131.1,2023,11,4,3,1401.0,1949.0,1945.0,1569.0,1899.0,3276.0,1489.0,1648.0,1119.0,1266.0,1624.0,1827.2857142857142,1804.3,86.92,88.0,83.24,83.19,126.8,142.1,131.1,119.0,2411.0
2023-11-03,1462.0,2133.0,1448.0,1101.0,87.55,83.14,126.8,131.1,2023,11,4,4,1385.0,1832.0,1972.0,1593.0,1883.0,2940.0,1461.0,1649.0,1108.0,1247.0,1543.4285714285713,1787.2857142857142,1798.1666666666667,89.02,90.14,83.22,83.18,126.8,142.1,131.1,119.0,2348.0
2023-11-06,1523.0,2319.0,1448.0,1098.0,87.31,83.19,126.8,131.1,2023,11,4,0,1462.0,1662.0,2058.0,1614.0,2133.0,2465.0,1448.0,1628.0,1101.0,1227.0,1490.5714285714287,1750.857142857143,1793.8,87.55,88.45,83.14,83.24,126.8,142.1,131.1,119.0,2288.0
2023-11-07,1559.0,2427.0,1453.0,1097.0,83.43,83.22,126.8,131.1,2023,11,4,1,1523.0,1563.0,2105.0,1694.0,2319.0,2226.0,1448.0,1605.0,1098.0,1184.0,1470.7142857142858,1712.642857142857,1790.7666666666667,87.31,90.73,83.19,83.27,126.8,142.1,131.1,119.0,2219.0
2023-11-08,1530.0,2318.0,1470.0,1104.0,81.46,83.28,126.8,131.1,2023,11,4,2,1559.0,1502.0,2071.0,1752.0,2427.0,2091.0,1453.0,1575.0,1097.0,1159.0,1470.142857142857,1673.642857142857,1786.2666666666667,83.43,90.73,83.22,83.25,126.8,142.1,131.1,119.0,2150.0
2023-11-09,1598.0,2486.0,1500.0,1116.0,81.74,83.25,126.8,131.1,2023,11,4,3,1530.0,1459.0,2046.0,1716.0,2318.0,2020.0,1470.0,1534.0,1104.0,1135.0,1474.142857142857,1635.0,1778.8666666666666,81.46,86.82,83.28,83.26,126.8,142.1,131.1,119.0,2087.0
2023-11-10,1643.0,2589.0,1530.0,1125.0,83.66,83.2675,126.8,131.1,2023,11,4,4,1598.0,1401.0,2017.0,1701.0,2486.0,1899.0,1500.0,1489.0,1116.0,1119.0,1494.0,1603.0,1774.9333333333334,81.74,86.92,83.25,83.24,126.8,126.8,131.1,131.1,2094.0
2023-11-13,1655.0,2607.0,1548.0,1127.0,84.09,83.32,126.8,131.1,2023,11,4,0,1643.0,1385.0,1949.0,1737.0,2589.0,1883.0,1530.0,1461.0,1125.0,1108.0,1528.5714285714287,1576.2857142857142,1773.0,83.66,89.02,83.2675,83.22,126.8,126.8,131.1,131.1,2093.6363636363635
2023-11-14,1662.0,2574.0,1607.0,1133.0,84.2,83.32,126.8,131.1,2023,11,4,1,1655.0,1462.0,1832.0,1780.0,2607.0,2133.0,1548.0,1448.0,1127.0,1101.0,1567.142857142857,1555.2857142857142,1770.2666666666667,84.09,87.55,83.32,83.14,126.8,126.8,131.1,131.1,2093.5454545454545
2023-11-15,1688.0,2574.0,1693.0,1141.0,82.4,83.11,126.8,131.1,2023,11,4,2,1662.0,1523.0,1662.0,1778.0,2574.0,2319.0,1607.0,1448.0,1133.0,1098.0,1595.7142857142858,1543.142857142857,1766.3333333333333,84.2,87.31,83.32,83.19,126.8,126.8,131.1,131.1,2093.454545454545
2023-11-16,1758.0,2664.0,1800.0,1178.0,77.73,83.22,126.8,131.1,2023,11,4,3,1688.0,1559.0,1563.0,1827.0,2574.0,2427.0,1693.0,1453.0,1141.0,1097.0,1619.2857142857142,1545.0,1763.3333333333333,82.4,83.43,83.11,83.22,126.8,126.8,131.1,131.1,2093.3636363636365
2023-11-17,1820.0,2763.0,1874.0,1205.0,81.22,83.25,126.8,131.1,2023,11,4,4,1758.0,1530.0,1502.0,1929.0,2664.0,2318.0,1800.0,1470.0,1178.0,1104.0,1647.7142857142858,1558.9285714285713,1761.0333333333333,77.73,81.46,83.22,83.28,126.8,126.8,131.1,131.1,2093.0
2023-11-20,1817.0,2707.0,1915.0,1217.0,83.25,83.33,126.8,131.1,2023,11,4,0,1820.0,1598.0,1459.0,1991.0,2763.0,2486.0,1874.0,1500.0,1205.0,1116.0,1689.142857142857,1581.642857142857,1757.4,81.22,81.74,83.25,83.25,126.8,126.8,131.1,131.1,2091.0
2023-11-21,1796.0,2586.0,1969.0,1232.0,82.42,83.26,126.8,131.1,2023,11,4,1,1817.0,1643.0,1401.0,1983.0,2707.0,2589.0,1915.0,1530.0,1217.0,1125.0,1720.4285714285713,1607.2142857142858,1751.6,83.25,83.66,83.33,83.2675,126.8,126.8,131.1,131.1,2086.0
2023-11-22,1755.0,2415.0,2008.0,1247.0,81.76,83.29,126.8,131.1,2023,11,4,2,1796.0,1655.0,1385.0,1948.0,2586.0,2607.0,1969.0,1548.0,1232.0,1127.0,1742.2857142857142,1635.4285714285713,1745.3666666666666,82.42,84.09,83.26,83.32,126.8,126.8,131.1,131.1,2110.0
2023-11-23,1855.0,2679.0,2034.0,1265.0,80.85,83.315,126.8,131.1,2023,11,4,3,1755.0,1662.0,1462.0,1935.0,2415.0,2574.0,2008.0,1607.0,1247.0,1133.0,1756.5714285714287,1661.857142857143,1738.9333333333334,81.76,84.2,83.29,83.32,126.8,126.8,131.1,131.1,2022.0
2023-11-24,2102.0,3385.0,2064.0,1279.0,79.82,83.34,126.8,131.1,2023,11,4,4,1855.0,1688.0,1523.0,1945.0,2679.0,2574.0,2034.0,1693.0,1265.0,1141.0,1784.142857142857,1689.9285714285713,1736.2666666666667,80.85,82.4,83.315,83.11,126.8,126.8,131.1,131.1,1875.0
2023-11-27,2259.0,3819.0,2095.0,1292.0,79.49,83.34,126.8,131.1,2023,11,4,0,2102.0,1758.0,1559.0,1972.0,3385.0,2664.0,2064.0,1800.0,1279.0,1178.0,1843.2857142857142,1731.2857142857142,1741.5,79.82,77.73,83.34,83.22,126.8,126.8,131.1,131.1,1664.0
2023-11-28,2391.0,4179.0,2106.0,1321.0,81.66,83.33,126.8,131.1,2023,11,4,1,2259.0,1820.0,1530.0,2058.0,3819.0,2763.0,2095.0,1874.0,1292.0,1205.0,1914.857142857143,1781.2857142857142,1751.0666666666666,79.49,81.22,83.34,83.25,126.8,126.8,131.1,131.1,1554.0
2023-11-29,2696.0,5040.0,2131.0,1360.0,82.98,83.31,126.8,131.1,2023,11,4,2,2391.0,1817.0,1598.0,2105.0,4179.0,2707.0,2106.0,1915.0,1321.0,1217.0,1996.4285714285713,1842.7857142857142,1762.1666666666667,81.66,83.25,83.33,83.33,126.8,126.8,131.1,131.1,1460.0
2023-11-30,2937.0,5629.0,2219.0,1425.0,81.72,83.36,126.8,131.1,2023,11,4,3,2696.0,1796.0,1643.0,2071.0,5040.0,2586.0,2131.0,1969.0,1360.0,1232.0,2122.0,1921.2142857142858,1781.8666666666666,82.98,82.42,83.31,83.26,126.8,126.8,131.1,131.1,1360.0
2023-12-01,3192.0,6237.0,2341.0,1489.0,78.72,83.27,141.8,137.1,2023,12,4,4,2937.0,1755.0,1655.0,2046.0,5629.0,2415.0,2219.0,2008.0,1425.0,1247.0,2285.0,2013.642857142857,1810.7333333333333,81.72,81.76,83.36,83.29,126.8,126.8,131.1,131.1,1324.0
2023-12-04,3346.0,6582.0,2441.0,1526.0,78.16,83.4,141.8,137.1,2023,12,4,0,3192.0,1855.0,1662.0,2017.0,6237.0,2679.0,2341.0,2034.0,1489.0,1265.0,2490.285714285714,2123.4285714285716,1848.9333333333334,78.72,80.85,83.27,83.315,141.8,126.8,137.1,131.1,1308.0
2023-12-05,3143.0,5946.0,2425.0,1565.0,77.27,83.33,141.8,137.1,2023,12,4,1,3346.0,2102.0,1688.0,1949.0,6582.0,3385.0,2441.0,2064.0,1526.0,1279.0,2703.285714285714,2243.714285714286,1893.2333333333333,78.16,79.82,83.4,83.34,141.8,126.8,137.1,131.1,1357.0
2023-12-06,2848.0,5161.0,2311.0,1552.0,74.33,83.32,141.8,137.1,2023,12,4,2,3143.0,2259.0,1758.0,1832.0,5946.0,3819.0,2425.0,2095.0,1565.0,1292.0,2852.0,2347.6428571428573,1933.0333333333333,77.27,79.49,83.33,83.34,141.8,126.8,137.1,131.1,1503.0
2023-12-07,2495.0,4203.0,2197.0,1538.0,74.21,83.32,141.8,137.1,2023,12,4,3,2848.0,2391.0,1820.0,1662.0,5161.0,4179.0,2311.0,2106.0,1552.0,1321.0,2936.1428571428573,2425.5,1966.9,74.33,81.66,83.32,83.33,141.8,126.8,137.1,131.1,1518.0
2023-12-08,2483.0,4259.0,2104.0,1521.0,75.94,83.38,141.8,137.1,2023,12,4,4,2495.0,2696.0,1817.0,1563.0,4203.0,5040.0,2197.0,2131.0,1538.0,1360.0,2951.0,2473.714285714286,1994.6666666666667,74.21,82.98,83.32,83.31,141.8,126.8,137.1,131.1,1473.0
2023-12-11,2509.0,4398.0,2049.0,1506.0,75.75,83.38,141.8,137.1,2023,12,4,0,2483.0,2937.0,1796.0,1502.0,4259.0,5629.0,2104.0,2219.0,1521.0,1425.0,2920.5714285714284,2521.285714285714,2025.3333333333333,75.94,81.72,83.38,83.36,141.8,126.8,137.1,131.1,1507.0
2023-12-12,2551.0,4592.0,1996.0,1480.0,74.11,83.37,141.8,137.1,2023,12,4,1,2509.0,3192.0,1755.0,1459.0,4398.0,6237.0,2049.0,2341.0,1506.0,1489.0,2859.4285714285716,2572.214285714286,2058.9,75.75,78.72,83.38,83.27,141.8,141.8,137.1,137.1,1499.0
2023-12-13,2438.0,4306.0,1953.0,1463.0,74.14,83.4,141.8,137.1,2023,12,4,2,2551.0,3346.0,1855.0,1401.0,4592.0,6582.0,1996.0,2441.0,1480.0,1526.0,2767.8571428571427,2629.0714285714284,2095.3,74.11,78.16,83.37,83.4,141.8,141.8,137.1,137.1,1518.0
2023-12-14,2411.0,4276.0,1915.0,1442.0,77.05,83.28,141.8,137.1,2023,12,4,3,2438.0,3143.0,2102.0,1385.0,4306.0,5946.0,1953.0,2425.0,1463.0,1565.0,2638.1428571428573,2670.714285714286,2129.866666666667,74.14,77.27,83.4,83.33,141.8,141.8,137.1,137.1,1460.0
2023-12-15,2348.0,4113.0,1900.0,1426.0,76.84,83.02,141.8,137.1,2023,12,4,4,2411.0,2848.0,2259.0,1462.0,4276.0,5161.0,1915.0,2311.0,1442.0,1552.0,2533.5714285714284,2692.785714285714,2164.0666666666666,77.05,74.33,83.28,83.32,141.8,141.8,137.1,137.1,1397.0
2023-12-18,2288.0,3936.0,1906.0,1419.0,78.89,83.04,141.8,137.1,2023,12,4,0,2348.0,2495.0,2391.0,1523.0,4113.0,4203.0,1900.0,2197.0,1426.0,1538.0,2462.1428571428573,2699.1428571428573,2193.6,76.84,74.21,83.02,83.32,141.8,141.8,137.1,137.1,1398.0
2023-12-19,2219.0,3730.0,1915.0,1408.0,79.82,83.18,141.8,137.1,2023,12,4,1,2288.0,2483.0,2696.0,1559.0,3936.0,4259.0,1906.0,2104.0,1419.0,1521.0,2432.5714285714284,2691.785714285714,2219.1,78.89,75.94,83.04,83.38,141.8,141.8,137.1,137.1,1388.0
2023-12-20,2150.0,3530.0,1917.0,1397.0,81.1,83.14,141.8,137.1,2023,12,4,2,2219.0,2509.0,2937.0,1530.0,3730.0,4398.0,1915.0,2049.0,1408.0,1506.0,2394.8571428571427,2657.714285714286,2241.1,79.82,75.75,83.18,83.38,141.8,141.8,137.1,137.1,1407.0
2023-12-21,2087.0,3361.0,1915.0,1378.0,80.73,83.27,141.8,137.1,2023,12,4,3,2150.0,2551.0,3192.0,1598.0,3530.0,4592.0,1917.0,1996.0,1397.0,1480.0,2343.5714285714284,2601.5,2261.766666666667,81.1,74.11,83.14,83.37,141.8,141.8,137.1,137.1,1436.0
2023-12-22,2094.0,3398.0,1909.0,1369.0,80.23,83.12,141.8,137.1,2023,12,4,4,2087.0,2438.0,3346.0,1643.0,3361.0,4306.0,1915.0,1953.0,1378.0,1463.0,2277.285714285714,2522.5714285714284,2278.0666666666666,80.73,74.14,83.27,83.4,141.8,141.8,137.1,137.1,1516.0
2023-12-26,2093.6363636363635,3429.2727272727275,1895.5454545454545,1346.8181818181818,80.822,83.17,141.8,137.1,2023,12,4,1,2094.0,2411.0,3143.0,1655.0,3398.0,4276.0,1909.0,1915.0,1369.0,1442.0,2228.1428571428573,2433.1428571428573,2293.1,80.23,77.05,83.12,83.28,141.8,141.8,137.1,137.1,1487.0
2023-12-27,2093.5454545454545,3437.090909090909,1892.1818181818185,1341.2727272727273,80.97,83.35,141.8,137.1,2023,12,4,2,2093.6363636363635,2348.0,2848.0,1662.0,3429.2727272727275,4113.0,1895.5454545454545,1900.0,1346.8181818181818,1426.0,2182.805194805195,2358.1883116883114,2307.7212121212124,80.822,76.84,83.17,83.02,141.8,141.8,137.1,137.1,1473.0
2023-12-28,2093.454545454545,3444.909090909091,1888.8181818181815,1335.7272727272727,79.04,83.15,141.8,137.1,2023,12,4,3,2093.5454545454545,2288.0,2495.0,1688.0,3437.090909090909,3936.0,1892.1818181818185,1906.0,1341.2727272727273,1419.0,2146.4545454545455,2304.298701298701,2322.106060606061,80.97,78.89,83.35,83.04,141.8,141.8,137.1,137.1,1545.0
2023-12-29,2093.3636363636365,3452.7272727272725,1885.4545454545453,1330.1818181818182,77.69,83.19,141.8,137.1,2023,12,4,4,2093.454545454545,2219.0,2483.0,1758.0,3444.909090909091,3730.0,1888.8181818181815,1915.0,1335.7272727272727,1408.0,2118.662337662338,2275.616883116883,2335.6212121212125,79.04,79.82,83.15,83.18,141.8,141.8,137.1,137.1,1572.0
2024-01-02,2093.0,3484.0,1872.0,1308.0,76.24,83.31,124.9,135.8,2024,1,1,1,2093.3636363636365,2150.0,2509.0,1820.0,3452.7272727272725,3530.0,1885.4545454545453,1917.0,1330.1818181818182,1397.0,2100.714285714286,2247.785714285714,2346.8,77.69,81.1,83.19,83.14,141.8,141.8,137.1,137.1,1585.0
2024-01-03,2091.0,3569.0,1808.0,1271.0,77.18,83.3,124.9,135.8,2024,1,1,2,2093.0,2087.0,2551.0,1817.0,3484.0,3361.0,1872.0,1915.0,1308.0,1378.0,2092.5714285714284,2218.0714285714284,2355.9,76.24,80.73,83.31,83.27,124.9,141.8,135.8,137.1,1582.0
2024-01-04,2086.0,3651.0,1727.0,1236.0,75.79,83.21,124.9,135.8,2024,1,1,3,2091.0,2094.0,2438.0,1796.0,3569.0,3398.0,1808.0,1909.0,1271.0,1369.0,2093.1428571428573,2185.214285714286,2365.0333333333333,77.18,80.23,83.3,83.12,124.9,141.8,135.8,137.1,1581.0
2024-01-05,2110.0,3798.0,1666.0,1212.0,78.31,83.16,124.9,135.8,2024,1,1,4,2086.0,2093.6363636363635,2411.0,1755.0,3651.0,3429.2727272727275,1727.0,1895.5454545454545,1236.0,1346.8181818181818,2092.0,2160.0714285714284,2374.7,75.79,80.822,83.21,83.17,124.9,141.8,135.8,137.1,1610.0
2024-01-08,2022.0,3599.0,1605.0,1194.0,75.47,83.13,124.9,135.8,2024,1,1,0,2110.0,2093.5454545454545,2348.0,1855.0,3798.0,3437.090909090909,1666.0,1892.1818181818185,1212.0,1341.2727272727273,2094.337662337662,2138.5714285714284,2386.5333333333333,78.31,80.97,83.16,83.35,124.9,141.8,135.8,137.1,1629.0
2024-01-09,1875.0,3249.0,1534.0,1162.0,77.97,83.09,124.9,135.8,2024,1,1,1,2022.0,2093.454545454545,2288.0,2102.0,3599.0,3444.909090909091,1605.0,1888.8181818181815,1194.0,1335.7272727272727,2084.116883116883,2115.285714285714,2392.1,75.47,79.04,83.13,83.15,124.9,141.8,135.8,137.1,1632.0
2024-01-10,1664.0,2696.0,1464.0,1135.0,78.46,83.01,124.9,135.8,2024,1,1,2,1875.0,2093.3636363636365,2219.0,2259.0,3249.0,3452.7272727272725,1534.0,1885.4545454545453,1162.0,1330.1818181818182,2052.909090909091,2085.785714285714,2384.5333333333333,77.97,77.69,83.09,83.19,124.9,141.8,135.8,137.1,1676.0
2024-01-11,1554.0,2424.0,1421.0,1108.0,80.21,83.03,124.9,135.8,2024,1,1,3,1664.0,2093.0,2150.0,2391.0,2696.0,3484.0,1464.0,1872.0,1135.0,1308.0,1991.5714285714287,2046.142857142857,2364.7,78.46,76.24,83.01,83.31,124.9,124.9,135.8,135.8,1752.0
2024-01-12,1460.0,2172.0,1410.0,1088.0,79.89,82.92,124.9,135.8,2024,1,1,4,1554.0,2091.0,2087.0,2696.0,2424.0,3569.0,1421.0,1808.0,1108.0,1271.0,1914.5714285714287,2003.5714285714287,2336.8,80.21,77.18,83.03,83.3,124.9,124.9,135.8,135.8,1866.0
2024-01-15,1360.0,1880.0,1412.0,1078.0,79.76,83.0175,124.9,135.8,2024,1,1,0,1460.0,2086.0,2094.0,2937.0,2172.0,3651.0,1410.0,1727.0,1088.0,1236.0,1824.4285714285713,1958.7857142857142,2295.6,79.89,75.79,82.92,83.21,124.9,124.9,135.8,135.8,1871.0
2024-01-16,1324.0,1779.0,1421.0,1060.0,80.15,83.05,124.9,135.8,2024,1,1,1,1360.0,2110.0,2093.6363636363635,3192.0,1880.0,3798.0,1412.0,1666.0,1078.0,1212.0,1720.7142857142858,1906.357142857143,2243.0333333333333,79.76,78.31,83.0175,83.16,124.9,124.9,135.8,135.8,1899.0
2024-01-17,1308.0,1733.0,1446.0,1039.0,78.88,83.14,124.9,135.8,2024,1,1,2,1324.0,2022.0,2093.5454545454545,3346.0,1779.0,3599.0,1421.0,1605.0,1060.0,1194.0,1608.4285714285713,1851.3831168831168,2180.766666666667,80.15,75.47,83.05,83.13,124.9,124.9,135.8,135.8,2041.0
2024-01-18,1357.0,1853.0,1492.0,1029.0,81.04,83.15,124.9,135.8,2024,1,1,3,1308.0,1875.0,2093.454545454545,3143.0,1733.0,3249.0,1446.0,1534.0,1039.0,1162.0,1506.4285714285713,1795.2727272727275,2112.8333333333335,78.88,77.97,83.14,83.09,124.9,124.9,135.8,135.8,2111.0
2024-01-19,1503.0,2244.0,1550.0,1030.0,80.71,83.09,124.9,135.8,2024,1,1,4,1357.0,1664.0,2093.3636363636365,2848.0,1853.0,2696.0,1492.0,1464.0,1029.0,1135.0,1432.4285714285713,1742.668831168831,2053.3,81.04,78.46,83.15,83.01,124.9,124.9,135.8,135.8,2203.0
2024-01-22,1518.0,2272.0,1576.0,1027.0,81.7,83.08,124.9,135.8,2024,1,1,0,1503.0,1554.0,2093.0,2495.0,2244.0,2424.0,1550.0,1421.0,1030.0,1108.0,1409.4285714285713,1700.5,2008.4666666666667,80.71,80.21,83.09,83.03,124.9,124.9,135.8,135.8,2297.0
2024-01-23,1473.0,2099.0,1613.0,1033.0,82.04,83.15,124.9,135.8,2024,1,1,1,1518.0,1460.0,2091.0,2483.0,2272.0,2172.0,1576.0,1410.0,1027.0,1088.0,1404.2857142857142,1659.4285714285713,1975.9,81.7,79.89,83.08,82.92,124.9,124.9,135.8,135.8,2291.0
2024-01-24,1507.0,2145.0,1663.0,1050.0,82.15,83.09,124.9,135.8,2024,1,1,2,1473.0,1360.0,2086.0,2509.0,2099.0,1880.0,1613.0,1412.0,1033.0,1078.0,1406.142857142857,1615.2857142857142,1942.2333333333333,82.04,79.76,83.15,83.0175,124.9,124.9,135.8,135.8,2176.0
2024-01-25,1499.0,2086.0,1690.0,1062.0,82.33,83.08,124.9,135.8,2024,1,1,3,1507.0,1324.0,2110.0,2551.0,2145.0,1779.0,1663.0,1421.0,1050.0,1060.0,1427.142857142857,1573.9285714285713,1908.8333333333333,82.15,80.15,83.09,83.05,124.9,124.9,135.8,135.8,2251.0
2024-01-26,1518.0,2135.0,1696.0,1065.0,83.34,83.11,124.9,135.8,2024,1,1,4,1499.0,1308.0,2022.0,2438.0,2086.0,1733.0,1690.0,1446.0,1062.0,1039.0,1452.142857142857,1530.2857142857142,1873.7666666666667,82.33,78.88,83.08,83.14,124.9,124.9,135.8,135.8,2345.0
2024-01-29,1460.0,1970.0,1686.0,1065.0,83.99,83.12,124.9,135.8,2024,1,1,0,1518.0,1357.0,1875.0,2411.0,2135.0,1853.0,1696.0,1492.0,1065.0,1029.0,1482.142857142857,1494.2857142857142,1843.1,83.34,81.04,83.11,83.15,124.9,124.9,135.8,135.8,2377.0
2024-01-30,1397.0,1824.0,1636.0,1061.0,84.14,83.11,124.9,135.8,2024,1,1,1,1460.0,1503.0,1664.0,2348.0,1970.0,2244.0,1686.0,1550.0,1065.0,1030.0,1496.857142857143,1464.642857142857,1811.4,83.99,80.71,83.12,83.09,124.9,124.9,135.8,135.8,2315.0
2024-01-31,1398.0,1891.0,1566.0,1055.0,82.98,83.02,124.9,135.8,2024,1,1,2,1397.0,1518.0,1554.0,2288.0,1824.0,2272.0,1636.0,1576.0,1061.0,1027.0,1481.7142857142858,1445.5714285714287,1779.7,84.14,81.7,83.11,83.08,124.9,124.9,135.8,135.8,2370.0
2024-02-01,1388.0,1924.0,1497.0,1048.0,82.2,82.95,124.2,124.4,2024,2,1,3,1398.0,1473.0,1460.0,2219.0,1891.0,2099.0,1566.0,1613.0,1055.0,1033.0,1464.5714285714287,1434.4285714285713,1750.0333333333333,82.98,82.04,83.02,83.15,124.9,124.9,135.8,135.8,2379.8
2024-02-02,1407.0,2030.0,1444.0,1041.0,79.54,82.92,124.2,124.4,2024,2,1,4,1388.0,1507.0,1360.0,2150.0,1924.0,2145.0,1497.0,1663.0,1048.0,1050.0,1452.4285714285713,1429.2857142857142,1722.3333333333333,82.2,82.15,82.95,83.09,124.2,124.9,124.4,135.8,2389.6
2024-02-05,1436.0,2142.0,1419.0,1037.0,79.3,83.04,124.2,124.4,2024,2,1,0,1407.0,1499.0,1324.0,2087.0,2030.0,2086.0,1444.0,1690.0,1041.0,1062.0,1438.142857142857,1432.642857142857,1697.5666666666666,79.54,82.33,82.92,83.08,124.2,124.9,124.4,135.8,2419.0
2024-02-06,1516.0,2371.0,1428.0,1041.0,80.46,83.03,124.2,124.4,2024,2,1,1,1436.0,1518.0,1308.0,2094.0,2142.0,2135.0,1419.0,1696.0,1037.0,1065.0,1429.142857142857,1440.642857142857,1675.8666666666666,79.3,83.34,83.04,83.11,124.2,124.9,124.4,135.8,2392.0
2024-02-07,1487.0,2263.0,1445.0,1047.0,81.18,82.97,124.2,124.4,2024,2,1,2,1516.0,1460.0,1357.0,2093.6363636363635,2371.0,1970.0,1428.0,1686.0,1041.0,1065.0,1428.857142857143,1455.5,1656.6,80.46,83.99,83.03,83.12,124.2,124.9,124.4,135.8,2284.0
2024-02-08,1473.0,2196.0,1474.0,1050.0,83.01,82.97,124.2,124.4,2024,2,1,3,1487.0,1397.0,1503.0,2093.5454545454545,2263.0,1824.0,1445.0,1636.0,1047.0,1061.0,1432.7142857142858,1464.7857142857142,1636.378787878788,81.18,84.14,82.97,83.11,124.2,124.9,124.4,135.8,2240.0
2024-02-09,1545.0,2381.0,1509.0,1053.0,83.58,83.0,124.2,124.4,2024,2,1,4,1473.0,1398.0,1518.0,2093.454545454545,2196.0,1891.0,1474.0,1566.0,1050.0,1055.0,1443.5714285714287,1462.642857142857,1615.6939393939394,83.01,82.98,82.97,83.02,124.2,124.9,124.4,135.8,2196.0
2024-02-12,1572.0,2453.0,1526.0,1048.0,83.88,82.95,124.2,124.4,2024,2,1,0,1545.0,1388.0,1473.0,2093.3636363636365,2381.0,1924.0,1509.0,1497.0,1053.0,1048.0,1464.5714285714287,1464.5714285714287,1597.4121212121213,83.58,82.2,83.0,82.95,124.2,124.2,124.4,124.4,2123.0
2024-02-13,1585.0,2476.0,1550.0,1047.0,84.72,83.06,124.2,124.4,2024,2,1,1,1572.0,1407.0,1507.0,2093.0,2453.0,2030.0,1526.0,1444.0,1048.0,1041.0,1490.857142857143,1471.642857142857,1580.0333333333333,83.88,79.54,82.95,82.92,124.2,124.2,124.4,124.4,1989.0
2024-02-14,1582.0,2436.0,1582.0,1052.0,84.41,83.02,124.2,124.4,2024,2,1,2,1585.0,1436.0,1499.0,2091.0,2476.0,2142.0,1550.0,1419.0,1047.0,1037.0,1516.2857142857142,1477.2142857142858,1563.1,84.72,79.3,83.06,83.04,124.2,124.2,124.4,124.4,1845.0
2024-02-15,1581.0,2394.0,1623.0,1058.0,84.33,83.0,124.2,124.4,2024,2,1,3,1582.0,1516.0,1518.0,2086.0,2436.0,2371.0,1582.0,1428.0,1052.0,1041.0,1537.142857142857,1483.142857142857,1546.1333333333334,84.41,80.46,83.02,83.03,124.2,124.2,124.4,124.4,1821.0
2024-02-16,1610.0,2448.0,1646.0,1071.0,84.88,83.02,124.2,124.4,2024,2,1,4,1581.0,1487.0,1460.0,2110.0,2394.0,2263.0,1623.0,1445.0,1058.0,1047.0,1546.4285714285713,1487.642857142857,1529.3,84.33,81.18,83.0,82.97,124.2,124.2,124.4,124.4,1799.6
2024-02-19,1629.0,2457.0,1681.0,1090.0,85.52,82.91499999999999,124.2,124.4,2024,2,1,0,1610.0,1473.0,1397.0,2022.0,2448.0,2196.0,1646.0,1474.0,1071.0,1050.0,1564.0,1498.357142857143,1512.6333333333334,84.88,83.01,83.02,82.97,124.2,124.2,124.4,124.4,1735.4
2024-02-20,1632.0,2409.0,1706.0,1129.0,84.78,82.88,124.2,124.4,2024,2,1,1,1629.0,1545.0,1398.0,1875.0,2457.0,2381.0,1681.0,1509.0,1090.0,1053.0,1586.2857142857142,1514.9285714285713,1499.5333333333333,85.52,83.58,82.91499999999999,83.0,124.2,124.2,124.4,124.4,1714.0
2024-02-21,1676.0,2543.0,1673.0,1154.0,84.77,82.96,124.2,124.4,2024,2,1,2,1632.0,1572.0,1388.0,1664.0,2409.0,2453.0,1706.0,1526.0,1129.0,1048.0,1598.7142857142858,1531.642857142857,1491.4333333333334,84.78,83.88,82.88,82.95,124.2,124.2,124.4,124.4,1711.0
2024-02-22,1752.0,2790.0,1624.0,1174.0,85.84,82.86,124.2,124.4,2024,2,1,3,1676.0,1585.0,1407.0,1554.0,2543.0,2476.0,1673.0,1550.0,1154.0,1047.0,1613.5714285714287,1552.2142857142858,1491.8333333333333,84.77,84.72,82.96,83.06,124.2,124.2,124.4,124.4,1669.0
2024-02-23,1866.0,3145.0,1595.0,1189.0,84.18,82.86,124.2,124.4,2024,2,1,4,1752.0,1582.0,1436.0,1460.0,2790.0,2436.0,1624.0,1582.0,1174.0,1052.0,1637.4285714285713,1576.857142857143,1498.4333333333334,85.84,84.41,82.86,83.02,124.2,124.2,124.4,124.4,1628.0
2024-02-26,1871.0,3163.0,1578.0,1198.0,84.01,82.85,124.2,124.4,2024,2,1,0,1866.0,1581.0,1516.0,1360.0,3145.0,2394.0,1595.0,1623.0,1189.0,1058.0,1678.0,1607.5714285714287,1511.9666666666667,84.18,84.33,82.86,83.0,124.2,124.2,124.4,124.4,1594.0
2024-02-27,1899.0,3224.0,1581.0,1220.0,83.8,82.88,124.2,124.4,2024,2,1,1,1871.0,1610.0,1487.0,1324.0,3163.0,2448.0,1578.0,1646.0,1198.0,1071.0,1719.4285714285713,1632.9285714285713,1529.0,84.01,84.88,82.85,83.02,124.2,124.2,124.4,124.4,1570.0
2024-02-28,2041.0,3596.0,1627.0,1239.0,84.08,82.88,124.2,124.4,2024,2,1,2,1899.0,1629.0,1473.0,1308.0,3224.0,2457.0,1581.0,1681.0,1220.0,1090.0,1760.7142857142858,1662.357142857143,1548.1666666666667,83.8,85.52,82.88,82.91499999999999,124.2,124.2,124.4,124.4,1587.0
2024-02-29,2111.0,3743.0,1681.0,1257.0,84.57,82.87,124.2,124.4,2024,2,1,3,2041.0,1632.0,1545.0,1357.0,3596.0,2409.0,1627.0,1706.0,1239.0,1129.0,1819.5714285714287,1702.9285714285713,1572.6,84.08,84.78,82.88,82.88,124.2,124.2,124.4,124.4,1690.0
2024-03-01,2203.0,3977.0,1723.0,1267.0,84.82,82.91,131.5,109.8,2024,3,1,4,2111.0,1676.0,1572.0,1503.0,3743.0,2543.0,1681.0,1673.0,1257.0,1154.0,1888.0,1743.357142857143,1597.7333333333333,84.57,84.77,82.87,82.96,124.2,124.2,124.4,124.4,1729.0
2024-03-04,2297.0,4205.0,1773.0,1282.0,86.58,82.88,131.5,109.8,2024,3,1,0,2203.0,1752.0,1585.0,1518.0,3977.0,2790.0,1723.0,1624.0,1267.0,1174.0,1963.2857142857142,1788.4285714285713,1621.0666666666666,84.82,85.84,82.91,82.86,131.5,124.2,109.8,124.4,1730.0
2024-03-05,2291.0,4148.0,1805.0,1297.0,85.82,82.86,131.5,109.8,2024,3,1,1,2297.0,1866.0,1582.0,1473.0,4205.0,3145.0,1773.0,1595.0,1282.0,1189.0,2041.142857142857,1839.2857142857142,1647.0333333333333,86.58,84.18,82.88,82.86,131.5,124.2,109.8,124.4,1779.0
2024-03-06,2176.0,3769.0,1823.0,1312.0,86.59,82.78,131.5,109.8,2024,3,1,2,2291.0,1871.0,1581.0,1507.0,4148.0,3163.0,1805.0,1578.0,1297.0,1198.0,2101.8571428571427,1889.9285714285713,1674.3,85.82,84.01,82.86,82.85,131.5,124.2,109.8,124.4,1844.0
2024-03-07,2251.0,3979.0,1840.0,1317.0,84.88,82.78,131.5,109.8,2024,3,1,3,2176.0,1899.0,1610.0,1499.0,3769.0,3224.0,1823.0,1581.0,1312.0,1220.0,2145.4285714285716,1932.4285714285713,1696.6,86.59,83.8,82.78,82.88,131.5,124.2,109.8,124.4,1901.0
2024-03-08,2345.0,4245.0,1861.0,1318.0,84.29,82.73,131.5,109.8,2024,3,1,4,2251.0,2041.0,1629.0,1518.0,3979.0,3596.0,1840.0,1627.0,1317.0,1239.0,2195.714285714286,1978.2142857142858,1721.6666666666667,84.88,84.08,82.78,82.88,131.5,124.2,109.8,124.4,1919.0
2024-03-11,2377.0,4314.0,1893.0,1316.0,83.44,82.72,131.5,109.8,2024,3,1,0,2345.0,2111.0,1632.0,1460.0,4245.0,3743.0,1861.0,1681.0,1318.0,1257.0,2239.1428571428573,2029.357142857143,1749.2333333333333,84.29,84.57,82.73,82.87,131.5,124.2,109.8,124.4,1882.0
2024-03-12,2315.0,4092.0,1949.0,1306.0,83.66,82.77,131.5,109.8,2024,3,1,1,2377.0,2203.0,1676.0,1397.0,4314.0,3977.0,1893.0,1723.0,1316.0,1267.0,2277.1428571428573,2082.5714285714284,1779.8,83.44,84.82,82.72,82.91,131.5,131.5,109.8,109.8,1804.0
2024-03-13,2370.0,4189.0,2043.0,1301.0,83.95,82.81,131.5,109.8,2024,3,1,2,2315.0,2297.0,1752.0,1398.0,4092.0,4205.0,1949.0,1773.0,1306.0,1282.0,2293.1428571428573,2128.214285714286,1810.4,83.66,86.58,82.77,82.88,131.5,131.5,109.8,109.8,1774.0
2024-03-14,2379.8,4042.0,2133.0,1314.0,86.16,82.82,131.5,109.8,2024,3,1,3,2370.0,2291.0,1866.0,1388.0,4189.0,4148.0,2043.0,1805.0,1301.0,1297.0,2303.5714285714284,2172.3571428571427,1842.8,83.95,85.82,82.81,82.86,131.5,131.5,109.8,109.8,1743.0
2024-03-15,2389.6,4019.0,2234.0,1326.0,85.39,82.86,131.5,109.8,2024,3,1,4,2379.8,2176.0,1871.0,1407.0,4042.0,3769.0,2133.0,1823.0,1314.0,1312.0,2316.2571428571428,2209.057142857143,1875.8600000000001,86.16,86.59,82.82,82.78,131.5,131.5,109.8,109.8,1721.0
2024-03-18,2419.0,4089.0,2298.0,1338.0,86.47,82.89,131.5,109.8,2024,3,1,0,2389.6,2251.0,1899.0,1436.0,4019.0,3979.0,2234.0,1840.0,1326.0,1317.0,2346.7714285714287,2246.1,1908.6133333333335,85.39,84.88,82.86,82.78,131.5,131.5,109.8,109.8,1684.0
2024-03-19,2392.0,3990.0,2306.0,1351.0,87.36,83.01,131.5,109.8,2024,3,1,1,2419.0,2345.0,2041.0,1516.0,4089.0,4245.0,2298.0,1861.0,1338.0,1318.0,2370.7714285714287,2283.2428571428572,1941.38,86.47,84.29,82.89,82.73,131.5,131.5,109.8,109.8,1685.0
2024-03-20,2284.0,3690.0,2251.0,1370.0,85.77,83.18,131.5,109.8,2024,3,1,2,2392.0,2377.0,2111.0,1487.0,3990.0,4314.0,2306.0,1893.0,1351.0,1316.0,2377.4857142857145,2308.3142857142857,1970.5800000000002,87.36,83.44,83.01,82.72,131.5,131.5,109.8,109.8,1688.0
2024-03-21,2240.0,3588.0,2204.0,1379.0,84.92,83.15,131.5,109.8,2024,3,1,3,2284.0,2315.0,2203.0,1473.0,3690.0,4092.0,2251.0,1949.0,1370.0,1306.0,2364.2000000000003,2320.671428571429,1997.1466666666668,85.77,83.66,83.18,82.77,131.5,131.5,109.8,109.8,1774.0
2024-03-22,2196.0,3482.0,2165.0,1383.0,84.87,83.53,131.5,109.8,2024,3,1,4,2240.0,2370.0,2297.0,1545.0,3588.0,4189.0,2204.0,2043.0,1379.0,1301.0,2353.4857142857145,2323.3142857142857,2022.7133333333334,84.92,83.95,83.15,82.81,131.5,131.5,109.8,109.8,1876.0
2024-03-25,2123.0,3295.0,2120.0,1386.0,86.18,83.42,131.5,109.8,2024,3,1,0,2196.0,2379.8,2291.0,1572.0,3482.0,4042.0,2165.0,2133.0,1383.0,1314.0,2328.6285714285714,2316.1,2044.4133333333334,84.87,86.16,83.53,82.82,131.5,131.5,109.8,109.8,2031.25
2024-03-26,1989.0,2964.0,2044.0,1375.0,85.91,83.32,131.5,109.8,2024,3,1,1,2123.0,2389.6,2176.0,1585.0,3295.0,4019.0,2120.0,2234.0,1386.0,1326.0,2291.942857142857,2304.1,2062.78,86.18,85.39,83.42,82.86,131.5,131.5,109.8,109.8,2083.0
2024-03-27,1845.0,2638.0,1941.0,1353.0,84.94,83.34,131.5,109.8,2024,3,1,2,1989.0,2419.0,2251.0,1582.0,2964.0,4089.0,2044.0,2298.0,1375.0,1338.0,2234.714285714286,2290.7428571428572,2076.246666666667,85.91,86.47,83.32,82.89,131.5,131.5,109.8,109.8,2203.0
2024-03-28,1821.0,2637.0,1879.0,1331.0,86.17,83.35,131.5,109.8,2024,3,1,3,1845.0,2392.0,2345.0,1581.0,2638.0,3990.0,1941.0,2306.0,1353.0,1351.0,2152.714285714286,2261.7428571428572,2085.0133333333333,84.94,87.36,83.34,83.01,131.5,131.5,109.8,109.8,2166.0
2024-03-29,1799.6,2588.4,1866.4,1325.4,86.462,83.34,131.5,109.8,2024,3,1,4,1821.0,2284.0,2377.0,1610.0,2637.0,3690.0,1879.0,2251.0,1331.0,1370.0,2071.1428571428573,2224.3142857142857,2093.0133333333333,86.17,85.77,83.35,83.18,131.5,131.5,109.8,109.8,2129.0
2024-04-01,1735.4,2442.6,1828.6,1308.6,87.338,83.36,135.0,112.8,2024,4,2,0,1799.6,2240.0,2315.0,1629.0,2588.4,3588.0,1866.4,2204.0,1325.4,1379.0,2001.9428571428573,2183.0714285714284,2099.3333333333335,86.462,84.92,83.34,83.15,131.5,131.5,109.8,109.8,2066.0
2024-04-02,1714.0,2394.0,1816.0,1303.0,87.63,83.32,135.0,112.8,2024,4,2,1,1735.4,2196.0,2370.0,1632.0,2442.6,3482.0,1828.6,2165.0,1308.6,1383.0,1929.857142857143,2141.671428571429,2102.88,87.338,84.87,83.36,83.53,135.0,131.5,112.8,109.8,1993.0
2024-04-03,1711.0,2437.0,1772.0,1284.0,90.6,83.43,135.0,112.8,2024,4,2,2,1714.0,2123.0,2379.8,1676.0,2394.0,3295.0,1816.0,2120.0,1303.0,1386.0,1861.0,2094.8142857142857,2105.6133333333332,87.63,86.18,83.32,83.42,135.0,131.5,112.8,109.8,1889.0
2024-04-04,1669.0,2354.0,1733.0,1273.0,90.32,83.44,135.0,112.8,2024,4,2,3,1711.0,1989.0,2389.6,1752.0,2437.0,2964.0,1772.0,2044.0,1284.0,1375.0,1802.142857142857,2047.042857142857,2106.78,90.6,85.91,83.43,83.32,135.0,131.5,112.8,109.8,1817.0
2024-04-05,1628.0,2274.0,1695.0,1261.0,92.81,83.29,135.0,112.8,2024,4,2,4,1669.0,1845.0,2419.0,1866.0,2354.0,2638.0,1733.0,1941.0,1273.0,1353.0,1756.4285714285713,1995.5714285714287,2104.0133333333333,90.32,84.94,83.44,83.34,135.0,131.5,112.8,109.8,1844.0
2024-04-08,1594.0,2198.0,1667.0,1258.0,91.73,83.25,135.0,112.8,2024,4,2,0,1628.0,1821.0,2392.0,1871.0,2274.0,2637.0,1695.0,1879.0,1261.0,1331.0,1725.4285714285713,1939.0714285714287,2096.08,92.81,86.17,83.29,83.35,135.0,131.5,112.8,109.8,1847.0
2024-04-09,1570.0,2153.0,1633.0,1259.0,92.13,83.18,135.0,112.8,2024,4,2,1,1594.0,1799.6,2284.0,1899.0,2198.0,2588.4,1667.0,1866.4,1258.0,1325.4,1693.0,1882.0714285714287,2086.846666666667,91.73,86.462,83.25,83.34,135.0,131.5,112.8,109.8,1829.0
2024-04-10,1587.0,2202.0,1631.0,1260.0,91.57,83.37,135.0,112.8,2024,4,2,2,1570.0,1735.4,2240.0,2041.0,2153.0,2442.6,1633.0,1828.6,1259.0,1308.6,1660.2,1831.0714285714287,2075.88,92.13,87.338,83.18,83.36,135.0,135.0,112.8,112.8,1804.0
2024-04-11,1690.0,2475.0,1677.0,1261.0,91.49,83.19,135.0,112.8,2024,4,2,3,1587.0,1714.0,2196.0,2111.0,2202.0,2394.0,1631.0,1816.0,1260.0,1303.0,1639.0,1784.4285714285713,2060.746666666667,91.57,87.63,83.37,83.32,135.0,135.0,112.8,112.8,1796.0
2024-04-12,1729.0,2552.0,1713.0,1272.0,93.12,83.59,135.0,112.8,2024,4,2,4,1690.0,1711.0,2123.0,2203.0,2475.0,2437.0,1677.0,1772.0,1261.0,1284.0,1635.5714285714287,1748.2857142857142,2046.7133333333334,91.49,90.6,83.19,83.43,135.0,135.0,112.8,112.8,1797.0
2024-04-15,1730.0,2529.0,1736.0,1280.0,90.84,83.48,135.0,112.8,2024,4,2,0,1729.0,1669.0,1989.0,2297.0,2552.0,2354.0,1713.0,1733.0,1272.0,1273.0,1638.142857142857,1720.142857142857,2030.9133333333334,93.12,90.32,83.59,83.44,135.0,135.0,112.8,112.8,1784.0
2024-04-16,1779.0,2631.0,1754.0,1311.0,91.29,83.54,135.0,112.8,2024,4,2,1,1730.0,1628.0,1845.0,2291.0,2529.0,2274.0,1736.0,1695.0,1280.0,1261.0,1646.857142857143,1701.642857142857,2012.0133333333333,90.84,92.81,83.48,83.29,135.0,135.0,112.8,112.8,1790.0
2024-04-17,1844.0,2760.0,1805.0,1337.0,89.54,83.54,135.0,112.8,2024,4,2,2,1779.0,1594.0,1821.0,2176.0,2631.0,2198.0,1754.0,1667.0,1311.0,1258.0,1668.4285714285713,1696.9285714285713,1994.9466666666667,91.29,91.73,83.54,83.25,135.0,135.0,112.8,112.8,1801.0
2024-04-18,1901.0,2845.0,1876.0,1365.0,88.34,83.53,135.0,112.8,2024,4,2,3,1844.0,1570.0,1799.6,2251.0,2760.0,2153.0,1805.0,1633.0,1337.0,1259.0,1704.142857142857,1698.5714285714287,1983.88,89.54,92.13,83.54,83.18,135.0,135.0,112.8,112.8,1815.0
2024-04-19,1919.0,2839.0,1916.0,1394.0,87.96,83.46,135.0,112.8,2024,4,2,4,1901.0,1587.0,1735.4,2345.0,2845.0,2202.0,1876.0,1631.0,1365.0,1260.0,1751.4285714285713,1705.814285714286,1972.2133333333334,88.34,91.57,83.53,83.37,135.0,135.0,112.8,112.8,1808.0
2024-04-22,1882.0,2702.0,1928.0,1410.0,87.3,83.47,135.0,112.8,2024,4,2,0,1919.0,1690.0,1714.0,2377.0,2839.0,2475.0,1916.0,1677.0,1394.0,1261.0,1798.857142857143,1718.9285714285713,1958.0133333333333,87.96,91.49,83.46,83.19,135.0,135.0,112.8,112.8,1813.0
2024-04-23,1804.0,2458.0,1914.0,1430.0,88.29,83.36,135.0,112.8,2024,4,2,1,1882.0,1729.0,1711.0,2315.0,2702.0,2552.0,1928.0,1713.0,1410.0,1272.0,1826.2857142857142,1730.9285714285713,1941.5133333333333,87.3,93.12,83.47,83.59,135.0,135.0,112.8,112.8,1852.0
2024-04-24,1774.0,2345.0,1910.0,1456.0,89.02,83.34,135.0,112.8,2024,4,2,2,1804.0,1730.0,1669.0,2370.0,2458.0,2529.0,1914.0,1736.0,1430.0,1280.0,1837.0,1737.5714285714287,1924.48,88.29,90.84,83.36,83.48,135.0,135.0,112.8,112.8,1869.0
2024-04-25,1743.0,2230.0,1896.0,1488.0,88.1,83.31,135.0,112.8,2024,4,2,3,1774.0,1779.0,1628.0,2379.8,2345.0,2631.0,1910.0,1754.0,1456.0,1311.0,1843.2857142857142,1745.0714285714287,1904.6133333333335,89.02,91.29,83.34,83.54,135.0,135.0,112.8,112.8,1881.0
2024-04-26,1721.0,2172.0,1878.0,1495.0,89.95,83.38,135.0,112.8,2024,4,2,4,1743.0,1844.0,1594.0,2389.6,2230.0,2760.0,1896.0,1805.0,1488.0,1337.0,1838.142857142857,1753.2857142857142,1883.3866666666665,88.1,89.54,83.31,83.54,135.0,135.0,112.8,112.8,1883.0
2024-04-29,1684.0,2080.0,1858.0,1492.0,88.44,83.46,135.0,112.8,2024,4,2,0,1721.0,1901.0,1570.0,2419.0,2172.0,2845.0,1878.0,1876.0,1495.0,1365.0,1820.5714285714287,1762.357142857143,1861.1,89.95,88.34,83.38,83.53,135.0,135.0,112.8,112.8,1831.0
2024-04-30,1685.0,2100.0,1845.0,1485.0,88.23,83.44,135.0,112.8,2024,4,2,1,1684.0,1919.0,1587.0,2392.0,2080.0,2839.0,1858.0,1916.0,1492.0,1394.0,1789.5714285714287,1770.5,1836.6,88.44,87.96,83.46,83.46,135.0,135.0,112.8,112.8,1836.0
2024-05-01,1688.0,2116.0,1847.0,1478.0,83.55,83.45,142.0,118.9,2024,5,2,2,1685.0,1882.0,1690.0,2284.0,2100.0,2702.0,1845.0,1928.0,1485.0,1410.0,1756.142857142857,1777.5,1813.0333333333333,88.23,87.3,83.44,83.47,135.0,135.0,112.8,112.8,1942.0
2024-05-02,1774.0,2372.0,1863.0,1466.0,84.81,83.44,142.0,118.9,2024,5,2,3,1688.0,1804.0,1729.0,2240.0,2116.0,2458.0,1847.0,1914.0,1478.0,1430.0,1728.4285714285713,1777.357142857143,1793.1666666666667,83.55,88.29,83.45,83.36,142.0,135.0,118.9,112.8,1948.0
2024-05-03,1876.0,2673.0,1884.0,1458.0,83.6,83.43,142.0,118.9,2024,5,2,4,1774.0,1774.0,1730.0,2196.0,2372.0,2345.0,1863.0,1910.0,1466.0,1456.0,1724.142857142857,1780.5714285714287,1777.6333333333334,84.81,89.02,83.44,83.34,142.0,135.0,118.9,112.8,1948.0
2024-05-06,2031.25,3097.5,1932.75,1460.25,82.91749999999999,83.48,142.0,118.9,2024,5,2,0,1876.0,1743.0,1779.0,2123.0,2673.0,2230.0,1884.0,1896.0,1458.0,1488.0,1738.7142857142858,1791.0,1766.9666666666667,83.6,88.1,83.43,83.31,142.0,135.0,118.9,112.8,1961.0
2024-05-07,2083.0,3239.0,1949.0,1461.0,82.69,83.51,142.0,118.9,2024,5,2,1,2031.25,1721.0,1844.0,1989.0,3097.5,2172.0,1932.75,1878.0,1460.25,1495.0,1779.892857142857,1809.017857142857,1763.9083333333333,82.91749999999999,89.95,83.48,83.38,142.0,135.0,118.9,112.8,1943.0
2024-05-08,2203.0,3541.0,2005.0,1477.0,82.44,83.45,142.0,118.9,2024,5,2,2,2083.0,1684.0,1901.0,1845.0,3239.0,2080.0,1949.0,1858.0,1461.0,1492.0,1831.607142857143,1826.0892857142858,1767.0416666666667,82.69,88.44,83.51,83.46,142.0,135.0,118.9,112.8,1984.0
2024-05-09,2166.0,3405.0,2020.0,1488.0,83.27,83.51,142.0,118.9,2024,5,2,3,2203.0,1685.0,1919.0,1821.0,3541.0,2100.0,2005.0,1845.0,1477.0,1485.0,1905.75,1847.6607142857142,1778.975,82.44,88.23,83.45,83.44,142.0,135.0,118.9,112.8,1997.0
2024-05-10,2129.0,3292.0,2026.0,1485.0,83.39,83.54,142.0,118.9,2024,5,2,4,2166.0,1688.0,1882.0,1799.6,3405.0,2116.0,2020.0,1847.0,1488.0,1478.0,1974.4642857142858,1865.3035714285713,1790.475,83.27,83.55,83.51,83.45,142.0,142.0,118.9,118.9,1973.0
2024-05-13,2066.0,3108.0,2017.0,1485.0,83.18,83.48,142.0,118.9,2024,5,2,0,2129.0,1774.0,1804.0,1735.4,3292.0,2372.0,2026.0,1863.0,1485.0,1466.0,2037.4642857142858,1882.9464285714287,1801.4550000000002,83.39,84.81,83.54,83.44,142.0,142.0,118.9,118.9,1926.0
2024-05-14,1993.0,2931.0,1978.0,1475.0,81.0,83.5,142.0,118.9,2024,5,2,1,2066.0,1876.0,1774.0,1714.0,3108.0,2673.0,2017.0,1884.0,1485.0,1458.0,2079.1785714285716,1901.6607142857142,1812.475,83.18,83.6,83.48,83.43,142.0,142.0,118.9,118.9,1964.0
2024-05-15,1889.0,2699.0,1905.0,1453.0,79.98,83.46,142.0,118.9,2024,5,2,2,1993.0,2031.25,1743.0,1711.0,2931.0,3097.5,1978.0,1932.75,1475.0,1460.25,2095.8928571428573,1917.3035714285713,1821.775,81.0,82.91749999999999,83.5,83.48,142.0,142.0,118.9,118.9,2031.0
2024-05-16,1817.0,2558.0,1845.0,1425.0,81.65,83.46,142.0,118.9,2024,5,2,3,1889.0,2083.0,1721.0,1669.0,2699.0,3239.0,1905.0,1949.0,1453.0,1461.0,2075.5714285714284,1927.732142857143,1827.7083333333333,79.98,82.69,83.46,83.51,142.0,142.0,118.9,118.9,2050.0
2024-05-17,1844.0,2675.0,1825.0,1405.0,82.24,83.34,142.0,118.9,2024,5,2,4,1817.0,2203.0,1684.0,1628.0,2558.0,3541.0,1845.0,2005.0,1425.0,1477.0,2037.5714285714287,1934.5892857142858,1832.6416666666667,81.65,82.44,83.46,83.45,142.0,142.0,118.9,118.9,2158.0
2024-05-20,1847.0,2708.0,1811.0,1392.0,81.91,83.34,142.0,118.9,2024,5,2,0,1844.0,2166.0,1685.0,1594.0,2675.0,3405.0,1825.0,2020.0,1405.0,1488.0,1986.2857142857142,1946.017857142857,1839.8416666666667,82.24,83.27,83.34,83.51,142.0,142.0,118.9,118.9,2179.0
2024-05-21,1829.0,2655.0,1822.0,1382.0,81.22,83.31,142.0,118.9,2024,5,2,1,1847.0,2129.0,1688.0,1570.0,2708.0,3292.0,1811.0,2026.0,1392.0,1485.0,1940.7142857142858,1957.5892857142858,1848.275,81.91,83.39,83.34,83.54,142.0,142.0,118.9,118.9,2064.0
2024-05-22,1804.0,2584.0,1831.0,1371.0,79.9,83.26,142.0,118.9,2024,5,2,2,1829.0,2066.0,1774.0,1587.0,2655.0,3108.0,1822.0,2017.0,1382.0,1485.0,1897.857142857143,1967.6607142857142,1856.9083333333333,81.22,83.18,83.31,83.48,142.0,142.0,118.9,118.9,2021.0
2024-05-23,1796.0,2584.0,1832.0,1345.0,79.25,83.27,142.0,118.9,2024,5,2,3,1804.0,1993.0,1876.0,1690.0,2584.0,2931.0,1831.0,1978.0,1371.0,1475.0,1860.4285714285713,1969.8035714285713,1864.1416666666667,79.9,81.0,83.26,83.5,142.0,142.0,118.9,118.9,1966.0
2024-05-24,1797.0,2613.0,1824.0,1326.0,78.92,83.09,142.0,118.9,2024,5,2,4,1796.0,1889.0,2031.25,1729.0,2584.0,2699.0,1832.0,1905.0,1345.0,1453.0,1832.2857142857142,1964.0892857142858,1867.675,79.25,79.98,83.27,83.46,142.0,142.0,118.9,118.9,1940.0
2024-05-28,1784.0,2608.0,1801.0,1309.0,81.34,83.16,142.0,118.9,2024,5,2,1,1797.0,1817.0,2083.0,1730.0,2613.0,2558.0,1824.0,1845.0,1326.0,1425.0,1819.142857142857,1947.357142857143,1869.9416666666666,78.92,81.65,83.09,83.46,142.0,142.0,118.9,118.9,1894.0
2024-05-29,1790.0,2674.0,1762.0,1293.0,81.5,83.33,142.0,118.9,2024,5,2,2,1784.0,1844.0,2203.0,1779.0,2608.0,2675.0,1801.0,1825.0,1309.0,1405.0,1814.4285714285713,1926.0,1871.7416666666666,81.34,82.24,83.16,83.34,142.0,142.0,118.9,118.9,1939.0
2024-05-30,1801.0,2750.0,1718.0,1286.0,81.42,83.28,142.0,118.9,2024,5,2,3,1790.0,1847.0,2166.0,1844.0,2674.0,2708.0,1762.0,1811.0,1293.0,1392.0,1806.7142857142858,1896.5,1872.1083333333333,81.5,81.91,83.33,83.34,142.0,142.0,118.9,118.9,1947.0
2024-05-31,1815.0,2820.0,1693.0,1278.0,79.41,83.43,142.0,118.9,2024,5,2,4,1801.0,1829.0,2129.0,1901.0,2750.0,2655.0,1718.0,1822.0,1286.0,1382.0,1800.142857142857,1870.4285714285713,1870.675,81.42,81.22,83.28,83.31,142.0,142.0,118.9,118.9,1997.0
2024-06-03,1808.0,2816.0,1681.0,1272.0,76.45,83.14,135.1,107.5,2024,6,2,0,1815.0,1804.0,2066.0,1919.0,2820.0,2584.0,1693.0,1831.0,1278.0,1371.0,1798.142857142857,1848.0,1867.8083333333334,79.41,79.9,83.43,83.26,142.0,142.0,118.9,118.9,1993.0
2024-06-04,1813.0,2839.0,1679.0,1265.0,75.33,83.52,135.1,107.5,2024,6,2,1,1808.0,1796.0,1993.0,1882.0,2816.0,2584.0,1681.0,1832.0,1272.0,1345.0,1798.7142857142858,1829.5714285714287,1864.1083333333333,76.45,79.25,83.14,83.27,135.1,142.0,107.5,118.9,1942.0
2024-06-05,1852.0,2945.0,1702.0,1258.0,75.41,83.37,135.1,107.5,2024,6,2,2,1813.0,1797.0,1889.0,1804.0,2839.0,2613.0,1679.0,1824.0,1265.0,1326.0,1801.142857142857,1816.7142857142858,1861.8083333333334,75.33,78.92,83.52,83.09,135.1,142.0,107.5,118.9,1890.0
2024-06-06,1869.0,2977.0,1731.0,1255.0,77.62,83.47,135.1,107.5,2024,6,2,3,1852.0,1784.0,1817.0,1774.0,2945.0,2608.0,1702.0,1801.0,1258.0,1309.0,1809.0,1814.0714285714287,1863.4083333333333,75.41,81.34,83.37,83.16,135.1,142.0,107.5,118.9,1912.0
2024-06-07,1881.0,2998.0,1750.0,1254.0,78.12,83.38,135.1,107.5,2024,6,2,4,1869.0,1790.0,1844.0,1743.0,2977.0,2674.0,1731.0,1762.0,1255.0,1293.0,1821.142857142857,1817.7857142857142,1866.575,77.62,81.5,83.47,83.33,135.1,142.0,107.5,118.9,1902.0
2024-06-10,1883.0,2985.0,1769.0,1257.0,79.59,83.5,135.1,107.5,2024,6,2,0,1881.0,1801.0,1847.0,1721.0,2998.0,2750.0,1750.0,1718.0,1254.0,1286.0,1834.142857142857,1820.4285714285713,1871.175,78.12,81.42,83.38,83.28,135.1,142.0,107.5,118.9,1896.0
2024-06-11,1831.0,2784.0,1807.0,1271.0,80.15,83.5,135.1,107.5,2024,6,2,1,1883.0,1815.0,1829.0,1684.0,2985.0,2820.0,1769.0,1693.0,1257.0,1278.0,1845.857142857143,1823.0,1876.575,79.59,79.41,83.5,83.43,135.1,142.0,107.5,118.9,1869.0
2024-06-12,1836.0,2726.0,1864.0,1297.0,80.52,83.57,135.1,107.5,2024,6,2,2,1831.0,1808.0,1804.0,1685.0,2784.0,2816.0,1807.0,1681.0,1271.0,1272.0,1848.142857142857,1823.142857142857,1881.475,80.15,76.45,83.5,83.14,135.1,135.1,107.5,107.5,1864.0
2024-06-13,1942.0,2985.0,1920.0,1313.0,81.44,83.52,135.1,107.5,2024,6,2,3,1836.0,1813.0,1796.0,1688.0,2726.0,2839.0,1864.0,1679.0,1297.0,1265.0,1852.142857142857,1825.4285714285713,1886.5083333333334,80.52,75.33,83.57,83.52,135.1,135.1,107.5,107.5,1834.0
2024-06-14,1948.0,2957.0,1950.0,1335.0,81.49,83.54,135.1,107.5,2024,6,2,4,1942.0,1852.0,1797.0,1774.0,2985.0,2945.0,1920.0,1702.0,1313.0,1258.0,1870.5714285714287,1835.857142857143,1894.975,81.44,75.41,83.52,83.37,135.1,135.1,107.5,107.5,1808.0
2024-06-17,1948.0,2938.0,1960.0,1346.0,82.45,83.52,135.1,107.5,2024,6,2,0,1948.0,1869.0,1784.0,1876.0,2957.0,2977.0,1950.0,1731.0,1335.0,1255.0,1884.2857142857142,1846.642857142857,1900.775,81.49,77.62,83.54,83.47,135.1,135.1,107.5,107.5,1797.0
2024-06-18,1961.0,2966.0,1954.0,1362.0,84.79,83.42,135.1,107.5,2024,6,2,1,1948.0,1881.0,1790.0,2031.25,2938.0,2998.0,1960.0,1750.0,1346.0,1254.0,1895.5714285714287,1858.357142857143,1903.175,82.45,78.12,83.52,83.38,135.1,135.1,107.5,107.5,1762.0
2024-06-19,1943.0,2927.0,1919.0,1374.0,85.64,83.52000000000001,135.1,107.5,2024,6,2,2,1961.0,1883.0,1801.0,2083.0,2966.0,2985.0,1954.0,1769.0,1362.0,1257.0,1907.0,1870.5714285714287,1900.8333333333333,84.79,79.59,83.42,83.5,135.1,135.1,107.5,107.5,1708.0
2024-06-20,1984.0,3079.0,1867.0,1389.0,85.92,83.62,135.1,107.5,2024,6,2,3,1943.0,1831.0,1815.0,2203.0,2927.0,2784.0,1919.0,1807.0,1374.0,1271.0,1915.5714285714287,1880.7142857142858,1896.1666666666667,85.64,80.15,83.52000000000001,83.5,135.1,135.1,107.5,107.5,1668.0
2024-06-21,1997.0,3142.0,1827.0,1398.0,86.42,83.53,135.1,107.5,2024,6,2,4,1984.0,1836.0,1808.0,2166.0,3079.0,2726.0,1867.0,1864.0,1389.0,1297.0,1937.4285714285713,1892.7857142857142,1888.8666666666666,85.92,80.52,83.62,83.57,135.1,135.1,107.5,107.5,1675.0
2024-06-24,1973.0,3093.0,1792.0,1405.0,86.75,83.42,135.1,107.5,2024,6,2,0,1997.0,1942.0,1813.0,2129.0,3142.0,2985.0,1827.0,1920.0,1398.0,1313.0,1960.4285714285713,1906.2857142857142,1883.2333333333333,86.42,81.44,83.53,83.52,135.1,135.1,107.5,107.5,1677.0
2024-06-25,1926.0,2990.0,1735.0,1412.0,86.81,83.4,135.1,107.5,2024,6,2,1,1973.0,1948.0,1852.0,2066.0,3093.0,2957.0,1792.0,1950.0,1405.0,1335.0,1964.857142857143,1917.7142857142858,1878.0333333333333,86.75,81.49,83.42,83.54,135.1,135.1,107.5,107.5,1685.0
2024-06-26,1964.0,3145.0,1683.0,1412.0,85.76,83.55,135.1,107.5,2024,6,2,2,1926.0,1948.0,1869.0,1993.0,2990.0,2938.0,1735.0,1960.0,1412.0,1346.0,1961.7142857142858,1923.0,1873.3666666666666,86.81,82.45,83.4,83.52,135.1,135.1,107.5,107.5,1698.0
2024-06-27,2031.0,3371.0,1672.0,1399.0,87.0,83.44,135.1,107.5,2024,6,2,3,1964.0,1961.0,1881.0,1889.0,3145.0,2966.0,1683.0,1954.0,1412.0,1362.0,1964.0,1929.7857142857142,1872.4,85.76,84.79,83.55,83.42,135.1,135.1,107.5,107.5,1683.0
2024-06-28,2050.0,3443.0,1667.0,1385.0,87.26,83.33,135.1,107.5,2024,6,2,4,2031.0,1943.0,1883.0,1817.0,3371.0,2927.0,1672.0,1919.0,1399.0,1374.0,1974.0,1940.5,1877.1333333333334,87.0,85.64,83.44,83.52000000000001,135.1,135.1,107.5,107.5,1670.0
2024-07-01,2158.0,3791.0,1662.0,1369.0,86.57,83.44,137.6,106.9,2024,7,3,0,2050.0,1984.0,1831.0,1844.0,3443.0,3079.0,1667.0,1867.0,1385.0,1389.0,1989.2857142857142,1952.4285714285713,1884.9,87.26,85.92,83.33,83.62,135.1,135.1,107.5,107.5,1655.0
2024-07-02,2179.0,3888.0,1640.0,1351.0,88.28,83.5,137.6,106.9,2024,7,3,1,2158.0,1997.0,1836.0,1847.0,3791.0,3142.0,1662.0,1827.0,1369.0,1398.0,2014.142857142857,1975.7857142857142,1895.3666666666666,86.57,86.42,83.44,83.53,137.6,135.1,106.9,107.5,1670.0
2024-07-03,2064.0,3580.0,1607.0,1340.0,88.25,83.48,137.6,106.9,2024,7,3,2,2179.0,1973.0,1942.0,1829.0,3888.0,3093.0,1640.0,1792.0,1351.0,1405.0,2040.142857142857,2000.2857142857142,1906.4333333333334,88.28,86.75,83.5,83.42,137.6,135.1,106.9,107.5,1728.0
2024-07-04,2021.0,3486.0,1568.0,1337.0,88.34,83.475,137.6,106.9,2024,7,3,3,2064.0,1926.0,1948.0,1804.0,3580.0,2990.0,1607.0,1735.0,1340.0,1412.0,2053.1428571428573,2009.0,1914.2666666666667,88.25,86.81,83.48,83.4,137.6,135.1,106.9,107.5,1692.0
2024-07-05,1966.0,3339.0,1546.0,1335.0,88.66,83.47,137.6,106.9,2024,7,3,4,2021.0,1964.0,1948.0,1796.0,3486.0,3145.0,1568.0,1683.0,1337.0,1412.0,2066.714285714286,2014.2142857142858,1921.5,88.34,85.76,83.475,83.55,137.6,135.1,106.9,107.5,1691.0
2024-07-08,1940.0,3276.0,1531.0,1334.0,87.15,83.45,137.6,106.9,2024,7,3,0,1966.0,2031.0,1961.0,1797.0,3339.0,3371.0,1546.0,1672.0,1335.0,1399.0,2067.0,2015.5,1927.1666666666667,88.66,87.0,83.47,83.44,137.6,135.1,106.9,107.5,1708.0
2024-07-09,1894.0,3119.0,1536.0,1347.0,86.48,83.47,137.6,106.9,2024,7,3,1,1940.0,2050.0,1943.0,1784.0,3276.0,3443.0,1531.0,1667.0,1334.0,1385.0,2054.0,2014.0,1931.9333333333334,87.15,87.26,83.45,83.33,137.6,135.1,106.9,107.5,1735.0
2024-07-10,1939.0,3215.0,1579.0,1353.0,86.55,83.5,137.6,106.9,2024,7,3,2,1894.0,2158.0,1984.0,1790.0,3119.0,3791.0,1536.0,1662.0,1347.0,1369.0,2031.7142857142858,2010.5,1935.6,86.48,86.57,83.47,83.44,137.6,137.6,106.9,106.9,1759.0
2024-07-11,1947.0,3183.0,1638.0,1361.0,86.49,83.57,137.6,106.9,2024,7,3,3,1939.0,2179.0,1997.0,1801.0,3215.0,3888.0,1579.0,1640.0,1353.0,1351.0,2000.4285714285713,2007.2857142857142,1940.5666666666666,86.55,88.28,83.5,83.5,137.6,137.6,106.9,106.9,1768.0
2024-07-12,1997.0,3296.0,1678.0,1364.0,87.35,83.48,137.6,106.9,2024,7,3,4,1947.0,2064.0,1973.0,1815.0,3183.0,3580.0,1638.0,1607.0,1361.0,1340.0,1967.2857142857142,2003.7142857142858,1945.4333333333334,86.49,88.25,83.57,83.48,137.6,137.6,106.9,106.9,1762.0
2024-07-15,1993.0,3263.0,1702.0,1368.0,86.42,83.55,137.6,106.9,2024,7,3,0,1997.0,2021.0,1926.0,1808.0,3296.0,3486.0,1678.0,1568.0,1364.0,1337.0,1957.7142857142858,2005.4285714285713,1951.5,87.35,88.34,83.48,83.475,137.6,137.6,106.9,106.9,1731.25
2024-07-16,1942.0,3099.0,1713.0,1366.0,86.6,83.6,137.6,106.9,2024,7,3,1,1993.0,1966.0,1964.0,1813.0,3263.0,3339.0,1702.0,1546.0,1368.0,1335.0,1953.7142857142858,2010.2142857142858,1957.6666666666667,86.42,88.66,83.55,83.47,137.6,137.6,106.9,106.9,1721.0
2024-07-17,1890.0,2940.0,1713.0,1370.0,85.76,83.55,137.6,106.9,2024,7,3,2,1942.0,1940.0,2031.0,1852.0,3099.0,3276.0,1713.0,1531.0,1366.0,1334.0,1950.2857142857142,2008.642857142857,1961.9666666666667,86.6,87.15,83.6,83.45,137.6,137.6,106.9,106.9,1755.0
2024-07-18,1912.0,3007.0,1714.0,1370.0,86.26,83.58,137.6,106.9,2024,7,3,3,1890.0,1894.0,2050.0,1869.0,2940.0,3119.0,1713.0,1536.0,1370.0,1347.0,1943.142857142857,1998.5714285714287,1963.2333333333333,85.76,86.48,83.55,83.47,137.6,137.6,106.9,106.9,1827.0
2024-07-19,1902.0,2973.0,1714.0,1374.0,85.19,83.7,137.6,106.9,2024,7,3,4,1912.0,1939.0,2158.0,1881.0,3007.0,3215.0,1714.0,1579.0,1370.0,1353.0,1945.7142857142858,1988.7142857142858,1964.6666666666667,86.26,86.55,83.58,83.5,137.6,137.6,106.9,106.9,1814.0
2024-07-22,1896.0,2957.0,1712.0,1374.0,83.44,83.65,137.6,106.9,2024,7,3,0,1902.0,1947.0,2179.0,1883.0,2973.0,3183.0,1714.0,1638.0,1374.0,1361.0,1940.4285714285713,1970.4285714285713,1965.3666666666666,85.19,86.49,83.7,83.57,137.6,137.6,106.9,106.9,1919.0
2024-07-23,1869.0,2854.0,1728.0,1380.0,82.2,83.68,137.6,106.9,2024,7,3,1,1896.0,1997.0,2064.0,1831.0,2957.0,3296.0,1712.0,1678.0,1374.0,1364.0,1933.142857142857,1950.2142857142858,1965.8,83.44,87.35,83.65,83.48,137.6,137.6,106.9,106.9,1947.0
2024-07-24,1864.0,2803.0,1765.0,1385.0,83.01,83.72,137.6,106.9,2024,7,3,2,1869.0,1993.0,2021.0,1836.0,2854.0,3263.0,1728.0,1702.0,1380.0,1368.0,1914.857142857143,1936.2857142857142,1967.0666666666666,82.2,86.42,83.68,83.55,137.6,137.6,106.9,106.9,1902.0
2024-07-25,1834.0,2696.0,1785.0,1387.0,82.58,83.7,137.6,106.9,2024,7,3,3,1864.0,1942.0,1966.0,1942.0,2803.0,3099.0,1765.0,1713.0,1385.0,1366.0,1896.4285714285713,1925.0714285714287,1968.0,83.01,86.6,83.72,83.6,137.6,137.6,106.9,106.9,1919.0
2024-07-26,1808.0,2614.0,1792.0,1386.0,81.35,83.7,137.6,106.9,2024,7,3,4,1834.0,1890.0,1940.0,1948.0,2696.0,2940.0,1785.0,1713.0,1387.0,1370.0,1881.0,1915.642857142857,1964.4,82.58,85.76,83.7,83.55,137.6,137.6,106.9,106.9,1941.0
2024-07-29,1797.0,2582.0,1792.0,1383.0,80.94,83.75,137.6,106.9,2024,7,3,0,1808.0,1912.0,1894.0,1948.0,2614.0,3007.0,1792.0,1714.0,1386.0,1370.0,1869.2857142857142,1906.2142857142858,1959.7333333333333,81.35,86.26,83.7,83.58,137.6,137.6,106.9,106.9,1958.0
2024-07-30,1762.0,2499.0,1772.0,1377.0,79.26,83.7,137.6,106.9,2024,7,3,1,1797.0,1902.0,1939.0,1961.0,2582.0,2973.0,1792.0,1714.0,1383.0,1374.0,1852.857142857143,1899.2857142857142,1954.7,80.94,85.19,83.75,83.7,137.6,137.6,106.9,106.9,1941.0
2024-07-31,1708.0,2377.0,1739.0,1363.0,81.39,83.73,137.6,106.9,2024,7,3,2,1762.0,1896.0,1947.0,1943.0,2499.0,2957.0,1772.0,1712.0,1377.0,1374.0,1832.857142857143,1886.642857142857,1948.0666666666666,79.26,83.44,83.7,83.65,137.6,137.6,106.9,106.9,1963.0
2024-08-01,1668.0,2289.0,1713.0,1352.0,81.37,83.7,145.8,99.9,2024,8,3,3,1708.0,1869.0,1997.0,1984.0,2377.0,2854.0,1739.0,1728.0,1363.0,1380.0,1806.0,1869.5714285714287,1940.2333333333333,81.39,82.2,83.73,83.68,137.6,137.6,106.9,106.9,1927.0
2024-08-02,1675.0,2327.0,1705.0,1342.0,78.35,83.79,145.8,99.9,2024,8,3,4,1668.0,1864.0,1993.0,1997.0,2289.0,2803.0,1713.0,1765.0,1352.0,1385.0,1777.2857142857142,1846.0714285714287,1929.7,81.37,83.01,83.7,83.72,145.8,137.6,99.9,106.9,1890.0
2024-08-05,1677.0,2351.0,1697.0,1330.0,77.51,83.83,145.8,99.9,2024,8,3,0,1675.0,1834.0,1942.0,1973.0,2327.0,2696.0,1705.0,1785.0,1342.0,1387.0,1750.2857142857142,1823.357142857143,1918.9666666666667,78.35,82.58,83.79,83.7,145.8,137.6,99.9,106.9,1896.0
2024-08-06,1685.0,2402.0,1678.0,1320.0,76.62,83.91,145.8,99.9,2024,8,3,1,1677.0,1808.0,1890.0,1926.0,2351.0,2614.0,1697.0,1792.0,1330.0,1386.0,1727.857142857143,1804.4285714285713,1909.1,77.51,81.35,83.83,83.7,145.8,137.6,99.9,106.9,1901.0
2024-08-07,1698.0,2473.0,1651.0,1309.0,78.26,83.96,145.8,99.9,2024,8,3,2,1685.0,1797.0,1912.0,1964.0,2402.0,2582.0,1678.0,1792.0,1320.0,1383.0,1710.2857142857142,1789.7857142857142,1901.0666666666666,76.62,80.94,83.91,83.75,145.8,137.6,99.9,106.9,1890.0
2024-08-08,1683.0,2459.0,1620.0,1302.0,80.76,83.95,145.8,99.9,2024,8,3,3,1698.0,1762.0,1902.0,2031.0,2473.0,2499.0,1651.0,1772.0,1309.0,1377.0,1696.142857142857,1774.5,1892.2,78.26,79.26,83.96,83.7,145.8,137.6,99.9,106.9,1976.0
2024-08-09,1670.0,2437.0,1599.0,1301.0,81.07,83.92,145.8,99.9,2024,8,3,4,1683.0,1708.0,1896.0,2050.0,2459.0,2377.0,1620.0,1739.0,1302.0,1363.0,1684.857142857143,1758.857142857143,1880.6,80.76,81.39,83.95,83.73,145.8,137.6,99.9,106.9,1977.0
2024-08-12,1655.0,2413.0,1584.0,1294.0,83.06,83.92,145.8,99.9,2024,8,3,0,1670.0,1668.0,1869.0,2158.0,2437.0,2289.0,1599.0,1713.0,1301.0,1352.0,1679.4285714285713,1742.7142857142858,1867.9333333333334,81.07,81.37,83.92,83.7,145.8,145.8,99.9,99.9,1999.0
2024-08-13,1670.0,2477.0,1563.0,1292.0,82.51,83.97,145.8,99.9,2024,8,3,1,1655.0,1675.0,1864.0,2179.0,2413.0,2327.0,1584.0,1705.0,1294.0,1342.0,1677.5714285714287,1727.4285714285713,1851.1666666666667,83.06,78.35,83.92,83.79,145.8,145.8,99.9,99.9,2014.0
2024-08-14,1728.0,2650.0,1560.0,1297.0,82.15,83.91,145.8,99.9,2024,8,3,2,1670.0,1677.0,1834.0,2064.0,2477.0,2351.0,1563.0,1697.0,1292.0,1330.0,1676.857142857143,1713.5714285714287,1834.2,82.51,77.51,83.97,83.83,145.8,145.8,99.9,99.9,2016.0
2024-08-15,1692.0,2542.0,1554.0,1300.0,83.09,83.94,145.8,99.9,2024,8,3,3,1728.0,1685.0,1808.0,2021.0,2650.0,2402.0,1560.0,1678.0,1297.0,1320.0,1684.142857142857,1706.0,1823.0,82.15,76.62,83.91,83.91,145.8,145.8,99.9,99.9,2091.0
2024-08-16,1691.0,2537.0,1552.0,1304.0,81.56,83.95,145.8,99.9,2024,8,3,4,1692.0,1698.0,1797.0,1966.0,2542.0,2473.0,1554.0,1651.0,1300.0,1309.0,1685.142857142857,1697.7142857142858,1812.0333333333333,83.09,78.26,83.94,83.96,145.8,145.8,99.9,99.9,2110.0
2024-08-19,1708.0,2594.0,1544.0,1305.0,81.09,83.82,145.8,99.9,2024,8,3,0,1691.0,1683.0,1762.0,1940.0,2537.0,2459.0,1552.0,1620.0,1304.0,1302.0,1684.142857142857,1690.142857142857,1802.8666666666666,81.56,80.76,83.95,83.95,145.8,145.8,99.9,99.9,2084.0
2024-08-20,1735.0,2691.0,1521.0,1309.0,78.85,83.79,145.8,99.9,2024,8,3,1,1708.0,1670.0,1708.0,1894.0,2594.0,2437.0,1544.0,1599.0,1305.0,1301.0,1687.7142857142858,1686.2857142857142,1795.1333333333334,81.09,81.07,83.82,83.92,145.8,145.8,99.9,99.9,2030.0
2024-08-21,1759.0,2788.0,1487.0,1310.0,78.77,83.93,145.8,99.9,2024,8,3,2,1735.0,1655.0,1668.0,1939.0,2691.0,2413.0,1521.0,1584.0,1309.0,1294.0,1697.0,1688.2142857142858,1789.8333333333333,78.85,83.06,83.79,83.92,145.8,145.8,99.9,99.9,1978.0
2024-08-22,1768.0,2847.0,1444.0,1313.0,78.8,83.93,145.8,99.9,2024,8,3,3,1759.0,1670.0,1675.0,1947.0,2788.0,2477.0,1487.0,1563.0,1310.0,1292.0,1711.857142857143,1694.7142857142858,1783.8333333333333,78.77,82.51,83.93,83.97,145.8,145.8,99.9,99.9,1941.0
2024-08-23,1762.0,2851.0,1414.0,1318.0,80.34,83.91,145.8,99.9,2024,8,3,4,1768.0,1728.0,1677.0,1997.0,2847.0,2650.0,1444.0,1560.0,1313.0,1297.0,1725.857142857143,1701.357142857143,1777.8666666666666,78.8,82.15,83.93,83.91,145.8,145.8,99.9,99.9,1928.0
2024-08-26,1731.25,2779.0,1389.25,1317.25,81.2175,83.87,145.8,99.9,2024,8,3,0,1762.0,1692.0,1685.0,1993.0,2851.0,2542.0,1414.0,1554.0,1318.0,1300.0,1730.7142857142858,1707.4285714285713,1770.0333333333333,80.34,83.09,83.91,83.94,145.8,145.8,99.9,99.9,1907.0
2024-08-27,1721.0,2755.0,1381.0,1317.0,81.51,83.91,145.8,99.9,2024,8,3,1,1731.25,1691.0,1698.0,1942.0,2779.0,2537.0,1389.25,1552.0,1317.25,1304.0,1736.3214285714287,1710.732142857143,1761.3083333333334,81.2175,81.56,83.87,83.95,145.8,145.8,99.9,99.9,1860.0
2024-08-28,1755.0,2883.0,1350.0,1316.0,80.04,83.9,145.8,99.9,2024,8,3,2,1721.0,1708.0,1683.0,1890.0,2755.0,2594.0,1381.0,1544.0,1317.0,1305.0,1740.607142857143,1712.375,1753.9416666666666,81.51,81.09,83.91,83.82,145.8,145.8,99.9,99.9,1799.0
2024-08-29,1827.0,3119.0,1331.0,1312.0,81.55,83.84,145.8,99.9,2024,8,3,3,1755.0,1735.0,1670.0,1912.0,2883.0,2691.0,1350.0,1521.0,1316.0,1309.0,1747.3214285714287,1717.517857142857,1749.4416666666666,80.04,78.85,83.9,83.79,145.8,145.8,99.9,99.9,1790.0
2024-08-30,1814.0,3099.0,1316.0,1306.0,80.2,83.83,145.8,99.9,2024,8,3,4,1827.0,1759.0,1655.0,1902.0,3119.0,2788.0,1331.0,1487.0,1312.0,1310.0,1760.4642857142858,1728.732142857143,1746.6083333333333,81.55,78.77,83.84,83.93,145.8,145.8,99.9,99.9,1809.0
2024-09-02,1919.0,3248.0,1305.0,1280.0,77.82,83.9125,139.2,92.8,2024,9,3,0,1814.0,1768.0,1670.0,1896.0,3099.0,2847.0,1316.0,1444.0,1306.0,1313.0,1768.3214285714287,1740.0892857142858,1743.675,80.2,78.8,83.83,83.93,145.8,145.8,99.9,99.9,1814.0
2024-09-03,1947.0,3349.0,1300.0,1280.0,76.46,83.94,139.2,92.8,2024,9,3,1,1919.0,1762.0,1728.0,1869.0,3248.0,2851.0,1305.0,1414.0,1280.0,1318.0,1789.892857142857,1757.875,1744.4416666666666,77.82,80.34,83.9125,83.91,139.2,145.8,92.8,99.9,1766.0
2024-09-04,1902.0,3224.0,1300.0,1271.0,74.67,83.95,139.2,92.8,2024,9,3,2,1947.0,1731.25,1692.0,1864.0,3349.0,2779.0,1300.0,1389.25,1280.0,1317.25,1816.3214285714287,1773.517857142857,1747.0416666666667,76.46,81.2175,83.94,83.87,139.2,145.8,92.8,99.9,1676.0
2024-09-05,1919.0,3285.0,1294.0,1266.0,74.47,83.96,139.2,92.8,2024,9,3,3,1902.0,1721.0,1691.0,1834.0,3224.0,2755.0,1300.0,1381.0,1271.0,1317.0,1840.7142857142858,1788.517857142857,1748.3083333333334,74.67,81.51,83.95,83.91,139.2,145.8,92.8,99.9,1594.0
2024-09-06,1941.0,3356.0,1294.0,1260.0,72.82,83.91,139.2,92.8,2024,9,3,4,1919.0,1755.0,1708.0,1808.0,3285.0,2883.0,1294.0,1350.0,1266.0,1316.0,1869.0,1804.8035714285713,1751.1416666666667,74.47,80.04,83.96,83.9,139.2,145.8,92.8,99.9,1576.0
2024-09-09,1958.0,3404.0,1302.0,1259.0,72.37,83.93,139.2,92.8,2024,9,3,0,1941.0,1827.0,1735.0,1797.0,3356.0,3119.0,1294.0,1331.0,1260.0,1312.0,1895.5714285714287,1821.4464285714287,1755.575,72.82,81.55,83.91,83.84,139.2,145.8,92.8,99.9,1546.0
2024-09-10,1941.0,3342.0,1317.0,1258.0,70.34,83.95,139.2,92.8,2024,9,3,1,1958.0,1814.0,1759.0,1762.0,3404.0,3099.0,1302.0,1316.0,1259.0,1306.0,1914.2857142857142,1837.375,1760.9416666666666,72.37,80.2,83.93,83.83,139.2,145.8,92.8,99.9,1480.0
2024-09-11,1963.0,3375.0,1356.0,1259.0,70.31,83.95,139.2,92.8,2024,9,3,2,1941.0,1919.0,1768.0,1708.0,3342.0,3248.0,1317.0,1305.0,1258.0,1280.0,1932.4285714285713,1850.375,1766.9083333333333,70.34,77.82,83.95,83.9125,139.2,139.2,92.8,92.8,1445.0
2024-09-12,1927.0,3225.0,1402.0,1263.0,73.81,83.92,139.2,92.8,2024,9,3,3,1963.0,1947.0,1762.0,1668.0,3375.0,3349.0,1356.0,1300.0,1259.0,1280.0,1938.7142857142858,1864.3035714285713,1775.4083333333333,70.31,76.46,83.95,83.94,139.2,139.2,92.8,92.8,1417.0
2024-09-13,1890.0,3089.0,1428.0,1264.0,73.68,83.88,139.2,92.8,2024,9,3,4,1927.0,1902.0,1731.25,1675.0,3225.0,3224.0,1402.0,1300.0,1263.0,1271.0,1935.857142857143,1876.0892857142858,1784.0416666666667,73.81,74.67,83.92,83.95,139.2,139.2,92.8,92.8,1410.0
2024-09-16,1896.0,3097.0,1442.0,1265.0,73.96,83.89,139.2,92.8,2024,9,3,0,1890.0,1919.0,1721.0,1677.0,3089.0,3285.0,1428.0,1294.0,1264.0,1266.0,1934.142857142857,1887.4285714285713,1791.2083333333333,73.68,74.47,83.88,83.96,139.2,139.2,92.8,92.8,1382.0
2024-09-17,1901.0,3090.0,1466.0,1266.0,74.55,83.75,139.2,92.8,2024,9,3,1,1896.0,1941.0,1755.0,1685.0,3097.0,3356.0,1442.0,1294.0,1265.0,1260.0,1930.857142857143,1899.9285714285713,1798.5083333333334,73.96,72.82,83.89,83.91,139.2,139.2,92.8,92.8,1402.0
2024-09-18,1890.0,3024.0,1502.0,1270.0,74.52,83.75,139.2,92.8,2024,9,3,2,1901.0,1958.0,1827.0,1698.0,3090.0,3404.0,1466.0,1302.0,1266.0,1259.0,1925.142857142857,1910.357142857143,1805.7083333333333,74.55,72.37,83.75,83.93,139.2,139.2,92.8,92.8,1395.0
2024-09-19,1976.0,3253.0,1528.0,1276.0,75.93,83.68,139.2,92.8,2024,9,3,3,1890.0,1941.0,1814.0,1683.0,3024.0,3342.0,1502.0,1317.0,1270.0,1258.0,1915.4285714285713,1914.857142857143,1812.1083333333333,74.52,70.34,83.75,83.95,139.2,139.2,92.8,92.8,1388.0
2024-09-20,1977.0,3235.0,1538.0,1289.0,75.96,83.57,139.2,92.8,2024,9,3,4,1976.0,1963.0,1919.0,1670.0,3253.0,3375.0,1528.0,1356.0,1276.0,1259.0,1920.4285714285713,1926.4285714285713,1821.875,75.93,70.31,83.68,83.95,139.2,139.2,92.8,92.8,1378.0
2024-09-23,1999.0,3275.0,1552.0,1301.0,74.95,83.53,139.2,92.8,2024,9,3,0,1977.0,1927.0,1947.0,1655.0,3235.0,3225.0,1538.0,1402.0,1289.0,1263.0,1922.4285714285713,1930.5714285714287,1832.1083333333333,75.96,73.81,83.57,83.92,139.2,139.2,92.8,92.8,1374.0
2024-09-24,2014.0,3301.0,1560.0,1312.0,75.29,83.66,139.2,92.8,2024,9,3,1,1999.0,1890.0,1902.0,1670.0,3275.0,3089.0,1552.0,1428.0,1301.0,1264.0,1932.7142857142858,1934.2857142857142,1843.575,74.95,73.68,83.53,83.88,139.2,139.2,92.8,92.8,1405.0
2024-09-25,2016.0,3315.0,1543.0,1317.0,75.4,83.56,139.2,92.8,2024,9,3,2,2014.0,1896.0,1919.0,1728.0,3301.0,3097.0,1560.0,1442.0,1312.0,1265.0,1950.4285714285713,1942.2857142857142,1855.0416666666667,75.29,73.96,83.66,83.89,139.2,139.2,92.8,92.8,1427.0
2024-09-26,2091.0,3580.0,1498.0,1314.0,73.06,83.6,139.2,92.8,2024,9,3,3,2016.0,1901.0,1941.0,1692.0,3315.0,3090.0,1543.0,1466.0,1317.0,1266.0,1967.5714285714287,1949.2142857142858,1864.6416666666667,75.4,74.55,83.56,83.75,139.2,139.2,92.8,92.8,1451.0
2024-09-27,2110.0,3689.0,1446.0,1306.0,71.63,83.68,139.2,92.8,2024,9,3,4,2091.0,1890.0,1958.0,1691.0,3580.0,3024.0,1498.0,1502.0,1314.0,1270.0,1994.7142857142858,1959.9285714285713,1877.9416666666666,73.06,74.52,83.6,83.75,139.2,139.2,92.8,92.8,1495.0
2024-09-30,2084.0,3649.0,1414.0,1296.0,72.35,83.76,139.2,92.8,2024,9,3,0,2110.0,1976.0,1941.0,1708.0,3689.0,3253.0,1446.0,1528.0,1306.0,1276.0,2026.142857142857,1970.7857142857142,1891.9083333333333,71.63,75.93,83.68,83.68,139.2,139.2,92.8,92.8,1558.0
2024-10-01,2030.0,3524.0,1386.0,1283.0,75.3,83.81,146.6,101.4,2024,10,4,1,2084.0,1977.0,1963.0,1735.0,3649.0,3235.0,1414.0,1538.0,1296.0,1289.0,2041.5714285714287,1981.0,1904.4416666666666,72.35,75.96,83.76,83.57,139.2,139.2,92.8,92.8,1634.0
2024-10-02,1978.0,3399.0,1364.0,1272.0,74.86,83.81,146.6,101.4,2024,10,4,2,2030.0,1999.0,1927.0,1759.0,3524.0,3275.0,1386.0,1552.0,1283.0,1301.0,2049.1428571428573,1985.7857142857142,1914.275,75.3,74.95,83.81,83.53,146.6,139.2,101.4,92.8,1630.0
2024-10-03,1941.0,3299.0,1367.0,1260.0,77.57,84.0,146.6,101.4,2024,10,4,3,1978.0,2014.0,1890.0,1768.0,3399.0,3301.0,1364.0,1560.0,1272.0,1312.0,2046.142857142857,1989.4285714285713,1921.575,74.86,75.29,83.81,83.66,146.6,139.2,101.4,92.8,1692.0
2024-10-04,1928.0,3243.0,1388.0,1258.0,79.32,83.99,146.6,101.4,2024,10,4,4,1941.0,2016.0,1896.0,1762.0,3299.0,3315.0,1367.0,1543.0,1260.0,1317.0,2035.7142857142858,1993.0714285714287,1927.3416666666667,77.57,75.4,84.0,83.56,146.6,139.2,101.4,92.8,1785.0
2024-10-07,1907.0,3161.0,1415.0,1257.0,81.74,83.96,146.6,101.4,2024,10,4,0,1928.0,2091.0,1901.0,1731.25,3243.0,3580.0,1388.0,1498.0,1258.0,1314.0,2023.142857142857,1995.357142857143,1932.875,79.32,73.06,83.99,83.6,146.6,139.2,101.4,92.8,1756.0
2024-10-08,1860.0,2989.0,1441.0,1264.0,78.19,83.95,146.6,101.4,2024,10,4,1,1907.0,2110.0,1890.0,1721.0,3161.0,3689.0,1415.0,1446.0,1257.0,1306.0,1996.857142857143,1995.7857142857142,1938.7333333333333,81.74,71.63,83.96,83.68,146.6,139.2,101.4,92.8,1627.0
2024-10-09,1799.0,2786.0,1457.0,1270.0,77.06,83.93,146.6,101.4,2024,10,4,2,1860.0,2084.0,1976.0,1755.0,2989.0,3649.0,1441.0,1414.0,1264.0,1296.0,1961.142857142857,1993.642857142857,1943.3666666666666,78.19,72.35,83.95,83.76,146.6,139.2,101.4,92.8,1616.0
2024-10-10,1790.0,2755.0,1455.0,1274.0,79.45,83.94,146.6,101.4,2024,10,4,3,1799.0,2030.0,1977.0,1827.0,2786.0,3524.0,1457.0,1386.0,1270.0,1283.0,1920.4285714285713,1981.0,1944.8333333333333,77.06,75.3,83.93,83.81,146.6,146.6,101.4,101.4,1576.0
2024-10-11,1809.0,2835.0,1435.0,1269.0,80.27,84.08,146.6,101.4,2024,10,4,4,1790.0,1978.0,1999.0,1814.0,2755.0,3399.0,1455.0,1364.0,1274.0,1272.0,1886.142857142857,1967.642857142857,1943.6,79.45,74.86,83.94,83.81,146.6,146.6,101.4,101.4,1537.0
2024-10-14,1814.0,2878.0,1409.0,1262.0,78.47,84.05000000000001,146.6,101.4,2024,10,4,0,1809.0,1941.0,2014.0,1919.0,2835.0,3299.0,1435.0,1367.0,1269.0,1260.0,1862.0,1954.0714285714287,1943.4333333333334,80.27,77.57,84.08,84.0,146.6,146.6,101.4,101.4,1529.0
2024-10-15,1766.0,2773.0,1364.0,1260.0,73.68,84.04,146.6,101.4,2024,10,4,1,1814.0,1928.0,2016.0,1947.0,2878.0,3243.0,1409.0,1388.0,1262.0,1258.0,1843.857142857143,1939.7857142857142,1939.9333333333334,78.47,79.32,84.05000000000001,83.99,146.6,146.6,101.4,101.4,1581.0
2024-10-16,1676.0,2552.0,1309.0,1257.0,73.65,84.01,146.6,101.4,2024,10,4,2,1766.0,1907.0,2091.0,1902.0,2773.0,3161.0,1364.0,1415.0,1260.0,1257.0,1820.7142857142858,1921.9285714285713,1933.9,73.68,81.74,84.04,83.96,146.6,146.6,101.4,101.4,1509.0
2024-10-17,1594.0,2322.0,1288.0,1254.0,74.37,84.04,146.6,101.4,2024,10,4,3,1676.0,1860.0,2110.0,1919.0,2552.0,2989.0,1309.0,1441.0,1257.0,1264.0,1787.7142857142858,1892.2857142857142,1926.3666666666666,73.65,78.19,84.01,83.95,146.6,146.6,101.4,101.4,1419.0
2024-10-18,1576.0,2276.0,1285.0,1250.0,72.75,84.03,146.6,101.4,2024,10,4,4,1594.0,1799.0,2084.0,1941.0,2322.0,2786.0,1288.0,1457.0,1254.0,1270.0,1749.7142857142858,1855.4285714285713,1915.5333333333333,74.37,77.06,84.04,83.93,146.6,146.6,101.4,101.4,1354.0
2024-10-21,1546.0,2191.0,1278.0,1250.0,73.29,84.07,146.6,101.4,2024,10,4,0,1576.0,1790.0,2030.0,1958.0,2276.0,2755.0,1285.0,1455.0,1250.0,1274.0,1717.857142857143,1819.142857142857,1903.3666666666666,72.75,79.45,84.03,83.94,146.6,146.6,101.4,101.4,1298.0
2024-10-22,1480.0,2008.0,1260.0,1249.0,75.59,84.06,146.6,101.4,2024,10,4,1,1546.0,1809.0,1978.0,1941.0,2191.0,2835.0,1278.0,1435.0,1250.0,1269.0,1683.0,1784.5714285714287,1889.6333333333334,73.29,80.27,84.07,84.08,146.6,146.6,101.4,101.4,1237.0
2024-10-23,1445.0,1921.0,1238.0,1249.0,74.68,84.06,146.6,101.4,2024,10,4,2,1480.0,1814.0,1941.0,1963.0,2008.0,2878.0,1260.0,1409.0,1249.0,1262.0,1636.0,1749.0,1874.2666666666667,75.59,78.47,84.06,84.05000000000001,146.6,146.6,101.4,101.4,1180.0
2024-10-24,1417.0,1859.0,1216.0,1245.0,74.27,84.05,146.6,101.4,2024,10,4,3,1445.0,1766.0,1928.0,1927.0,1921.0,2773.0,1238.0,1364.0,1249.0,1260.0,1583.2857142857142,1713.5714285714287,1857.0,74.68,73.68,84.06,84.04,146.6,146.6,101.4,101.4,1160.0
2024-10-25,1410.0,1856.0,1201.0,1240.0,75.62,84.06,146.6,101.4,2024,10,4,4,1417.0,1676.0,1907.0,1890.0,1859.0,2552.0,1216.0,1309.0,1245.0,1257.0,1533.4285714285713,1677.0714285714287,1840.0,74.27,73.65,84.05,84.01,146.6,146.6,101.4,101.4,1167.0
2024-10-28,1382.0,1786.0,1190.0,1234.0,71.87,84.05,146.6,101.4,2024,10,4,0,1410.0,1594.0,1860.0,1896.0,1856.0,2322.0,1201.0,1288.0,1240.0,1254.0,1495.4285714285713,1641.5714285714287,1824.0,75.62,74.37,84.06,84.04,146.6,146.6,101.4,101.4,1168.0
2024-10-29,1402.0,1859.0,1195.0,1221.0,71.09,84.04,146.6,101.4,2024,10,4,1,1382.0,1576.0,1799.0,1901.0,1786.0,2276.0,1190.0,1285.0,1234.0,1250.0,1465.142857142857,1607.4285714285713,1806.8666666666666,71.87,72.75,84.05,84.03,146.6,146.6,101.4,101.4,1156.0
2024-10-30,1395.0,1846.0,1202.0,1207.0,73.21,84.07,146.6,101.4,2024,10,4,2,1402.0,1546.0,1790.0,1890.0,1859.0,2191.0,1195.0,1278.0,1221.0,1250.0,1440.2857142857142,1579.0714285714287,1790.2333333333333,71.09,73.29,84.04,84.07,146.6,146.6,101.4,101.4,1106.0
2024-10-31,1388.0,1853.0,1204.0,1182.0,73.25,84.06,146.6,101.4,2024,10,4,3,1395.0,1480.0,1809.0,1976.0,1846.0,2008.0,1202.0,1260.0,1207.0,1249.0,1418.7142857142858,1550.857142857143,1773.7333333333333,73.21,75.59,84.07,84.06,146.6,146.6,101.4,101.4,1055.0
2024-11-01,1378.0,1848.0,1199.0,1163.0,73.63,84.03,142.1,100.5,2024,11,4,4,1388.0,1445.0,1814.0,1977.0,1853.0,1921.0,1204.0,1238.0,1182.0,1249.0,1405.5714285714287,1520.7857142857142,1754.1333333333334,73.25,74.68,84.06,84.06,146.6,146.6,101.4,101.4,1051.0
2024-11-04,1374.0,1849.0,1195.0,1154.0,74.89,84.11,142.1,100.5,2024,11,4,0,1378.0,1417.0,1766.0,1999.0,1848.0,1859.0,1199.0,1216.0,1163.0,1245.0,1396.0,1489.642857142857,1734.1666666666667,73.63,74.27,84.03,84.05,142.1,146.6,100.5,101.4,1071.0
2024-11-05,1405.0,1967.0,1191.0,1136.0,76.98,84.1,142.1,100.5,2024,11,4,1,1374.0,1410.0,1676.0,2014.0,1849.0,1856.0,1195.0,1201.0,1154.0,1240.0,1389.857142857143,1461.642857142857,1713.3333333333333,74.89,75.62,84.11,84.06,142.1,146.6,100.5,101.4,1053.0
2024-11-06,1427.0,2060.0,1185.0,1118.0,76.52,84.31,142.1,100.5,2024,11,4,2,1405.0,1382.0,1594.0,2016.0,1967.0,1786.0,1191.0,1190.0,1136.0,1234.0,1389.142857142857,1442.2857142857142,1693.0333333333333,76.98,71.87,84.1,84.05,142.1,146.6,100.5,101.4,1028.0
2024-11-07,1451.0,2162.0,1178.0,1098.0,75.73,84.37,142.1,100.5,2024,11,4,3,1427.0,1402.0,1576.0,2091.0,2060.0,1859.0,1185.0,1195.0,1118.0,1221.0,1395.5714285714287,1430.357142857143,1673.4,76.52,71.09,84.31,84.04,142.1,146.6,100.5,101.4,976.0
2024-11-08,1495.0,2316.0,1176.0,1079.0,74.04,84.34,142.1,100.5,2024,11,4,4,1451.0,1395.0,1546.0,2110.0,2162.0,1846.0,1178.0,1202.0,1098.0,1207.0,1402.5714285714287,1421.4285714285713,1652.0666666666666,75.73,73.21,84.37,84.07,142.1,146.6,100.5,101.4,990.0
2024-11-11,1558.0,2517.0,1182.0,1064.0,72.19,84.37,142.1,100.5,2024,11,4,0,1495.0,1388.0,1480.0,2084.0,2316.0,1853.0,1176.0,1204.0,1079.0,1182.0,1416.857142857143,1417.7857142857142,1631.5666666666666,74.04,73.25,84.34,84.06,142.1,146.6,100.5,101.4,994.0
2024-11-12,1634.0,2753.0,1194.0,1051.0,72.56,84.38,142.1,100.5,2024,11,4,1,1558.0,1378.0,1445.0,2030.0,2517.0,1848.0,1182.0,1199.0,1064.0,1163.0,1441.142857142857,1423.357142857143,1614.0333333333333,72.19,73.63,84.37,84.03,142.1,142.1,100.5,100.5,997.0
2024-11-13,1630.0,2746.0,1208.0,1036.0,72.86,84.39,142.1,100.5,2024,11,4,2,1634.0,1374.0,1417.0,1978.0,2753.0,1849.0,1194.0,1195.0,1051.0,1154.0,1477.7142857142858,1436.857142857143,1600.8333333333333,72.56,74.89,84.38,84.11,142.1,142.1,100.5,100.5,1004.1111111111112
2024-11-14,1692.0,2936.0,1213.0,1029.0,73.39,84.42,142.1,100.5,2024,11,4,3,1630.0,1405.0,1410.0,1941.0,2746.0,1967.0,1208.0,1191.0,1036.0,1136.0,1514.2857142857142,1452.0714285714287,1589.2333333333333,72.86,76.98,84.39,84.1,142.1,142.1,100.5,100.5,1007.6666666666666
2024-11-15,1785.0,3229.0,1212.0,1019.0,73.45,84.41,142.1,100.5,2024,11,4,4,1692.0,1427.0,1382.0,1928.0,2936.0,2060.0,1213.0,1185.0,1029.0,1118.0,1555.2857142857142,1472.2142857142858,1580.9333333333334,73.39,76.52,84.42,84.31,142.1,142.1,100.5,100.5,1018.3333333333334
2024-11-18,1756.0,3162.0,1202.0,1009.0,74.35,84.37,142.1,100.5,2024,11,4,0,1785.0,1451.0,1402.0,1907.0,3229.0,2162.0,1212.0,1178.0,1019.0,1098.0,1606.4285714285713,1501.0,1576.1666666666667,73.45,75.73,84.41,84.37,142.1,142.1,100.5,100.5,1021.8888888888888
2024-11-19,1627.0,2808.0,1171.0,999.0,74.32,84.36,142.1,100.5,2024,11,4,1,1756.0,1495.0,1395.0,1860.0,3162.0,2316.0,1202.0,1176.0,1009.0,1079.0,1650.0,1526.2857142857142,1571.1333333333334,74.35,74.04,84.37,84.34,142.1,142.1,100.5,100.5,1029.0
2024-11-20,1616.0,2810.0,1138.0,992.0,74.33,84.41,142.1,100.5,2024,11,4,2,1627.0,1558.0,1388.0,1799.0,2808.0,2517.0,1171.0,1182.0,999.0,1064.0,1668.857142857143,1542.857142857143,1563.3666666666666,74.32,72.19,84.36,84.37,142.1,142.1,100.5,100.5,1072.0
2024-11-21,1576.0,2724.0,1106.0,987.0,75.09,84.48,142.1,100.5,2024,11,4,3,1616.0,1634.0,1378.0,1790.0,2810.0,2753.0,1138.0,1194.0,992.0,1051.0,1677.142857142857,1559.142857142857,1557.2666666666667,74.33,72.56,84.41,84.38,142.1,142.1,100.5,100.5,1043.0
2024-11-22,1537.0,2626.0,1083.0,984.0,76.1,84.44,142.1,100.5,2024,11,4,4,1576.0,1630.0,1374.0,1809.0,2724.0,2746.0,1106.0,1208.0,987.0,1036.0,1668.857142857143,1573.2857142857142,1550.1333333333334,75.09,72.86,84.48,84.39,142.1,142.1,100.5,100.5,1015.0
2024-11-25,1529.0,2613.0,1068.0,984.0,74.27,84.24,142.1,100.5,2024,11,4,0,1537.0,1692.0,1405.0,1814.0,2626.0,2936.0,1083.0,1213.0,984.0,1029.0,1655.5714285714287,1584.9285714285713,1541.0666666666666,76.1,73.39,84.44,84.42,142.1,142.1,100.5,100.5,966.0
2024-11-26,1581.0,2779.0,1056.0,985.0,74.56,84.27,142.1,100.5,2024,11,4,1,1529.0,1785.0,1427.0,1766.0,2613.0,3229.0,1068.0,1212.0,984.0,1019.0,1632.2857142857142,1593.7857142857142,1531.5666666666666,74.27,73.45,84.24,84.41,142.1,142.1,100.5,100.5,969.0
2024-11-27,1509.0,2569.0,1044.0,988.0,73.91,84.41,142.1,100.5,2024,11,4,2,1581.0,1756.0,1451.0,1676.0,2779.0,3162.0,1056.0,1202.0,985.0,1009.0,1603.142857142857,1604.7857142857142,1525.4,74.56,74.35,84.27,84.37,142.1,142.1,100.5,100.5,1048.0
2024-11-28,1419.0,2312.0,1028.0,989.0,73.92,84.445,142.1,100.5,2024,11,4,3,1509.0,1627.0,1495.0,1594.0,2569.0,2808.0,1044.0,1171.0,988.0,999.0,1567.857142857143,1608.9285714285713,1519.8333333333333,73.91,74.32,84.41,84.36,142.1,142.1,100.5,100.5,1093.0
2024-11-29,1354.0,2133.0,1018.0,980.0,74.16,84.48,142.1,100.5,2024,11,4,4,1419.0,1616.0,1558.0,1576.0,2312.0,2810.0,1028.0,1138.0,989.0,992.0,1538.142857142857,1603.5,1514.0,73.92,74.33,84.445,84.41,142.1,142.1,100.5,100.5,1080.0
2024-12-02,1298.0,1973.0,1009.0,979.0,72.81,84.74,129.8,102.2,2024,12,4,0,1354.0,1576.0,1634.0,1546.0,2133.0,2724.0,1018.0,1106.0,980.0,987.0,1500.7142857142858,1588.9285714285713,1506.6,74.16,75.09,84.48,84.48,142.1,142.1,100.5,100.5,1063.0
2024-12-03,1237.0,1792.0,1005.0,979.0,74.8,84.68,129.8,102.2,2024,12,4,1,1298.0,1537.0,1630.0,1480.0,1973.0,2626.0,1009.0,1083.0,979.0,984.0,1461.0,1564.9285714285713,1498.3333333333333,72.81,76.1,84.74,84.44,129.8,142.1,102.2,100.5,1023.0
2024-12-04,1180.0,1609.0,1014.0,982.0,74.68,84.69,129.8,102.2,2024,12,4,2,1237.0,1529.0,1692.0,1445.0,1792.0,2613.0,1005.0,1068.0,979.0,984.0,1418.142857142857,1536.857142857143,1490.2333333333333,74.8,74.27,84.68,84.24,129.8,142.1,102.2,100.5,987.0
2024-12-05,1160.0,1530.0,1040.0,979.0,73.78,84.68,129.8,102.2,2024,12,4,3,1180.0,1581.0,1785.0,1417.0,1609.0,2779.0,1014.0,1056.0,982.0,985.0,1368.2857142857142,1500.2857142857142,1481.4,74.68,74.56,84.69,84.27,129.8,142.1,102.2,100.5,957.0
2024-12-06,1167.0,1535.0,1067.0,974.0,73.78,84.67,129.8,102.2,2024,12,4,4,1160.0,1509.0,1756.0,1410.0,1530.0,2569.0,1040.0,1044.0,979.0,988.0,1308.142857142857,1455.642857142857,1472.8333333333333,73.78,73.91,84.68,84.41,129.8,142.1,102.2,100.5,928.0
2024-12-09,1168.0,1532.0,1079.0,971.0,73.73,84.72,129.8,102.2,2024,12,4,0,1167.0,1419.0,1627.0,1382.0,1535.0,2312.0,1067.0,1028.0,974.0,989.0,1259.2857142857142,1413.5714285714287,1464.7333333333333,73.78,73.92,84.67,84.445,129.8,142.1,102.2,100.5,893.0
2024-12-10,1156.0,1503.0,1077.0,967.0,73.64,84.84,129.8,102.2,2024,12,4,1,1168.0,1354.0,1616.0,1402.0,1532.0,2133.0,1079.0,1018.0,971.0,980.0,1223.4285714285713,1380.7857142857142,1457.6,73.73,74.16,84.72,84.48,129.8,142.1,102.2,100.5,824.0
2024-12-11,1106.0,1377.0,1053.0,962.0,74.38,84.8,129.8,102.2,2024,12,4,2,1156.0,1298.0,1576.0,1395.0,1503.0,1973.0,1077.0,1009.0,967.0,979.0,1195.142857142857,1347.9285714285713,1449.4,73.64,72.81,84.84,84.74,129.8,129.8,102.2,102.2,778.0
2024-12-12,1055.0,1252.0,1021.0,961.0,73.52,84.84,129.8,102.2,2024,12,4,3,1106.0,1237.0,1537.0,1388.0,1377.0,1792.0,1053.0,1005.0,962.0,979.0,1167.7142857142858,1314.357142857143,1439.7666666666667,74.38,74.8,84.8,84.68,129.8,129.8,102.2,102.2,761.0
2024-12-13,1051.0,1263.0,995.0,959.0,74.89,84.78,129.8,102.2,2024,12,4,4,1055.0,1180.0,1529.0,1378.0,1252.0,1609.0,1021.0,1014.0,961.0,982.0,1141.7142857142858,1279.9285714285713,1428.6666666666667,73.52,74.68,84.84,84.69,129.8,129.8,102.2,102.2,746.0
2024-12-16,1071.0,1340.0,977.0,955.0,74.3,84.89,129.8,102.2,2024,12,4,0,1051.0,1160.0,1581.0,1374.0,1263.0,1530.0,995.0,1040.0,959.0,979.0,1123.2857142857142,1245.7857142857142,1417.7666666666667,74.89,73.78,84.78,84.68,129.8,129.8,102.2,102.2,726.0
2024-12-17,1053.0,1308.0,959.0,949.0,73.16,84.91,129.8,102.2,2024,12,4,1,1071.0,1167.0,1509.0,1405.0,1340.0,1535.0,977.0,1067.0,955.0,974.0,1110.5714285714287,1209.357142857143,1407.6666666666667,74.3,73.78,84.89,84.67,129.8,129.8,102.2,102.2,715.0
2024-12-18,1028.0,1237.0,957.0,947.0,74.57,84.95,129.8,102.2,2024,12,4,2,1053.0,1168.0,1419.0,1427.0,1308.0,1532.0,959.0,1079.0,949.0,971.0,1094.2857142857142,1176.7857142857142,1395.9333333333334,73.16,73.73,84.91,84.72,129.8,129.8,102.2,102.2,735.0
2024-12-19,976.0,1079.0,964.0,944.0,73.75,85.09,129.8,102.2,2024,12,4,3,1028.0,1156.0,1354.0,1451.0,1237.0,1503.0,957.0,1077.0,947.0,967.0,1074.2857142857142,1148.857142857143,1382.6333333333334,74.57,73.64,84.95,84.84,129.8,129.8,102.2,102.2,738.0
2024-12-20,990.0,1115.0,976.0,940.0,73.19,85.02,129.8,102.2,2024,12,4,4,976.0,1106.0,1298.0,1495.0,1079.0,1377.0,964.0,1053.0,944.0,962.0,1048.5714285714287,1121.857142857143,1366.8,73.75,74.38,85.09,84.8,129.8,129.8,102.2,102.2,753.0
2024-12-23,994.0,1132.0,980.0,932.0,72.12,85.1,129.8,102.2,2024,12,4,0,990.0,1055.0,1237.0,1558.0,1115.0,1252.0,976.0,1021.0,940.0,961.0,1032.0,1099.857142857143,1349.9666666666667,73.19,73.52,85.02,84.84,129.8,129.8,102.2,102.2,771.0
2024-12-24,997.0,1147.0,988.0,923.0,73.5,85.14,129.8,102.2,2024,12,4,1,994.0,1051.0,1180.0,1634.0,1132.0,1263.0,980.0,995.0,932.0,959.0,1023.2857142857143,1082.5,1331.1666666666667,72.12,74.89,85.1,84.78,129.8,129.8,102.2,102.2,793.0
2024-12-26,1004.1111111111112,1172.3333333333333,990.6666666666666,917.6666666666666,73.67999999999999,85.25,129.8,102.2,2024,12,4,3,997.0,1071.0,1160.0,1630.0,1147.0,1340.0,988.0,977.0,923.0,955.0,1015.5714285714286,1069.4285714285713,1309.9333333333334,73.5,74.3,85.14,84.89,129.8,129.8,102.2,102.2,815.0
2024-12-27,1007.6666666666666,1185.0,992.0,915.0,73.77,85.53,129.8,102.2,2024,12,4,4,1004.1111111111112,1053.0,1167.0,1692.0,1172.3333333333333,1308.0,990.6666666666666,959.0,917.6666666666666,949.0,1006.015873015873,1058.2936507936508,1289.0703703703703,73.67999999999999,73.16,85.25,84.91,129.8,129.8,102.2,102.2,809.0
2024-12-30,1018.3333333333334,1223.0,996.0,907.0,74.24,85.47,129.8,102.2,2024,12,4,0,1007.6666666666666,1028.0,1168.0,1785.0,1185.0,1237.0,992.0,957.0,915.0,947.0,999.5396825396825,1046.9126984126983,1266.2592592592591,73.77,74.57,85.53,84.95,129.8,129.8,102.2,102.2,801.0
2024-12-31,1021.8888888888888,1235.6666666666667,997.3333333333334,904.3333333333334,74.58,85.55,129.8,102.2,2024,12,4,1,1018.3333333333334,976.0,1156.0,1756.0,1223.0,1079.0,996.0,964.0,907.0,944.0,998.1587301587302,1036.2222222222222,1240.7037037037037,74.24,73.75,85.47,85.09,129.8,129.8,102.2,102.2,776.0
2025-01-02,1029.0,1261.0,1000.0,899.0,76.14,85.75,118.6,99.6,2025,1,1,3,1021.8888888888888,990.0,1106.0,1627.0,1235.6666666666667,1115.0,997.3333333333334,976.0,904.3333333333334,940.0,1004.7142857142857,1026.642857142857,1216.2333333333333,74.58,73.19,85.55,85.02,129.8,129.8,102.2,102.2,780.0
2025-01-03,1072.0,1375.0,1040.0,884.0,76.72,85.75,118.6,99.6,2025,1,1,4,1029.0,994.0,1055.0,1616.0,1261.0,1132.0,1000.0,980.0,899.0,932.0,1010.2857142857143,1021.1428571428571,1196.3,76.14,72.12,85.75,85.1,118.6,129.8,99.6,102.2,792.0
2025-01-06,1043.0,1290.0,1061.0,867.0,77.27,85.7,118.6,99.6,2025,1,1,0,1072.0,997.0,1051.0,1576.0,1375.0,1147.0,1040.0,988.0,884.0,923.0,1021.4285714285714,1022.3571428571429,1178.1666666666667,76.72,73.5,85.75,85.14,118.6,129.8,99.6,102.2,806.0
2025-01-07,1015.0,1218.0,1061.0,856.0,77.84,85.74,118.6,99.6,2025,1,1,1,1043.0,1004.1111111111112,1071.0,1537.0,1290.0,1172.3333333333333,1061.0,990.6666666666666,867.0,917.6666666666666,1028.0,1021.7857142857143,1160.4,77.27,73.67999999999999,85.7,85.25,118.6,129.8,99.6,102.2,841.0
2025-01-08,966.0,1100.0,1037.0,846.0,77.37,85.89,118.6,99.6,2025,1,1,2,1015.0,1007.6666666666666,1053.0,1529.0,1218.0,1185.0,1061.0,992.0,856.0,915.0,1029.5555555555554,1017.7857142857143,1143.0,77.84,73.77,85.74,85.53,118.6,129.8,99.6,102.2,904.0
2025-01-09,969.0,1164.0,992.0,830.0,78.44,85.87,118.6,99.6,2025,1,1,3,966.0,1018.3333333333334,1028.0,1581.0,1100.0,1223.0,1037.0,996.0,846.0,907.0,1023.6031746031747,1011.5714285714286,1124.2333333333333,77.37,74.24,85.89,85.47,118.6,129.8,99.6,102.2,941.0
2025-01-10,1048.0,1448.0,953.0,819.0,79.76,85.96,118.6,99.6,2025,1,1,4,969.0,1021.8888888888888,976.0,1509.0,1164.0,1235.6666666666667,992.0,997.3333333333334,830.0,904.3333333333334,1016.5555555555555,1007.3571428571429,1103.8333333333333,78.44,74.58,85.87,85.55,118.6,129.8,99.6,102.2,981.0
2025-01-13,1093.0,1615.0,926.0,809.0,82.69,86.69,118.6,99.6,2025,1,1,0,1048.0,1029.0,990.0,1419.0,1448.0,1261.0,953.0,1000.0,819.0,899.0,1020.2857142857143,1012.5,1088.4666666666667,79.76,76.14,85.96,85.75,118.6,118.6,99.6,99.6,1002.0
2025-01-14,1080.0,1604.0,906.0,798.0,82.39,86.63,118.6,99.6,2025,1,1,1,1093.0,1072.0,994.0,1354.0,1615.0,1375.0,926.0,1040.0,809.0,884.0,1029.4285714285713,1019.8571428571429,1077.6,82.69,76.72,86.69,85.75,118.6,118.6,99.6,99.6,1039.0
2025-01-15,1063.0,1581.0,894.0,783.0,83.48,86.37,118.6,99.6,2025,1,1,2,1080.0,1043.0,997.0,1298.0,1604.0,1290.0,906.0,1061.0,798.0,867.0,1030.5714285714287,1026.0,1068.4666666666667,82.39,77.27,86.63,85.7,118.6,118.6,99.6,99.6,1112.0
2025-01-16,1023.0,1482.0,896.0,765.0,82.39,86.57,118.6,99.6,2025,1,1,3,1063.0,1015.0,1004.1111111111112,1237.0,1581.0,1218.0,894.0,1061.0,783.0,856.0,1033.4285714285713,1030.7142857142858,1060.6333333333334,83.48,77.84,86.37,85.74,118.6,118.6,99.6,99.6,1159.0
2025-01-17,987.0,1393.0,897.0,747.0,83.02,86.55,118.6,99.6,2025,1,1,4,1023.0,966.0,1007.6666666666666,1180.0,1482.0,1100.0,896.0,1037.0,765.0,846.0,1034.5714285714287,1032.063492063492,1053.5,82.39,77.37,86.57,85.89,118.6,118.6,99.6,99.6,1229.0
2025-01-20,957.0,1327.0,893.0,727.0,81.68,86.57249999999999,118.6,99.6,2025,1,1,0,987.0,969.0,1018.3333333333334,1160.0,1393.0,1164.0,897.0,992.0,747.0,830.0,1037.5714285714287,1030.5873015873017,1047.0666666666666,83.02,78.44,86.55,85.87,118.6,118.6,99.6,99.6,1276.0
2025-01-21,928.0,1284.0,874.0,703.0,80.57,86.58,118.6,99.6,2025,1,1,1,957.0,1048.0,1021.8888888888888,1167.0,1327.0,1448.0,893.0,953.0,727.0,819.0,1035.857142857143,1026.2063492063492,1040.3,81.68,79.76,86.57249999999999,85.96,118.6,118.6,99.6,99.6,1262.0
2025-01-22,893.0,1236.0,843.0,674.0,80.0,86.34,118.6,99.6,2025,1,1,2,928.0,1093.0,1029.0,1168.0,1284.0,1615.0,874.0,926.0,703.0,809.0,1018.7142857142857,1019.5,1032.3333333333333,80.57,82.69,86.58,86.69,118.6,118.6,99.6,99.6,1228.0
2025-01-23,824.0,1081.0,804.0,654.0,78.62,86.42,118.6,99.6,2025,1,1,3,893.0,1080.0,1072.0,1156.0,1236.0,1604.0,843.0,906.0,674.0,798.0,990.1428571428571,1009.7857142857143,1023.1666666666666,80.0,82.39,86.34,86.63,118.6,118.6,99.6,99.6,1286.0
2025-01-24,778.0,983.0,774.0,639.0,78.71,86.2,118.6,99.6,2025,1,1,4,824.0,1063.0,1043.0,1106.0,1081.0,1581.0,804.0,894.0,654.0,783.0,953.5714285714286,992.0714285714286,1012.1,78.62,83.48,86.42,86.37,118.6,118.6,99.6,99.6,1400.0
2025-01-27,761.0,958.0,759.0,629.0,77.3,86.34,118.6,99.6,2025,1,1,0,778.0,1023.0,1015.0,1055.0,983.0,1482.0,774.0,896.0,639.0,765.0,912.8571428571429,973.1428571428571,1001.1666666666666,78.71,82.39,86.2,86.57,118.6,118.6,99.6,99.6,1424.0
2025-01-28,746.0,931.0,748.0,619.0,78.01,86.52,118.6,99.6,2025,1,1,1,761.0,987.0,966.0,1051.0,958.0,1393.0,759.0,897.0,629.0,747.0,875.4285714285714,955.0,991.3666666666667,77.3,83.02,86.34,86.55,118.6,118.6,99.6,99.6,1436.0
2025-01-29,726.0,876.0,751.0,612.0,77.02,86.61,118.6,99.6,2025,1,1,2,746.0,957.0,969.0,1071.0,931.0,1327.0,748.0,893.0,619.0,727.0,841.0,939.2857142857143,981.2,78.01,81.68,86.52,86.57249999999999,118.6,118.6,99.6,99.6,1559.0
2025-01-30,715.0,841.0,767.0,605.0,77.42,86.55,118.6,99.6,2025,1,1,3,726.0,928.0,1048.0,1053.0,876.0,1284.0,751.0,874.0,612.0,703.0,808.0,921.9285714285714,969.7,77.02,80.57,86.61,86.58,118.6,118.6,99.6,99.6,1650.0
2025-01-31,735.0,874.0,800.0,603.0,77.11,86.54,118.6,99.6,2025,1,1,4,715.0,893.0,1093.0,1028.0,841.0,1236.0,767.0,843.0,605.0,674.0,777.5714285714286,898.1428571428571,958.4333333333333,77.42,80.0,86.55,86.34,118.6,118.6,99.6,99.6,1669.0
2025-02-03,738.0,861.0,830.0,602.0,76.49,87.19,106.9,105.1,2025,2,1,0,735.0,824.0,1080.0,976.0,874.0,1081.0,800.0,804.0,603.0,654.0,755.0,872.5714285714286,948.6666666666666,77.11,78.62,86.54,86.42,118.6,118.6,99.6,99.6,1658.0
2025-02-04,753.0,844.0,901.0,605.0,76.58,87.06,106.9,105.1,2025,2,1,1,738.0,778.0,1063.0,990.0,861.0,983.0,830.0,774.0,602.0,639.0,742.7142857142857,848.1428571428571,940.7333333333333,76.49,78.71,87.19,86.2,106.9,118.6,105.1,99.6,1650.0
2025-02-05,771.0,812.0,988.0,619.0,74.71,87.08,106.9,105.1,2025,2,1,2,753.0,761.0,1023.0,994.0,844.0,958.0,901.0,759.0,605.0,629.0,739.1428571428571,826.0,932.8333333333334,76.58,77.3,87.06,86.34,106.9,118.6,105.1,99.6,1637.0
2025-02-06,793.0,812.0,1029.0,649.0,74.54,87.57,106.9,105.1,2025,2,1,3,771.0,746.0,987.0,997.0,812.0,931.0,988.0,748.0,619.0,619.0,740.5714285714286,808.0,925.4,74.71,78.01,87.08,86.52,106.9,118.6,105.1,99.6,1635.0
